GEOID,NAME,inc_n,fem_n,sexf_n,inc_pct,gi_z,gi,lisa,lisa_sig,streetlight_n,poor_pave_ft,street_ft,sidewalk_n,dist_subway_km,vacant_n,aband_n,poverty_rate,renter_share,vacancy_rate,female_pop,total_pop
36005037600,Census Tract 376; Bronx County; New York,88,28,0,4.160756501182033,1.1704984882470337,Not significant,Not significant,Not significant,31,6356.679311374799,45870.0695761326,12,0.3923850113982767,2,1,0.23782505910165486,0.6571056062581486,0.050742574257425746,951,2115
36005023502,Census Tract 235.02; Bronx County; New York,270,99,0,6.013363028953229,2.208487382622502,Hot 95%,High-High,p <= 0.05,21,35215.33079578167,83808.69812519648,2,0.17793740367023303,4,0,0.3070626753975678,0.9553728714034058,0.01787773933102653,2806,4490
36005006400,Census Tract 64; Bronx County; New York,194,71,0,4.625655698617072,2.7151833831944137,Hot 95%,High-High,p <= 0.05,63,5284.225221037895,47490.66506460623,14,0.41979495367597813,4,12,0.41218549580661074,0.8348157560355781,0.052948255114320095,2173,4194
36005039100,Census Tract 391; Bronx County; New York,488,208,0,8.038214462197331,3.672135643178259,Hot 95%,High-High,p <= 0.05,110,11106.636274784403,117457.38110587928,88,1.1944714313114677,10,15,0.3361441798941799,0.9510905485789821,0.043010752688172046,2506,6071
36005038000,Census Tract 380; Bronx County; New York,321,141,0,6.390603225164244,0.31111539735906457,Not significant,Not significant,Not significant,55,19858.903942644836,97504.7218256505,9,0.3247169421399833,10,10,0.44934010152284265,0.7000946073793756,0.07966913365259033,2979,5023
36005008900,Census Tract 89; Bronx County; New York,382,199,82,12.953543574092913,5.527017101943571,Hot 99%,High-High,p <= 0.001,55,10274.859238598508,43831.70423116174,23,0.3464950670920099,3,0,0.2583076396026036,0.9494799405646359,0.054775280898876406,1598,2949
36005022401,Census Tract 224.01; Bronx County; New York,163,77,0,6.6995478832716815,1.6335592585776753,Not significant,Not significant,Not significant,66,6596.234236506669,26167.0535155783,9,0.2546836850413428,1,1,0.23057953144266338,0.7937823834196891,0.09813084112149532,1299,2433
36005038200,Census Tract 382; Bronx County; New York,131,62,0,4.41970310391363,0.6062989798571577,Not significant,Not significant,Not significant,77,2566.1177667686616,55421.65995894517,7,0.9626838022791858,19,7,0.16547497446373852,0.4963805584281282,0.025201612903225805,1727,2964
36005022701,Census Tract 227.01; Bronx County; New York,240,107,0,4.856333468231485,0.9889591280279937,Not significant,Not significant,Not significant,62,10658.631980678349,44152.41466475096,9,0.1275789775217067,1,1,0.2873051224944321,0.9837037037037037,0,2832,4942
36005019500,Census Tract 195; Bronx County; New York,494,168,0,6.384078573274748,5.103541715987257,Hot 99%,High-High,p <= 0.01,88,15245.778268930988,100172.33460383858,24,0.38986096269402143,2,1,0.3974560525939688,0.9929707732149463,0,3497,7738
36005026500,Census Tract 265; Bronx County; New York,400,145,0,5.7920648711265565,3.8501547356843178,Hot 99%,High-High,p <= 0.01,78,15142.943593123931,80619.92649393636,60,0.3141093613505787,3,2,0.15155078641775688,0.9610270518110958,0.046765734265734264,3487,6906
36005031200,Census Tract 312; Bronx County; New York,93,37,0,6.245802552048355,0.1658346714719379,Not significant,Not significant,Not significant,111,14520.210178217465,97830.1014178457,19,0.8944065052045665,1,0,0.11601085481682497,0.45864661654135336,0.08747855917667238,818,1489
36005021200,Census Tract 212; Bronx County; New York,59,23,0,1.1086057872980082,0.6240549991447862,Not significant,Not significant,Not significant,46,5579.56094519508,11891.000002617142,5,0.3571349972775483,0,0,0.21195860482943657,0.6490322580645161,0.06813627254509018,2559,5322
36005020100,Census Tract 201; Bronx County; New York,319,129,0,8.296488946684006,2.024592970986526,Not significant,Not significant,Not significant,119,11302.222498699859,57640.673812164794,21,0.8033446922928269,17,0,0.4455136540962289,1,0.040273037542662114,2267,3845
36005021502,Census Tract 215.02; Bronx County; New York,379,149,0,6.078588612670409,1.205344330862692,Not significant,Not significant,Not significant,76,17180.52728448578,59025.65156328329,16,0.41591708405900746,3,0,0.4673048839850722,0.966838931955211,0.011914893617021277,3091,6235
36005028800,Census Tract 288; Bronx County; New York,127,45,0,4.905368868288915,0.0341220209449802,Not significant,Not significant,Not significant,145,16389.43294815358,145344.87466247746,31,0.6170268293100901,16,1,0.09192738509076864,0.4894837476099426,0.028783658310120707,1455,2589
36005039200,Census Tract 392; Bronx County; New York,196,82,0,12.327044025157234,1.1213047017837412,Not significant,Not significant,Not significant,54,7538.69406452913,44962.57233492502,8,0.1894921458808911,6,12,0.1926489226869455,0.6987381703470031,0.11944444444444445,779,1590
36005026601,Census Tract 266.01; Bronx County; New York,134,50,0,4.16925948973242,0.98238138743267,Not significant,Not significant,Not significant,133,3738.408551805711,62901.711355234314,22,0.15160537007476582,8,0,0.3074051026757934,0.8614285714285714,0.0364762560220234,1705,3214
36005039800,Census Tract 398; Bronx County; New York,107,47,0,3.022598870056497,0.7338523625807695,Not significant,Not significant,Not significant,30,747.0213877291944,63643.87355724382,10,0.7836613627402579,12,5,0.47666476949345477,0.5811350919264588,0.09347826086956522,1673,3540
36005002701,Census Tract 27.01; Bronx County; New York,132,43,0,4.243008678881389,3.3472746015106756,Hot 99%,Low-High,p <= 0.01,12,3802.4028789156805,33680.966496818044,15,0.2015018835068585,1,1,0.4674018812844632,0.9757727652464494,0.025244299674267102,1598,3111
36005036902,Census Tract 369.02; Bronx County; New York,91,48,0,3.634185303514377,1.8001789549771758,Hot 95%,Low-High,p <= 0.05,8,1631.8379798612182,16344.016396675988,2,0.7332118251357549,2,0,0.3761980830670926,0.9658823529411765,0.02186421173762946,1487,2504
36005016900,Census Tract 169; Bronx County; New York,172,79,0,8.847736625514404,1.006316685165491,Not significant,Not significant,Not significant,37,9427.662642650395,47717.317907123834,10,0.9173175274644293,4,0,0.5199579831932774,0.8945634266886326,0.04409448818897638,954,1944
36047005000,Census Tract 50; Kings County; New York,42,16,0,1.6380655226209049,-1.5151293559151682,Cold 95%,Low-Low,p <= 0.05,53,2827.7561775052163,73691.26157545003,15,0.772467200986975,0,1,0.10257410296411856,0.4546304957904584,0.063922942206655,1326,2564
36047005202,Census Tract 52.02; Kings County; New York,35,6,0,1.3054830287206267,-1.3181342482979432,Not significant,Not significant,Not significant,40,4786.763652134856,38446.30806640405,13,0.7210075002369,1,0,0.03886397608370702,0.47593582887700536,0.08669108669108669,1274,2681
36047006000,Census Tract 60; Kings County; New York,86,25,0,3.0791263873970642,-1.2158922019087264,Not significant,Not significant,Not significant,39,3113.6577472463364,63418.54228351064,25,0.2801211847263304,2,0,0.03258145363408521,0.7048503611971104,0.12307692307692308,1493,2793
36047016900,Census Tract 169; Kings County; New York,59,25,0,1.2515910055154857,-1.6655233013617707,Cold 99%,Low-Low,p <= 0.01,113,5539.721912571569,76334.06436902733,73,0.19553977265831518,4,9,0.1480248557478917,0.6264339152119701,0.06700791065611912,2419,4714
36047022600,Census Tract 226; Kings County; New York,56,12,0,1.969057665260197,-1.3275014117918869,Not significant,Not significant,Not significant,37,14057.59325184533,60520.37636917573,19,0.6079660758749478,14,2,0.1111111111111111,0.565377532228361,0.20497803806734993,1402,2844
36047017600,Census Tract 176; Kings County; New York,52,12,0,2.3339317773788153,-1.477415419403278,Cold 95%,Low-Low,p <= 0.05,62,913.082510619728,48835.55299927751,17,0.8456917756051575,0,0,0.08662477558348294,0.5322195704057279,0.0989247311827957,1109,2228
36047018100,Census Tract 181; Kings County; New York,162,67,0,4.148527528809219,0.4240798616805694,Not significant,Not significant,Not significant,80,7486.078462871753,83141.95486859602,128,0.2280248167751601,1,10,0.07900154400411734,0.8053753475440223,0.10120783007080383,1852,3905
36047018501,Census Tract 185.01; Kings County; New York,119,56,0,2.5965524765437484,-0.8874616982529956,Not significant,Not significant,Not significant,39,17848.898032902835,37401.05700720944,11,0.7952193702982755,3,3,0.2299803622081606,0.8685282140779523,0.05601317957166392,2765,4583
36047019800,Census Tract 198; Kings County; New York,34,10,0,1.8650575973669774,-1.9808704455951163,Cold 99%,Low-Low,p <= 0.01,23,779.4268113604786,50851.262096805905,21,0.6565883768539348,0,4,0.13658804168952277,0.35384615384615387,0.12398921832884097,886,1823
36047008200,Census Tract 82; Kings County; New York,78,33,0,1.9573400250941029,-0.019991144164641733,Not significant,Not significant,Not significant,35,5159.739121373527,52290.91785464592,40,0.2862335038122525,3,2,0.30963187090267275,0.8130081300813008,0.07460815047021943,2161,3985
36047011400,Census Tract 114; Kings County; New York,91,34,0,2.4708118381754005,-1.3287801733810871,Not significant,Not significant,Not significant,22,2744.5373342854373,70250.79410826079,29,0.44694526389125455,4,1,0.17863720073664824,0.7858796296296297,0.2781954887218045,1990,3683
36047014800,Census Tract 148; Kings County; New York,21,7,0,1.70316301703163,-2.0098798066048174,Cold 99%,Low-Low,p <= 0.001,16,519.5405393437082,48809.71460236059,8,1.1041011823018503,3,0,0.07768595041322314,0.25307125307125306,0.11521739130434783,562,1233
36047000301,Census Tract 3.01; Kings County; New York,146,48,0,3.243723616974006,0.20384058424333884,Not significant,Not significant,Not significant,68,13731.377149073225,63231.804154150115,45,0.3811250575309715,2,6,0.051779197080291973,0.5095238095238095,0.10638297872340426,2277,4501
36047025500,Census Tract 255; Kings County; New York,78,23,0,1.5789473684210527,-0.5487670019544698,Not significant,Not significant,Not significant,44,17664.330896555814,55042.07043854841,9,0.34286788320325884,0,0,0.3220647773279352,0.9851816443594646,0.015065913370998116,3058,4940
36047025901,Census Tract 259.01; Kings County; New York,135,61,0,6.089309878213802,-0.9941682217772304,Not significant,Not significant,Not significant,44,1590.8668797459036,29112.771336142447,11,0.24261834191391798,6,13,0.21380243572395127,0.8701923076923077,0.03480278422273782,1011,2217
36047028502,Census Tract 285.02; Kings County; New York,58,22,0,1.8447837150127226,-0.21418331050866388,Not significant,Not significant,Not significant,11,1429.4481254426942,21152.862545854612,7,0.3123882520069781,0,0,0.5324427480916031,1,0.024650780608052588,1640,3144
36047030600,Census Tract 306; Kings County; New York,87,30,0,4.571728849185496,-1.1305590259334823,Not significant,Not significant,Not significant,27,3477.5535954778265,68752.54961550325,17,0.32603294936237937,22,0,0.13734812466983623,0.34523809523809523,0.058823529411764705,936,1903
36047032700,Census Tract 327; Kings County; New York,171,79,0,5.738255033557047,0.09005104346026982,Not significant,Not significant,Not significant,295,7192.748844241183,57093.0745645879,31,0.31865589695599955,5,1,0.13053691275167786,0.7985915492957747,0.05016722408026756,1651,2980
36047027700,Census Tract 277; Kings County; New York,190,95,0,4.415524052986289,-0.6446667861268345,Not significant,Not significant,Not significant,29,481.04949477292143,52149.78739374359,18,0.7873378898650162,2,10,0.2876808212785814,0.8542168674698796,0.13270637408568442,2394,4303
36047028400,Census Tract 284; Kings County; New York,148,41,0,4.0272108843537415,-1.136952344878307,Not significant,Not significant,Not significant,57,4565.182853416865,61233.93494963253,16,0.14042048759415313,5,1,0.211156462585034,0.8685121107266436,0.020338983050847456,1926,3675
36047036002,Census Tract 360.02; Kings County; New York,110,35,0,2.948271240954168,-0.3053151056517371,Not significant,Not significant,Not significant,25,984.215932144927,26387.22488023955,15,0.14034279259605983,0,2,0.2463768115942029,0.932364956876986,0.0076576576576576575,2528,3731
36047036300,Census Tract 363; Kings County; New York,234,93,0,4.30939226519337,1.2855301071552934,Not significant,Not significant,Not significant,57,13038.241740596735,125188.14931878762,14,0.8055012699479112,23,4,0.19447513812154696,0.7895486935866983,0.0775635407537248,3075,5430
36047034200,Census Tract 342; Kings County; New York,120,68,1,1.7999100044997751,0.06117860349979097,Not significant,Not significant,Not significant,16,7064.845010785714,76155.25166488363,13,1.3733099982379444,5,0,0.3397397094430993,0.9518278100444141,0.05489183080400387,4035,6667
36047040100,Census Tract 401; Kings County; New York,146,47,0,4.353011329755516,-0.14535488262126947,Not significant,Not significant,Not significant,95,3100.2095838408445,52355.93580571028,17,0.32285947597172854,12,9,0.2759032547028964,0.7955682630450321,0.07350993377483443,1729,3354
36047041500,Census Tract 415; Kings County; New York,143,54,0,3.3255813953488373,-0.10362058115223859,Not significant,Not significant,Not significant,32,1574.003930168173,66594.60392328579,20,0.6461643428494772,1,4,0.14674418604651163,0.7859308671922377,0.07825600894354388,2283,4300
36047045400,Census Tract 454; Kings County; New York,34,14,0,1.6385542168674698,-2.124611847416749,Cold 99%,Low-Low,p <= 0.001,17,13876.287653917201,71274.76403927429,11,0.4887380525517926,2,0,0.11662650602409638,0.5875706214689266,0.08919382504288165,902,2075
36047047400,Census Tract 474; Kings County; New York,40,10,0,1.2457178449081283,-1.8721372045075988,Cold 99%,Low-Low,p <= 0.001,48,1780.3694385345275,63076.93844455537,36,0.4716934321055259,6,1,0.24883213952039862,0.5816186556927297,0.1342042755344418,1469,3211
36047049200,Census Tract 492; Kings County; New York,89,18,0,2.857142857142857,-1.0494352170907917,Not significant,Not significant,Not significant,32,9359.387784187638,61858.27693062784,36,0.5347986960168792,4,1,0.17043253712072304,0.6192368839427663,0.07021433850702144,1646,3115
36047043200,Census Tract 432; Kings County; New York,134,45,0,3.458957150232318,-1.0900680059495953,Not significant,Not significant,Not significant,34,9600.750059786746,67385.52783358457,30,0.15832280794005224,0,0,0.14945792462570986,0.659217877094972,0.03569023569023569,2172,3874
36047050500,Census Tract 505; Kings County; New York,145,54,0,3.518563455471973,-0.1521880995528913,Not significant,Not significant,Not significant,47,12151.277654084375,73241.51199977979,17,0.4272626597136553,0,3,0.34433389953894683,0.905458089668616,0.009174311926605505,2274,4121
36047052300,Census Tract 523; Kings County; New York,198,70,0,3.899940909986212,1.618568120340973,Not significant,Not significant,Not significant,31,14151.61601687712,68193.14928742236,24,0.37753825732869095,2,1,0.26354146149300767,0.8218893050353725,0.02633711507293355,2903,5077
36047055800,Census Tract 558; Kings County; New York,79,30,0,3.682983682983683,-1.2072788532713743,Not significant,Not significant,Not significant,54,5281.187186143146,55405.52622844836,24,0.4857091560787786,3,1,0.16923076923076924,0.6904761904761905,0.12586719524281467,1116,2145
36047057400,Census Tract 574; Kings County; New York,48,17,0,1.8133736305251227,-1.8012711190510167,Cold 99%,Low-Low,p <= 0.01,54,496.29504362461233,56457.155384423946,18,1.0023584418039513,0,2,0.11522478277295051,0.33880903490759756,0.04975609756097561,1361,2647
36047058400,Census Tract 584; Kings County; New York,128,78,55,3.5674470457079153,-1.6643960561183488,Cold 99%,Low-Low,p <= 0.01,30,8151.988007692925,57640.1248175129,21,0.32445043743527907,7,3,0.15663322185061315,0.6194814295725298,0.08172458172458172,1905,3588
36047059100,Census Tract 591; Kings County; New York,118,46,0,2.98582995951417,-0.7307337997635597,Not significant,Not significant,Not significant,54,4928.811613786063,64273.14303309058,35,0.7162155512540872,1,2,0.05060728744939271,0.8371154815935451,0.059297912713472484,2308,3952
36047052800,Census Tract 528; Kings County; New York,40,12,0,2.2675736961451247,-1.7283834717803812,Cold 99%,Low-Low,p <= 0.01,28,25827.173373964135,70363.45682274514,14,0.1931371243080784,0,2,0.14965986394557823,0.3803680981595092,0.057803468208092484,883,1764
36047053200,Census Tract 532; Kings County; New York,83,36,0,3.6403508771929824,-1.7357932193768508,Cold 99%,Low-Low,p <= 0.01,37,1048.3887751611674,46896.82634457085,20,0.1386992964852832,3,2,0.17192982456140352,0.512114537444934,0.1669724770642202,1261,2280
36047062600,Census Tract 626; Kings County; New York,84,28,0,2.757715036112935,-1.3187071067955598,Cold 95%,Low-Low,p <= 0.05,59,16040.67270461654,107648.63431314939,16,1.7789019352110849,4,1,0.20026263952724885,0.3887468030690537,0.016764459346186086,1533,3046
36047066000,Census Tract 660; Kings County; New York,19,3,0,1.0036978341257263,-1.7548822380264701,Cold 99%,Low-Low,p <= 0.01,40,2583.8259064322165,44890.752279015156,13,2.509979549719969,2,0,0.07554146856840993,0.16358024691358025,0.06358381502890173,1020,1893
36047081800,Census Tract 818; Kings County; New York,197,79,0,4.246604871739599,0.37852508213642216,Not significant,Not significant,Not significant,29,7450.124815300691,54195.92137981647,15,0.28408277029130763,5,2,0.3233707865168539,0.7307286166842661,0.22089675030851502,2953,4639
36047084600,Census Tract 846; Kings County; New York,105,39,0,5.1521099116781155,-1.149837771569713,Not significant,Not significant,Not significant,45,8628.801605841203,72860.91280687321,9,1.7911314643415532,1,0,0.08243375858684986,0.3882896764252696,0.13925729442970822,1178,2038
36047086600,Census Tract 866; Kings County; New York,111,47,0,3.719839142091153,-0.8300730355267398,Not significant,Not significant,Not significant,66,16139.040412568907,83310.39199459927,13,0.9773445803786026,2,1,0.15646492434662998,0.7461969575660529,0.13022284122562675,1545,2984
36047073000,Census Tract 730; Kings County; New York,50,16,0,2.370791844476055,-2.168824718196508,Cold 99%,Low-Low,p <= 0.001,57,14249.108700046836,79760.33879039981,13,1.6740746262406843,9,7,0.027514231499051234,0.3076923076923077,0.07605985037406483,1161,2109
36047075400,Census Tract 754; Kings County; New York,27,11,0,2.7,-1.9834902372276053,Cold 99%,Low-Low,p <= 0.001,24,0,54122.58692612987,21,0.8507103262344652,0,0,0.015,0.17990654205607476,0.19245283018867926,462,1000
36047093400,Census Tract 934; Kings County; New York,85,36,0,3.9080459770114944,-0.9472940189977025,Not significant,Not significant,Not significant,31,14194.693038357682,75322.29025217319,8,1.410272194886715,8,2,0.1626704278326281,0.4875406283856988,0.14930875576036867,1293,2175
36047096600,Census Tract 966; Kings County; New York,62,27,0,3.2926181625066384,-1.4643247535960988,Cold 95%,Low-Low,p <= 0.05,24,28887.02199689106,91149.39905064665,13,0.676685617003465,9,1,0.1656930430164631,0.3503184713375796,0.24519230769230768,1149,1883
36047099800,Census Tract 998; Kings County; New York,73,27,0,2.1804062126642774,-1.7084172793770822,Cold 95%,Low-Low,p <= 0.05,74,41079.815406535745,130183.76520083362,15,1.9769197955689217,0,0,0.07616487455197132,0.5812917594654788,0.1654275092936803,1898,3348
36047107800,Census Tract 1078; Kings County; New York,209,87,0,5.624327233584499,2.0980670412027966,Hot 95%,High-High,p <= 0.05,123,28270.523479302643,178149.77517736098,10,1.0708581555103427,0,4,0.07404393816110659,0.39913633559531153,0.13361838588989844,2108,3716
36047087600,Census Tract 876; Kings County; New York,59,29,0,3.2814238042269186,-0.2706305263676739,Not significant,Not significant,Not significant,36,1664.021564365581,30754.627480127314,21,0.9472180591122511,1,2,0.21245828698553948,0.5608391608391609,0.13751507840772015,982,1798
36047088800,Census Tract 888; Kings County; New York,166,70,0,4.3880518107322235,-0.28877203153161435,Not significant,Not significant,Not significant,55,11747.361459169646,87949.79257022789,9,0.8492709339169882,9,0,0.17287866772402855,0.7418918918918919,0.0773067331670823,2440,3783
36047089800,Census Tract 898; Kings County; New York,154,84,0,6.649395509499136,0.8500170504183452,Not significant,Not significant,Not significant,43,1581.222006166233,65301.86308311677,7,0.26640946804398313,6,4,0.25172711571675305,0.6473755047106325,0.13704994192799072,1466,2316
36047113400,Census Tract 1134; Kings County; New York,172,86,0,6.577437858508604,1.902332457888143,Hot 95%,High-High,p <= 0.05,55,2717.2926454455524,57954.67505480516,24,0.2667839669043282,10,1,0.2688336520076482,0.9468779123951537,0.03507194244604316,1671,2615
36047116800,Census Tract 1168; Kings County; New York,172,55,0,6.463735437805337,0.1234183166891984,Not significant,Not significant,Not significant,33,7398.252486312144,68330.0545889432,11,0.2085569844244795,10,1,0.12340425531914893,0.8249336870026526,0.0893719806763285,1681,2661
36047061002,Census Tract 610.02; Kings County; New York,71,21,0,1.5119250425894377,-0.7648998844216701,Not significant,Not significant,Not significant,38,8915.838047943853,44500.301009311595,9,0.447414426173895,0,1,0.13798977853492334,0.5566112430720507,0.04245640636846096,2600,4696
36081004300,Census Tract 43; Queens County; New York,84,45,0,4.131824889326119,-0.10893829454326208,Not significant,Not significant,Not significant,29,7546.730386051464,63346.18378805931,19,0.8133513635557182,5,1,0.31037875061485487,1,0.12423979148566464,1322,2033
36081005400,Census Tract 54; Queens County; New York,201,75,0,3.763340198464707,-0.6425356798118931,Not significant,Not significant,Not significant,67,9505.89590911548,166750.1135217213,46,0.25666207384467127,21,2,0.11592550361079437,0.3181818181818182,0.06709608158883522,2685,5341
36081005900,Census Tract 59; Queens County; New York,144,56,0,3.4220532319391634,-0.3845174752280415,Not significant,Not significant,Not significant,56,7388.063567308204,63584.45844467078,298,0.27063501299606024,5,0,0.08935361216730038,0.9377368706009745,0.08835143139190524,2489,4208
36081015900,Census Tract 159; Queens County; New York,135,35,0,3.6496350364963503,-0.2757988337737618,Not significant,Not significant,Not significant,32,8222.62772477308,66005.55985810945,35,0.23232137602252279,5,0,0.09137604758042714,0.884256719692814,0.15090824406148112,1780,3699
36081008800,Census Tract 88; Queens County; New York,185,64,0,5.02854036422941,0.1234183166891984,Not significant,Not significant,Not significant,75,79437.84959870316,205070.50609099751,24,0.2806449439497859,48,2,0.049162318044493274,0.3777596075224857,0.0407843137254902,1890,3679
36081010400,Census Tract 104; Queens County; New York,143,38,0,3.8174052322477308,-0.011959600655544318,Not significant,Not significant,Not significant,33,786.1072120287578,72345.26864068488,16,0.33713993847313684,2,1,0.12578444747612552,0.37749546279491836,0.02907488986784141,1775,3746
36081012301,Census Tract 123.01; Queens County; New York,207,61,0,6.192043075082261,-0.8587452033637762,Not significant,Not significant,Not significant,96,22508.39208266345,249013.22662502373,48,1.0950308857619748,10,0,0.03756009615384615,0.6032329169728141,0.07162346521145975,1807,3343
36081014000,Census Tract 140; Queens County; New York,94,36,0,2.1320027217056023,-1.3098599521253202,Not significant,Not significant,Not significant,55,10824.526429569061,106398.94083470675,22,0.36692043251305745,12,0,0.04131476831773568,0.6434782608695652,0.0483768300445576,2041,4409
36081015300,Census Tract 153; Queens County; New York,95,32,0,5.216913783635365,-0.7922327521481582,Not significant,Not significant,Not significant,31,802.9909598829385,37528.27258054116,30,0.19824244906294725,11,8,0.13229571984435798,0.7923728813559322,0.1410373066424022,964,1821
36081001600,Census Tract 16; Queens County; New York,98,28,0,3.69811320754717,-1.0610059514586263,Not significant,Not significant,Not significant,30,182.11476987105289,59484.330691354015,17,0.5322010455216307,2,4,0.14452830188679244,0.37236842105263157,0.06748466257668712,1449,2650
36081003800,Census Tract 38; Queens County; New York,102,39,0,4.668192219679634,-1.1458996624284477,Not significant,Not significant,Not significant,39,6126.64492769991,95070.94421139533,25,0.5747582898854289,5,1,0.11675824175824176,0.5527065527065527,0.040983606557377046,1016,2185
36081033401,Census Tract 334.01; Queens County; New York,126,55,0,3.2077393075356415,-1.0631139157954248,Not significant,Not significant,Not significant,66,42164.35455137162,216598.3579954588,9,3.821478704090402,27,8,0.16726069246435846,0.5793598954931417,0,2494,3928
36081018900,Census Tract 189; Queens County; New York,97,44,0,3.1229877656149387,-1.0836746870047709,Not significant,Not significant,Not significant,25,6431.53601881514,95475.93429344785,42,0.5308516667860483,4,0,0.0912314635718891,0.6928675400291121,0.15653775322283608,1537,3106
36081023800,Census Tract 238; Queens County; New York,247,65,0,5.486450466459352,2.178142569642079,Hot 95%,High-High,p <= 0.05,29,5816.92592854205,60902.31806859957,22,0.1436683176249163,6,0,0.23225806451612904,0.9353988134475939,0.07273838630806846,2130,4502
36081026100,Census Tract 261; Queens County; New York,224,65,0,3.1219512195121952,0.036581710268144746,Not significant,Not significant,Not significant,69,12060.429831426272,92919.56080160297,36,0.26680486794889857,6,5,0.06051267684549657,0.8806270096463023,0.018153117600631413,3905,7175
36081027400,Census Tract 274; Queens County; New York,49,21,0,2.6189203634420095,-1.5327000779108815,Cold 95%,Low-Low,p <= 0.05,8,5734.862051066932,67893.9614222218,7,2.1805628815897933,4,4,0.18492784607161947,0.1689291101055807,0.03773584905660377,1027,1871
36081028000,Census Tract 280; Queens County; New York,38,19,0,2.21316249271986,-1.7549731762113239,Cold 95%,Low-Low,p <= 0.01,39,4906.724552336208,58643.18951446591,9,2.37295062556907,6,3,0.1322073383808969,0.45863309352517984,0.02112676056338028,868,1717
36081028700,Census Tract 287; Queens County; New York,297,80,0,4.624727499221426,3.0509508146315385,Hot 95%,High-High,p <= 0.05,52,7238.819601481159,67386.51064600633,43,0.48689792856170405,0,0,0.22999065711616318,0.6754152823920265,0.05017355632691701,3224,6422
36081051000,Census Tract 510; Queens County; New York,60,21,0,4.026845637583893,-1.6185823720550718,Cold 95%,Low-Low,p <= 0.05,27,8064.458837230099,94503.49399274868,8,2.5656827722326474,4,2,0.23087248322147652,0.2857142857142857,0.12320328542094455,836,1490
36081052100,Census Tract 521; Queens County; New York,54,16,0,2.933188484519283,-1.2996211472757955,Not significant,Not significant,Not significant,86,3251.7448480890653,54119.16855338991,9,1.4619271474522777,5,0,0.1732753938077132,0.4514200298953662,0.05907172995780591,1048,1841
36081053800,Census Tract 538; Queens County; New York,30,12,0,1.750291715285881,-1.3642736098676074,Not significant,Not significant,Not significant,23,10582.450479087074,84733.42793376696,11,3.555113281376508,4,4,0.05235294117647059,0.21462264150943397,0.09012875536480687,938,1714
36081041500,Census Tract 415; Queens County; New York,246,82,0,6.151537884471118,0.4473498272366358,Not significant,Not significant,Not significant,32,3501.3468725961025,63460.9114299327,20,0.5794487455836287,6,0,0.2345020325203252,0.6768060836501901,0,1787,3999
36081046300,Census Tract 463; Queens County; New York,503,336,263,12.512437810945274,1.0299584296177262,Not significant,Not significant,Not significant,68,7379.356085898525,61511.56108537008,14,0.586485807056718,5,0,0.12421738041572752,0.8160597572362278,0.12997562956945571,2053,4020
36081047900,Census Tract 479; Queens County; New York,164,47,0,2.7188328912466844,-0.3435181736383093,Not significant,Not significant,Not significant,182,17777.90564952327,139667.75731334928,38,0.5656497910305294,5,0,0.2111054680887083,0.6861506055818852,0.08127721335268505,3178,6032
36081050600,Census Tract 506; Queens County; New York,35,16,0,2.327127659574468,-2.076770229767481,Cold 99%,Low-Low,p <= 0.001,23,3430.084509456198,80564.16747198626,11,2.1798144447827945,3,1,0.12965425531914893,0.2533632286995516,0.1220472440944882,827,1504
36081060000,Census Tract 600; Queens County; New York,25,15,0,2.208480565371025,-1.8141469954022977,Cold 99%,Low-Low,p <= 0.001,24,1988.5692517385419,74057.61366752646,5,4.7035122296982195,1,1,0.06448763250883392,0.19955654101995565,0.06041666666666667,605,1132
36081061800,Census Tract 618; Queens County; New York,92,40,0,4.516445753559156,-1.6679829906849355,Cold 99%,Low-Low,p <= 0.01,60,5985.686248031011,97499.6671480468,12,5.6416037011028735,8,3,0.06921944035346098,0.2011251758087201,0.016597510373443983,1011,2037
36081062300,Census Tract 623; Queens County; New York,43,12,0,2.036949313121743,-1.522861320618223,Cold 95%,Low-Low,p <= 0.05,52,7297.248145635857,60803.00777377461,25,1.2390221599766618,4,0,0.177167219327333,0.6115515288788222,0,1010,2111
36081063301,Census Tract 633.01; Queens County; New York,38,17,0,2.398989898989899,-1.6532248547459476,Cold 99%,Low-Low,p <= 0.05,39,8203.020257060536,63963.23836707108,14,1.4866198993267017,6,3,0.02875399361022364,0.3742911153119093,0.11092436974789915,939,1584
36081064600,Census Tract 646; Queens County; New York,53,29,0,1.7230169050715214,-1.4490706409232845,Cold 95%,Low-Low,p <= 0.05,41,22182.804598535775,172823.39053541882,21,5.645217304360832,6,7,0.04778933680104031,0.16997167138810199,0.09487179487179487,1738,3076
36081055100,Census Tract 551; Queens County; New York,138,39,0,3.162961265184506,-0.25240861455001523,Not significant,Not significant,Not significant,82,7224.732527305156,63554.49404813801,21,0.3219755498145637,0,0,0.17001870907390085,0.929595015576324,0.051418439716312055,2438,4363
36081056400,Census Tract 564; Queens County; New York,29,13,0,1.8354430379746836,-0.8685839606564347,Not significant,Not significant,Not significant,10,14603.364287868799,87335.640246001145,12,4.371965061401231,5,7,0.13291139240506328,0.433852140077821,0.1273344651952462,840,1580
36081056800,Census Tract 568; Queens County; New York,252,99,0,5.762634347130117,-1.0268398668005159,Cold 95%,High-Low,p <= 0.05,136,64919.304500223254,321750.6278340548,41,4.255640579870157,24,1,0.09606986899563319,0.3776223776223776,0.04376899696048632,2362,4373
36081058300,Census Tract 583; Queens County; New York,82,28,0,2.34620886981402,-0.40256822881440724,Not significant,Not significant,Not significant,22,1925.133429087033,54751.27233565409,16,0.4940678285499182,0,2,0.1178826895565093,0.6764495347172512,0.05862533692722372,1781,3495
36081091602,Census Tract 916.02; Queens County; New York,1,1,0,6.25,-1.689652803907342,Cold 99%,Low-Low,p <= 0.0001,28,22344.568477920806,31267.360647359532,0,5.153398071913397,1,0,0,1,0,5,16
36081067700,Census Tract 677; Queens County; New York,13,6,0,0.6867406233491812,-1.7319349130872157,Cold 99%,Low-Low,p <= 0.01,20,3617.7267425348737,64465.24804651892,28,1.5016352850533914,3,2,0.03486529318541997,0.1939655172413793,0.07936507936507936,910,1893
36081070300,Census Tract 703; Queens County; New York,43,14,0,1.8502581755593803,-1.3502788015639602,Not significant,Not significant,Not significant,38,11675.541955751274,76787.33040502045,28,1.2750902755251503,8,1,0.07960413080895008,0.3675027262813522,0.11315280464216634,1329,2324
36081074100,Census Tract 741; Queens County; New York,87,33,0,2.804642166344294,-1.561042501551653,Cold 95%,Low-Low,p <= 0.05,61,2586.685482912242,58655.08386478479,35,0.5195084071401938,0,3,0.10896196002578981,0.3851851851851852,0.023508137432188065,1624,3102
36081081800,Census Tract 818; Queens County; New York,152,47,0,4.065258090398502,-0.39958955990856926,Not significant,Not significant,Not significant,61,10276.712011473735,145618.22315200616,29,2.1125831110457165,28,9,0.10954446854663774,0.2875368007850834,0.09180035650623886,1738,3739
36081085700,Census Tract 857; Queens County; New York,118,39,0,2.029583763329893,0.5561887223585961,Not significant,Not significant,Not significant,32,2556.631240421795,38835.16762463627,11,0.6526941301773045,0,0,0.1469683257918552,0.7407766990291262,0.016706443914081145,3467,5814
36081094203,Census Tract 942.03; Queens County; New York,192,117,38,3.350785340314136,-0.020330270549390614,Not significant,Not significant,Not significant,166,26872.91161434134,117348.48076679042,24,0.4320793062060115,7,2,0.122709024262524,0.5303287021348695,0.06198347107438017,3513,5730
36081109700,Census Tract 1097; Queens County; New York,57,30,0,3,-1.5575530484898297,Cold 95%,Low-Low,p <= 0.05,53,17006.12926597758,167373.68331057712,43,4.601738225071123,29,1,0.038441284886782515,0.37142857142857144,0.10738255033557047,996,1900
36081118900,Census Tract 1189; Queens County; New York,47,14,0,2.238095238095238,-1.8204837287211417,Cold 99%,Low-Low,p <= 0.001,34,4430.433342797099,66646.68630463118,24,1.5095515765687277,2,0,0.05761904761904762,0.6158008658008658,0.01282051282051282,850,2100
36081146700,Census Tract 1467; Queens County; New York,104,39,0,3.765387400434468,-1.5438154994462785,Cold 95%,Low-Low,p <= 0.05,59,21222.53054728542,120450.43638750014,28,4.793912050915866,0,0,0.09630702389572773,0.7378917378917379,0.0161177295024527,1250,2762
36081157902,Census Tract 1579.02; Queens County; New York,78,33,0,2.1189894050529747,-1.1918670429561093,Not significant,Not significant,Not significant,112,22517.180626058736,320675.6448568023,37,6.865734678951133,3,6,0.04102422907488987,0.0423861852433281,0.01393188854489164,1768,3681
36085001800,Census Tract 18; Richmond County; New York,4,3,0,0.89086859688196,-1.4367721943074616,Not significant,Not significant,Not significant,0,107.85909833959127,186.8521463375681,2,2.1636129453884028,0,0,0.06323185011709602,1,0.33636363636363636,142,449
36085007700,Census Tract 77; Richmond County; New York,88,50,0,4.9079754601226995,-0.8267692421626361,Not significant,Not significant,Not significant,48,10721.480187225241,69466.83238140549,14,1.3214619612239222,26,4,0.3195067264573991,0.5678776290630975,0.10598290598290598,1013,1793
36085012500,Census Tract 125; Richmond County; New York,78,31,0,2.4156085475379374,-0.9153180577965625,Not significant,Not significant,Not significant,84,25776.634006221924,147600.00489191627,41,3.6963297727373563,14,22,0.053886652214307836,0.25174216027874563,0.04412989175686927,1651,3229
36085017300,Census Tract 173; Richmond County; New York,27,16,0,0.9673951988534576,-1.5620370840233095,Cold 99%,Low-Low,p <= 0.01,61,11949.662876209546,101240.3755167985,24,2.618951574608252,7,6,0.11629576453697056,0.6431451612903226,0.04523580365736285,1441,2791
36085032300,Census Tract 323; Richmond County; New York,80,40,0,7.766990291262136,-0.9995069990740275,Not significant,Not significant,Not significant,68,52017.429959246416,106334.09827478784,7,8.441930890558135,95,2,0.11262135922330097,0.2814645308924485,0.06223175965665236,533,1030
36061014200,Census Tract 142; New York County; New York,89,48,0,2.2367429002261874,-0.7062444653275699,Not significant,Not significant,Not significant,80,6397.767298113693,51659.2892483343,66,0.42640072151424535,2,0,0.06534305101784368,0.2926439232409382,0.3629881154499151,2215,3979
36061013300,Census Tract 133; New York County; New York,848,419,193,13.79759192971038,5.9241403104439225,Hot 99%,High-High,p <= 0.01,63,5993.157865073518,60067.417000251124,56,0.30694749614150046,5,3,0.11584770582492677,0.8407710588856615,0.18207343412526997,3081,6146
36061026500,Census Tract 265; New York County; New York,390,124,0,5.063619839002857,2.4962710334327625,Hot 95%,High-High,p <= 0.05,90,10773.745182009698,58904.827314554306,40,0.25065628843769805,3,2,0.1111545988258317,0.7712440516655337,0.06632814979371628,4318,7702
36061009100,Census Tract 91; New York County; New York,596,216,0,9.11454350818168,3.182421763078677,Hot 95%,High-High,p <= 0.05,90,3495.695124285081,59024.37114558753,88,0.08074150911752183,4,12,0.14443084455324356,0.7329650092081031,0.11108512628624884,3001,6539
36061019100,Census Tract 191; New York County; New York,340,141,0,4.2209807572936064,1.876431077546958,Not significant,Not significant,Not significant,94,16099.720645162493,89657.95924905242,77,0.48285293620053193,0,1,0.09385277004806476,0.5663716814159292,0.11809406448962827,4438,8055
36061020800,Census Tract 208; New York County; New York,239,91,0,4.433314783899091,3.6592355209535405,Hot 99%,High-High,p <= 0.01,36,6473.882919045236,60652.697800917806,38,0.3616929175426617,11,6,0.2348456675343994,0.7664429530201342,0.09109394062627084,2760,5391
36061008700,Census Tract 87; New York County; New York,462,207,95,8.59375,4.016062724650092,Hot 99%,High-High,p <= 0.01,65,3600.077616044757,59451.297321276295,43,0.1527531882840398,0,0,0.10732886904761904,0.7033819422897921,0.18631658672052512,2801,5376
36061009600,Census Tract 96; New York County; New York,622,259,0,111.07142857142857,12.292803378673755,Hot 99%,High-High,p <= 0.0001,41,3724.3031152500103,57748.07605092597,45,0.25677355048738515,18,0,0.44986449864498645,0.7473684210526316,0.6184738955823293,351,560
36061025300,Census Tract 253; New York County; New York,386,130,0,3.7883992540975564,2.6881268006396026,Hot 95%,High-High,p <= 0.05,57,5699.479629941217,77267.50373761974,19,0.26181797853930666,4,1,0.18022108172127912,0.9818768619662364,0.050447901933050446,4811,10189
36061017000,Census Tract 170; New York County; New York,292,115,0,3.321578887498578,3.266153791583288,Hot 95%,High-High,p <= 0.05,51,2058.650879385678,38716.26427329275,41,0.45120443687101636,5,0,0.30755190508783936,0.9052723059096176,0.03115352231265787,5394,8791
36061018100,Census Tract 181; New York County; New York,107,42,0,1.2725975261655567,0.9847658643015537,Not significant,Not significant,Not significant,39,12183.541089671933,63376.843958525606,49,0.2764155948630078,0,1,0.08301617507136061,0.6572446555819478,0.1395871653382383,5480,8408
36061018500,Census Tract 185; New York County; New York,74,34,0,1.4624505928853755,1.5531687645878989,Hot 95%,Low-High,p <= 0.05,13,469.6853763288331,10808.70209650064,20,0.34752300553799437,2,0,0.048033208143901954,0.6751412429378532,0.13842409491937938,2903,5060
36061002601,Census Tract 26.01; New York County; New York,155,59,0,3.691355084543939,0.4149689057717402,Not significant,Not significant,Not significant,31,2690.6780314170906,37214.89434026669,54,0.7918982701803856,3,1,0.3291259823767564,0.9227600411946447,0.02948525737131434,1862,4199
36061003002,Census Tract 30.02; New York County; New York,233,66,0,8.224496999647018,2.823210328027189,Hot 95%,High-High,p <= 0.05,49,601.5381657681793,30385.641419107462,43,0.34774492601194995,0,6,0.21955524179315214,0.9438332368268674,0.041088284286507494,1824,2833
36061008400,Census Tract 84; New York County; New York,948,449,0,53.711048158640224,15.39976238892409,Hot 99%,High-High,p <= 0.0001,53,3861.3036995286134,39357.818143398355,57,0.25327024739839094,0,0,0.08087810514153669,0.6975124378109453,0.26749271137026237,863,1765
36061005000,Census Tract 50; New York County; New York,260,106,0,5.446166736489317,4.581676779494877,Hot 99%,High-High,p <= 0.01,51,8344.546656424664,56439.48659038833,50,0.2813726578851014,6,0,0.08244793880152997,0.49492753623188407,0.22297297297297297,2474,4774
36061006700,Census Tract 67; New York County; New York,686,238,0,14.7463456577816,6.001328318942343,Hot 99%,High-High,p <= 0.01,161,9849.860849733432,74366.22993793547,79,0.2672074357984815,2,6,0.06300414214083279,0.8066067992302758,0.14104683195592285,2345,4652
36061005400,Census Tract 54; New York County; New York,418,175,0,9.386930159443072,5.821646837272663,Hot 99%,High-High,p <= 0.001,56,2076.363521576409,47173.44191054727,42,0.2233800435052503,2,4,0.08809577592048791,0.4841645431379687,0.22685054883197298,2253,4453
36061002800,Census Tract 28; New York County; New York,200,100,0,3.0726686126901215,1.8469130521173034,Hot 95%,High-High,p <= 0.05,40,25424.520956830816,105069.8682993685,25,0.6098304494913842,0,6,0.19466296467684713,0.835569422776911,0.05568650559811432,3318,6509
36061028100,Census Tract 281; New York County; New York,75,29,0,2.2672309552599756,1.8818187827629422,Hot 95%,Low-High,p <= 0.05,29,4428.555483594203,25542.752710712968,34,0.22870566221248287,1,0,0.04326923076923077,0.6504455106237149,0.062339331619537273,1842,3308
36061017200,Census Tract 172; New York County; New York,557,244,0,9.893428063943162,3.580858159116696,Hot 95%,High-High,p <= 0.05,201,13808.934909595037,97125.76810453481,77,0.15202136518570805,16,9,0.2558677098150782,0.981139489194499,0.09139593002499108,2860,5630
36061024200,Census Tract 242; New York County; New York,472,180,0,8.072515820078673,4.159644831142631,Hot 99%,High-High,p <= 0.01,172,21507.59139910458,109130.77591202554,32,0.3948472853086591,13,5,0.2880109457841628,0.9813451153657339,0.06645279560036664,2864,5847
36005027402,Census Tract 274.02; Bronx County; New York,100,39,0,2.86368843069874,-0.02635256278952317,Not significant,Not significant,Not significant,139,16823.609468506016,160031.9199387755,33,1.3181069007937554,20,4,0.07284172661870504,0.30547112462006076,0.08420320111343076,1869,3492
36005022102,Census Tract 221.02; Bronx County; New York,159,58,0,3.0909797822706064,2.979702994107222,Hot 95%,Low-High,p <= 0.05,13,2463.531563402767,27416.997117441373,4,0.29235017370479405,0,0,0.3529641185647426,1,0.02494199535962877,2834,5144
36005024502,Census Tract 245.02; Bronx County; New York,165,58,0,3.904401325130147,1.0365820175938623,Not significant,Not significant,Not significant,15,5980.575805866374,35644.279288491205,5,0.5278736004637221,4,1,0.24,0.875,0.032357473035439135,2205,4226
36005040501,Census Tract 405.01; Bronx County; New York,145,53,0,4.358280733393448,1.1625601364290363,Not significant,Not significant,Not significant,28,3959.2517856878303,41875.4283514514,13,0.21954343114614971,3,3,0.24917342951608054,0.9252830188679245,0.08049965301873699,1867,3327
36047012600,Census Tract 126; Kings County; New York,113,34,0,3.7417218543046356,-1.0581395349136808,Not significant,Not significant,Not significant,87,17574.606413680143,102782.8762706739,16,0.3621455229976159,4,0,0.18841059602649007,0.6872197309417041,0.08793456032719836,1518,3020
36047027100,Census Tract 271; Kings County; New York,249,102,0,6.818181818181818,0.682775244386497,Not significant,Not significant,Not significant,55,21929.540861220365,90083.46732706271,36,0.35454540974180937,4,12,0.14627440197965355,0.8770186335403727,0.085746734809767175,1785,3652
36047050801,Census Tract 508.01; Kings County; New York,132,61,0,3.3759590792838874,-0.27290826534488116,Not significant,Not significant,Not significant,26,7417.466840563636,34308.13013542873,7,0.20575108597361283,0,0,0.3080071629572781,0.9922752808988764,0.16627634660421545,2177,3910
36047062000,Census Tract 620; Kings County; New York,27,11,0,1.7810026385224274,-1.1885593341822382,Not significant,Not significant,Not significant,48,7854.960539182646,120012.87926882989,23,1.1050236711634382,4,1,0.016490765171503958,0.2702265372168285,0.12091038406827881,744,1516
36047069601,Census Tract 696.01; Kings County; New York,63,31,0,1.8345952242283052,-1.5056337373631756,Cold 95%,Low-Low,p <= 0.05,49,19108.127231590035,92436.6913190495,31,2.4208444745050883,1,1,0.05620267909143856,0.583011583011583,0.19814241486068113,1946,3434
36081019400,Census Tract 194; Queens County; New York,98,31,0,3.29190460194827,-1.1305590259334823,Not significant,Not significant,Not significant,45,12948.359963916653,127479.38347781972,23,1.6678521630476733,20,3,0.08474004051316678,0.17361894024802707,0.051336898395721926,1476,2977
36081008500,Census Tract 85; Queens County; New York,182,84,0,9.9945085118067,-0.0987012025059095,Not significant,Not significant,Not significant,31,19439.04817140668,95081.17910584302,20,0.669591610447478,7,4,0.32122587968217936,0.9559902200488998,0.10893246187363835,879,1821
36081095400,Census Tract 954; Queens County; New York,118,52,0,1.6425389755011135,0.15732735053451796,Not significant,Not significant,Not significant,176,54921.98737944971,323063.318971649,21,0.48421556300102175,122,19,0.20706420706420706,0.4726126999515269,0.06354970494779846,3542,7184
36081071702,Census Tract 717.02; Queens County; New York,105,39,0,2.360611510791367,-0.29580673789035444,Not significant,Not significant,Not significant,69,21728.24756393822,55750.72243705377,9,0.41361838112005433,3,0,0.14141187050359713,0.4290139390810532,0.09612692487167522,2253,4448
36085014608,Census Tract 146.08; Richmond County; New York,31,21,0,0.8630289532293987,-1.773739206282415,Cold 99%,Low-Low,p <= 0.001,69,13925.649870701824,159525.10079812884,23,0.9166096488833476,14,0,0.0467706013363029,0.08293838862559241,0.051685393258426963,1880,3592
36085020805,Census Tract 208.05; Richmond County; New York,56,33,0,0.8537886872998933,-1.4693338615793015,Cold 95%,Low-Low,p <= 0.05,97,58309.33467252526,258843.27349752712,56,2.489472701027875,52,1,0.04604360420795853,0.13234672304439746,0.037835638730675344,3292,6559
36085017013,Census Tract 170.13; Richmond County; New York,38,15,0,0.823045267489712,-1.7925961745383603,Cold 99%,Low-Low,p <= 0.001,88,34519.06780450071,140209.85769585424,37,2.224950994905618,14,3,0.027507039202945636,0.1680972818311874,0.041809458533241944,2805,4617
36005009301,Census Tract 93.01; Bronx County; New York,783,304,0,13.607924921793535,4.423789505656685,Hot 95%,High-High,p <= 0.05,256,68389.9055923339,261346.25437139117,26,0.6481765834418748,23,7,0.25964787479992885,0.852510460251046,0.06320431161195493,2776,5754
36005002002,Census Tract 20.02; Bronx County; New York,220,109,0,6.095871432529787,0.6574391723023841,Not significant,Not significant,Not significant,70,9070.60190961485,82323.5776200053,20,1.563825369094709,13,6,0.4297381019431146,0.7776548672566371,0.05488761108207005,1630,3609
36005001901,Census Tract 19.01; Bronx County; New York,217,77,0,9.601769911504425,2.8931489129733423,Hot 95%,High-High,p <= 0.05,81,34835.03026792329,85038.47017431175,7,0.44038131598731495,6,0,0.22453498671390612,0.9025239338555265,0.009482758620689655,1038,2260
36061015401,Census Tract 154.01; New York County; New York,81,23,0,1.7631693513278188,-0.4272939420028078,Not significant,Not significant,Not significant,24,1231.66234720346,24926.46534884512,67,0.32545924558315853,0,1,0.03373966042664345,0.8972644376899696,0.10329790133551377,2709,4594
36061009902,Census Tract 99.02; New York County; New York,148,39,0,3.6825080865887037,1.4361449351488123,Not significant,Not significant,Not significant,38,29572.352148342063,83956.50381732709,7,0.6142157412367427,7,1,0.0918138840507589,0.9943820224719101,0.13881652400446595,1723,4019
36081000101,Census Tract 1.01; Queens County; New York,155,58,0,3.322615219721329,0.06072940411878158,Not significant,Not significant,Not significant,106,26692.918093286826,76702.93085483166,33,0.4881983945487115,5,0,0.060235798499464095,0.6795464090718185,0.1541740674955595,2663,4665
36081059501,Census Tract 595.01; Queens County; New York,78,23,0,4.098791382028376,-1.5051650520140605,Cold 95%,Low-Low,p <= 0.05,45,9575.701505255945,60145.84551435147,13,0.8931744016464618,10,0,0.11665790856542302,0.7092105263157895,0.11214953271028037,1010,1903
36081053902,Census Tract 539.02; Queens County; New York,32,12,0,118.51851851851852,-1.0302358864765797,Not significant,Not significant,Not significant,33,5129.696882905353,25792.719815417233,3,0.942423875189854,0,0,0,0.5,0,14,27
36081040102,Census Tract 401.02; Queens County; New York,263,86,0,6.631366616238023,0.6381873255380609,Not significant,Not significant,Not significant,20,10201.478299291719,50638.8932398692,7,0.20821296809931839,2,5,0.2264246091780131,0.9346642468239564,0.11200644641418211,1930,3966
36081040301,Census Tract 403.01; Queens County; New York,206,60,0,7.913945447560507,2.1577380180211567,Hot 95%,High-High,p <= 0.05,7,1712.6668414038502,29986.826311574652,6,0.2896476138342665,3,0,0.21853281853281853,0.8365493757094211,0.042391304347826085,1084,2603
36081134701,Census Tract 1347.01; Queens County; New York,174,65,0,3.6182158452900812,-0.6127762710473145,Not significant,Not significant,Not significant,16,18765.819288968294,88585.1334586129,26,2.743119890770801,1,0,0.07610729881472239,0.9363543788187373,0,2575,4809
36081046902,Census Tract 469.02; Queens County; New York,329,76,0,10.355681460497324,1.0732354701846658,Not significant,Not significant,Not significant,52,1641.3710501893202,31308.317387995932,9,0.17205494042356245,1,1,0.19515265974189486,0.8450834879406308,0.027953110910730387,1674,3177
36081023501,Census Tract 235.01; Queens County; New York,71,21,0,1.9645821804095185,-1.1858838833446703,Not significant,Not significant,Not significant,15,9057.437478289361,55767.19202930244,13,0.6027170960243055,4,1,0.1892639734366353,0.9504761904761905,0.049487024743512374,1646,3614
36081028802,Census Tract 288.02; Queens County; New York,66,33,0,2.816901408450704,-0.07930591585534838,Not significant,Not significant,Not significant,27,7272.209484331266,81497.47383901161,9,2.8689443174395532,18,3,0.13073593073593073,0.34521880064829824,0.08047690014903129,1465,2343
36081000102,Census Tract 1.02; Queens County; New York,97,27,0,1.4285714285714286,-0.0691849306279338,Not significant,Not significant,Not significant,36,5823.985044592173,29842.856049782415,14,0.5185571977350241,2,0,0.03431516936671576,0.9584692969445269,0.19833531510107016,3128,6790
36081001901,Census Tract 19.01; Queens County; New York,185,65,0,10.644418872266973,2.0904222951106006,Hot 95%,High-High,p <= 0.05,83,32266.420031729165,77239.79910703127,35,0.23560313613515996,4,0,0.02531645569620253,0.6624636275460718,0.25343953656770457,952,1738
36047001501,Census Tract 15.01; Kings County; New York,364,246,131,7.973713033953998,2.2088845695797517,Hot 95%,High-High,p <= 0.05,34,17833.45140146125,43603.97340576922,12,0.5126903649698834,4,0,0.24381161007667032,0.8290875405280222,0.09132996632996633,2628,4565
36047035301,Census Tract 353.01; Kings County; New York,164,64,0,6.604913411196134,-0.07273270804702459,Not significant,Not significant,Not significant,28,2912.7720093730654,26668.192547192448,8,0.24743878070667458,1,2,0.41423948220064727,1,0.05343511450381679,1214,2483
36047056301,Census Tract 563.01; Kings County; New York,121,47,0,2.5810580204778155,-0.3971805235984229,Not significant,Not significant,Not significant,34,2426.4231811611644,72155.4463139707,26,0.37475328461252577,4,10,0.13303437967115098,0.8682906688687035,0.05758754863813229,2095,4688
36047103401,Census Tract 1034.01; Kings County; New York,14,6,0,0.384932636788562,-1.6228834602348543,Cold 95%,Low-Low,p <= 0.05,0,7033.406363798126,13744.91141505832,2,1.9675518041554882,0,0,0.4817156997525433,1,0.042590431738623105,2187,3637
36047005303,Census Tract 53.03; Kings County; New York,3,0,0,2.2058823529411766,-1.3696613150835917,Not significant,Not significant,Not significant,10,8948.320518453951,25508.122083737504,0,1.382932388134539,69,0,0,0.34328358208955223,0.14102564102564102,34,136
36047057901,Census Tract 579.01; Kings County; New York,99,33,0,6.5476190476190474,-0.8537317045327568,Not significant,Not significant,Not significant,65,23559.17125066652,109388.6506894681,12,0.46847111800113334,2,0,0.2250996015936255,0.8135313531353136,0.053125,805,1512
36047088001,Census Tract 880.01; Kings County; New York,107,50,0,6.286721504112808,-0.7392998048134268,Not significant,Not significant,Not significant,22,10872.054332136442,45200.49490200342,14,0.7674970825270552,0,1,0.19294117647058823,0.47619047619047616,0.09016393442622951,1149,1702
36061004001,Census Tract 40.01; New York County; New York,93,30,0,2.814769975786925,2.667652754229815,Hot 95%,Low-High,p <= 0.05,6,266.3257830989932,35583.5263824368,24,0.2868572717377707,1,0,0.10837118754055808,0.8906752411575563,0.16172506738544473,1684,3304
36061010300,Census Tract 103; New York County; New York,406,123,0,11.906158357771261,8.303848630312265,Hot 99%,High-High,p <= 0.0001,40,21701.547639610155,63509.20567444573,28,0.32328752328242155,6,4,0.03658094893154654,0.937892095357591,0.2402287893231649,1966,3410
36061002202,Census Tract 22.02; New York County; New York,115,47,0,4.596322941646683,1.4800462098697797,Not significant,Not significant,Not significant,24,5213.48689305175,26523.479910759226,6,0.6245796578432687,3,1,0.13001605136436598,0.8326996197718631,0.10696095076400679,1110,2502
36061023600,Census Tract 236; New York County; New York,194,95,0,1.756928092736823,3.722641419249801,Hot 99%,High-High,p <= 0.01,85,12439.491231197206,55689.391956678,18,0.12429777077028273,3,1,0.15471014492753624,0.8056160208968219,0.050434063662670524,6493,11042
36061029100,Census Tract 291; New York County; New York,350,136,0,3.219871205151794,2.6955058686090965,Hot 95%,High-High,p <= 0.05,75,5877.158280591254,53359.24604489166,15,0.3103032509842425,0,0,0.14103747461694666,0.9713701431492843,0.07822808671065033,5419,10870
36061020701,Census Tract 207.01; New York County; New York,26,8,0,0.9200283085633404,-0.5588116800779523,Not significant,Not significant,Not significant,17,1362.8896542384016,16084.645454547,9,0.4952104747873076,0,0,0.2188679245283019,0.9312557286892759,0.21792114695340503,1728,2826
36061012000,Census Tract 120; New York County; New York,475,307,144,13.614216107767268,0.30106701763639204,Not significant,Not significant,Not significant,95,8376.870496402113,91520.49077304805,50,0.15466747032324224,1,0,0.08025222126683863,0.3490909090909091,0.285449146250928,2067,3489
36061002201,Census Tract 22.01; New York County; New York,237,94,0,3.487858719646799,1.27332889732046,Not significant,Not significant,Not significant,44,13869.648612185334,68109.69494885417,25,0.48395045481911697,1,0,0.2907079646017699,0.9019162065605716,0.07147165259348613,3221,6795
36061011402,Census Tract 114.02; New York County; New York,169,70,0,7.354221061792863,0.7810433385689879,Not significant,Not significant,Not significant,32,3028.693674649176,45864.237157119045,60,0.09140506902241632,6,1,0.03307223672758921,0.3745704467353952,0.39280125195618154,1274,2298
36061015802,Census Tract 158.02; New York County; New York,69,30,0,1.619718309859155,0.13105591251184898,Not significant,Not significant,Not significant,12,1372.015509278058,18551.005729367847,11,0.10753037727673234,0,0,0.086236933797909407,0.9719363891487371,0.11323102447117378,2226,4260
36061013000,Census Tract 130; New York County; New York,131,56,0,3.9268585131894485,0.316986293108911,Not significant,Not significant,Not significant,74,10056.602382459567,86809.6673704995,111,0.42182380408163367,1,5,0.11507097553609182,0.30039267015706805,0.4585400425230333,1762,3336
36061012200,Census Tract 122; New York County; New York,92,35,0,2.9648727038349985,0.41783355535866046,Not significant,Not significant,Not significant,74,11183.993435309292,89326.01732889641,46,0.3477521962427169,0,2,0.020947470190138574,0.40776038121170866,0.4462872220128157,1567,3103
36061008200,Census Tract 82; New York County; New York,223,82,0,6.463768115942029,7.041520135605104,Hot 99%,High-High,p <= 0.0001,29,4257.204736589189,59634.84408885981,46,0.2784799829291428,1,3,0.057681159420289854,0.5737786640079761,0.2349351639969489,1979,3450
36061001200,Census Tract 12; New York County; New York,282,144,59,6.7577282530553555,0.03914197453252624,Not significant,Not significant,Not significant,93,22361.070923367217,49231.7160126396,14,0.520675685263695,1,1,0.12075654704170707,0.3665977249224405,0.03733200597312095,2299,4173
36061014601,Census Tract 146.01; New York County; New York,158,58,0,4.01015228426396,-0.3480583124482515,Not significant,Not significant,Not significant,24,2880.5037372632473,35050.778563326065,64,0.08382036199724557,1,2,0.12850586435492095,0.8039796782387807,0.21292902365878041,2488,3940
36061021703,Census Tract 217.03; New York County; New York,222,70,0,63.793103448275865,2.125550877654464,Hot 95%,High-High,p <= 0.05,115,10590.086022932772,63717.20726200363,7,0.16794005690674788,10,8,NA,NA,NA,201,348
36061020600,Census Tract 206; New York County; New York,205,97,0,5.889112324044815,4.778998785399127,Hot 99%,High-High,p <= 0.01,42,2698.9790383373293,52693.02612454122,15,0.4721146449148407,14,9,0.30005787037037035,0.9143337066069429,0.10878243512974052,1935,3481
36061022102,Census Tract 221.02; New York County; New York,186,78,0,7.914893617021277,2.066100446478675,Hot 95%,High-High,p <= 0.05,68,4980.228707064096,54666.82580967906,35,0.1494744996428163,3,24,0.14638297872340425,0.7073813708260105,0.1859799713876967,1089,2350
36061022400,Census Tract 224; New York County; New York,327,161,0,4.893744387907812,3.5081384368193285,Hot 95%,High-High,p <= 0.05,55,5489.4510477728245,68588.08941637634,63,0.3939525171682941,11,15,0.4181459566074951,0.9887924801156905,0.12274024738344434,3385,6682
36061016700,Census Tract 167; New York County; New York,243,94,0,3.0821917808219177,0.7597303712785423,Not significant,Not significant,Not significant,80,5429.569369718613,58961.77721145582,55,0.42877636055069285,0,0,0.05751367858506171,0.5305446885344568,0.19773056494447128,3922,7884
36061023200,Census Tract 232; New York County; New York,272,132,0,2.9619949907437655,0.7990854004491762,Not significant,Not significant,Not significant,24,7619.7056295163375,59749.807157987416,48,0.28495373635469934,4,3,0.5243384514864423,0.9932551319648094,0.06957708049113233,4979,9183
36061030700,Census Tract 307; New York County; New York,84,31,0,2.357563850687623,0.6571776064655149,Not significant,Not significant,Not significant,44,7839.833159854988,33942.942739088474,10,0.23109420333005395,1,0,0.03115352231265787,0.4762942779291553,0.08158158158158157,1594,3563
36061023502,Census Tract 235.02; New York County; New York,159,90,0,8.557588805166846,0.8887386130308701,Not significant,Not significant,Not significant,30,769.0303913891245,24547.214486069195,6,0.25749505722853816,2,1,0.36921420882669537,0.8938869665513264,0.16473988439306358,906,1858
36061000800,Census Tract 8; New York County; New York,338,101,0,3.8641820052589457,3.036646468537406,Hot 95%,High-High,p <= 0.05,208,14834.183400746648,96945.78055901163,42,0.532938849404955,5,2,0.39637988314812694,0.9841561423650976,0.10390946502057613,4054,8747
36061006800,Census Tract 68; New York County; New York,421,176,0,6.547433903576983,4.325073140316601,Hot 99%,High-High,p <= 0.01,35,11281.741853597487,79854.89772994473,33,0.22199512193401721,1,3,0.10890527509926262,0.6532356532356532,0.23404255319148937,3249,6430
36061010200,Census Tract 102; New York County; New York,128,56,0,47.940074906367045,4.022986866914286,Hot 99%,Low-High,p <= 0.01,38,3237.8289781971,54153.85943201455,35,0.10532320286734742,1,1,0.04119850187265917,0.5732484076433121,0.5802139037433155,96,267
36061004700,Census Tract 47; New York County; New York,233,83,0,10.653863740283493,3.157927461364045,Hot 95%,High-High,p <= 0.05,60,7590.945152943447,73778.30635067119,39,0.26818319468122526,2,1,0.06264288980338363,0.7685060565275909,0.12690951821386603,1060,2187
36061001501,Census Tract 15.01; New York County; New York,314,126,0,4.0901393773609485,3.46228727838916,Hot 95%,High-High,p <= 0.05,144,35506.27881388769,115606.28493916268,181,0.38785296459182794,4,1,0.093563852971088185,0.3985885240871433,0.21771483437349975,5102,7677
36061022000,Census Tract 220; New York County; New York,268,111,0,4.402825694102185,3.4671391352295964,Hot 99%,High-High,p <= 0.01,81,4573.803049738356,85257.04730908645,63,0.36481975953807866,3,4,0.2514542130629882,0.7902374670184696,0.13272311212814644,3422,6087
36061009500,Census Tract 95; New York County; New York,436,177,0,11.580345285524569,6.04487593647434,Hot 99%,High-High,p <= 0.001,30,2007.0415099740546,52789.47884524785,30,0.002439855444690055,1,0,0.11385199240986717,0.7705136757838559,0.11196682464454977,2063,3765
36061002602,Census Tract 26.02; New York County; New York,181,65,0,5.130385487528344,0.4940839243767637,Not significant,Not significant,Not significant,60,4526.699722394383,41015.031406945425,21,0.7720122776381307,3,5,0.16071428571428573,0.6863565081024569,0.07000486144871172,1838,3528
36061005200,Census Tract 52; New York County; New York,519,235,0,14.648602878916172,4.72637344750136,Hot 99%,High-High,p <= 0.01,36,8098.43533190187,82136.87504224305,60,0.18856419502526425,0,1,0.0579047619047619,0.3719247467438495,0.23477297895902546,1781,3543
36061026100,Census Tract 261; New York County; New York,355,123,0,2.948260111286438,3.635516830565837,Hot 95%,High-High,p <= 0.01,65,1766.0534875458015,60342.12114085204,25,0.419393916696445,2,0,0.357369387414455,0.976606614681366,0.07556549838429033,6443,12041
36061009400,Census Tract 94; New York County; New York,271,110,0,387.14285714285717,5.723078882918184,Hot 99%,High-High,p <= 0.001,45,7949.573516459244,64540.6124650311,27,0.29392193479863954,2,0,0.2857142857142857,0.7647058823529411,0.39285714285714285,15,70
36085000700,Census Tract 7; Richmond County; New York,280,154,60,5.107624954396206,0.04591494409206677,Not significant,Not significant,Not significant,120,32022.386065743893,123572.0436314946,32,0.7982071240577348,40,4,0.3996716526815031,0.8074150360453141,0.06724303554274735,3328,5482
36085002700,Census Tract 27; Richmond County; New York,110,52,0,4.1872858774267225,0.21701787102378906,Not significant,Not significant,Not significant,49,9302.872531251654,58436.748260298795,7,0.4920728891878989,21,5,0.6365841824357108,0.7721518987341772,0.30212014134275617,1169,2627
36085008100,Census Tract 81; Richmond County; New York,96,48,0,2.0066889632107023,-0.8095514169004839,Not significant,Not significant,Not significant,188,34319.530923515864,197198.52209336485,38,1.6653062422751765,85,7,0.13349898351027784,0.44623955431754875,0.1153277476589453,2532,4784
36085011402,Census Tract 114.02; Richmond County; New York,33,14,0,1.0338345864661653,-1.375279961228346,Not significant,Not significant,Not significant,105,38078.08580997216,220328.7295172273,24,0.2989011346407541,24,1,0.014097744360902255,0.3089092422980849,0.10772659732540862,1791,3192
36085013400,Census Tract 134; Richmond County; New York,61,30,0,1.5770423991726992,-1.5653047141815362,Cold 95%,Low-Low,p <= 0.05,134,29347.367078154704,310252.231609173,63,0.4003498646115693,47,7,0.16709911779968864,0.3629737609329446,0.12163892445582586,1962,3868
36085015602,Census Tract 156.02; Richmond County; New York,21,8,0,0.5753424657534246,-1.9948789321136418,Cold 99%,Low-Low,p <= 0.001,120,30432.635316085456,293372.8050791989,41,0.979791664801764,18,5,0.10438356164383561,0.10268562401263823,0.03211009174311927,1992,3650
36085023100,Census Tract 231; Richmond County; New York,112,65,0,2.353435595713385,-1.0087862520768178,Not significant,Not significant,Not significant,104,37917.45620768499,150070.65516083324,25,6.809419009711726,62,6,0.16026992830029524,0.33355134074558535,0.09473060982830077,2212,4759
36085025100,Census Tract 251; Richmond County; New York,97,51,0,1.5017804613717294,-1.4091672111624671,Cold 95%,Low-Low,p <= 0.05,240,72627.59990417874,421759.8451798973,69,5.261789047410003,25,8,0.08329462765133921,0.26908212560386474,0.046522339935513586,2960,6459
36085017005,Census Tract 170.05; Richmond County; New York,44,12,0,0.9721608484312859,-2.217056940865336,Cold 99%,Low-Low,p <= 0.001,115,80550.79366451368,375809.70295476844,63,0.26493361139581045,111,3,0.029164825452938577,0.24945295404814005,0.05284974093264249,2516,4526
36085017007,Census Tract 170.07; Richmond County; New York,36,19,0,0.5672864796722344,-2.1953199621078894,Cold 99%,Low-Low,p <= 0.0001,27,36331.156191607435,88705.32104860639,17,2.1619312514505227,27,1,0.10872990860384495,0.10727562400424855,0.015682174594877155,2976,6346
36005011502,Census Tract 115.02; Bronx County; New York,557,209,0,14.155019059720457,3.9566675607446467,Hot 99%,High-High,p <= 0.01,142,56465.70424803426,140596.66965239495,21,0.4042171388573032,11,21,0.3841649694501018,0.9458030403172505,0.016254876462938883,2138,3935
36005004800,Census Tract 48; Bronx County; New York,527,174,0,12.535680304471931,2.425899876038326,Not significant,Not significant,Not significant,55,6962.898201946466,46806.02741019564,18,0.27993629792568603,0,0,0.25499524262607043,0.9712950600801068,0,2190,4204
36005003300,Census Tract 33; Bronx County; New York,171,73,0,4.780542353927872,2.8055943377633543,Hot 95%,High-High,p <= 0.05,37,11818.762391051667,86995.93371975997,19,0.36212823620613666,7,0,0.4324853228962818,0.7916331456154465,0.02279874213836478,2112,3577
36005008700,Census Tract 87; Bronx County; New York,530,230,0,8.961785593506933,3.6356918195429406,Hot 95%,High-High,p <= 0.05,75,25779.21624607091,108499.13564715278,20,0.28267001515284573,4,0,0.3694667131404671,0.9406982305117169,0.043458371454711806,2840,5914
36005025000,Census Tract 250; Bronx County; New York,89,26,0,3.2211364458921463,-0.7149932945199018,Not significant,Not significant,Not significant,64,5865.265000120192,66030.87916705837,25,0.5005762451900873,18,0,0.10771470160116449,0.4718232044198895,0.13064361191162344,1487,2763
36005020601,Census Tract 206.01; Bronx County; New York,141,48,0,4.943899018232819,1.812477401592999,Hot 95%,Low-High,p <= 0.05,96,10954.464326230041,71012.4621366287,11,0.27191793670730174,9,1,0.19471830985915492,0.6990394877267876,0.11016144349477683,1554,2852
36005022500,Census Tract 225; Bronx County; New York,446,194,0,5.54726368159204,1.683724067476128,Not significant,Not significant,Not significant,136,21983.685347590792,85421.6306132908,18,0.2234128591800028,6,0,0.25728643216080405,0.9555056179775281,0.03428819444444445,3730,8040
36005003900,Census Tract 39; Bronx County; New York,849,428,169,15.212327539867408,3.3383709164987136,Hot 95%,High-High,p <= 0.05,86,16657.369509058804,112274.4421987452,126,0.30237317774355804,7,5,0.37093587210346685,0.921256258534365,0.061512174284493806,3052,5581
36005015100,Census Tract 151; Bronx County; New York,459,178,0,8.799846625766872,3.029813251605784,Hot 95%,High-High,p <= 0.05,107,25015.175134349694,135124.9254943477,19,0.5766770420872064,17,4,0.3173628984359533,0.8105810108644308,0.10334603981363828,2404,5216
36005006000,Census Tract 60; Bronx County; New York,157,55,0,12.265625,2.9445964933229165,Hot 95%,Low-High,p <= 0.05,102,15356.04727954142,47360.49353140645,9,0.35472773472431174,8,3,0.14477848101265822,0.9067357512953368,0,721,1280
36005040302,Census Tract 403.02; Bronx County; New York,94,43,0,2.345309381237525,1.6356169708605046,Hot 95%,Low-High,p <= 0.05,14,3003.1238470969015,21649.249027875514,2,0.14744743637729993,1,0,0.4422883064516129,0.9949399114484504,0.07597895967270601,2264,4008
36005038700,Census Tract 387; Bronx County; New York,362,126,0,10.02770083102493,4.582087579476359,Hot 99%,High-High,p <= 0.01,66,13601.52416856283,104787.5489366534,41,0.8049622480947144,4,5,0.2919667590027701,0.9858203916272789,0.013324450366422385,1442,3610
36005025600,Census Tract 256; Bronx County; New York,105,36,0,6.6371681415929205,-0.1048875231595769,Not significant,Not significant,Not significant,114,8086.459375414787,61012.043947904225,37,0.7929871671611236,5,0,0.06675392670157068,0.7204472843450479,0.10315186246418338,747,1582
36005022404,Census Tract 224.04; Bronx County; New York,151,57,0,3.5181733457595525,0.6857482248144241,Not significant,Not significant,Not significant,39,3935.9591165816023,32963.0723710096,12,0.47142114749397757,0,0,0.1624031917390284,0.7296,0.048223350253807105,2381,4292
36005031400,Census Tract 314; Bronx County; New York,88,33,0,3.942652329749104,-0.31023448429806655,Not significant,Not significant,Not significant,111,8423.373251703626,83657.86777545733,21,0.8746228313268776,11,0,0.051877470355731224,0.34731543624161076,0.15819209039548024,1139,2232
36005037000,Census Tract 370; Bronx County; New York,99,42,0,4.191363251481795,-0.1907411410443081,Not significant,Not significant,Not significant,63,12678.332324067425,68846.86005413724,21,0.7133615152475611,7,1,0.1672311600338696,0.4707482993197279,0.09147095179233622,1293,2362
36005034000,Census Tract 340; Bronx County; New York,145,56,0,2.8718558130322838,-0.325951877058372,Not significant,Not significant,Not significant,63,5626.601458982565,60147.97744497676,20,0.48228280390075723,10,0,0.1976697468862997,0.7758229284903518,0.08940568475452196,2506,5049
36005026602,Census Tract 266.02; Bronx County; New York,285,101,0,4.830508474576271,1.2541279252346307,Not significant,Not significant,Not significant,183,11507.56785505112,127827.20303105438,22,0.18502785192969226,8,2,0.16983050847457626,0.8183254344391785,0.08559046587215602,3057,5900
36005025100,Census Tract 251; Bronx County; New York,426,162,0,6.100529858227123,3.259864888303727,Hot 95%,High-High,p <= 0.05,165,26091.37199332268,119227.90651425821,27,0.34310280175781827,11,8,0.4049835314334813,0.8418323249783924,0,3164,6983
36005016200,Census Tract 162; Bronx County; New York,60,25,0,3.183023872679045,-0.44601642761264043,Not significant,Not significant,Not significant,56,3320.0464447647546,55072.31380266338,13,2.0708315972704052,7,0,0.057159693576900414,0.4263261296660118,0.13287904599659284,870,1885
36005019900,Census Tract 199; Bronx County; New York,343,139,0,5.005837711617046,3.3079685100770866,Hot 95%,High-High,p <= 0.05,80,6120.475320021746,52387.41899727125,18,0.37083942137875675,11,1,0.3570269871700339,0.9510204081632653,0.00778816199376947,3718,6852
36005024400,Census Tract 244; Bronx County; New York,128,48,0,5.683836589698046,-0.49384894613399455,Not significant,Not significant,Not significant,101,16265.550416036645,74639.47639800055,27,0.935028505643387,6,4,0.17313699241410085,0.6795180722891566,0.0988056460369164,1191,2252
36005023600,Census Tract 236; Bronx County; New York,121,35,0,6.790123456790123,0.8064644684186703,Not significant,Not significant,Not significant,40,7027.561267112832,35377.58567966311,4,0.430895610758246,10,1,0.2644907146876759,0.9222614840989399,0.07213114754098361,757,1782
36005021301,Census Tract 213.01; Bronx County; New York,85,23,0,6.594259115593483,1.4361449351488123,Not significant,Not significant,Not significant,19,2237.6554970504567,9150.870320000602,4,0.4561660613709558,3,1,0.32040341349883633,0.7002237136465325,0,627,1289
36005028700,Census Tract 287; Bronx County; New York,351,166,34,9.906858594411515,1.361785798561017,Not significant,Not significant,Not significant,107,4027.2629628552554,55195.68317060699,18,0.38564964530132767,4,8,0.08812694814395013,0.6109324758842444,0.04965622612681436,2127,3543
36005007800,Census Tract 78; Bronx County; New York,352,133,0,6.248890466891532,2.3683671886282025,Hot 95%,High-High,p <= 0.05,87,15570.790573810706,104620.71397226663,19,0.5838991173812658,19,1,0.29309426593289545,0.724120082815735,0.1043115438108484,2613,5633
36005042400,Census Tract 424; Bronx County; New York,270,179,84,10.891488503428802,0.48785655304237563,Not significant,Not significant,Not significant,55,5836.975794381398,65594.41470515436,10,0.7904375833356747,9,1,0.10512367491166077,0.5263157894736842,0.07090464547677261,1428,2479
36005044800,Census Tract 448; Bronx County; New York,71,31,0,2.990732940185341,-0.04140829338985443,Not significant,Not significant,Not significant,97,2446.0883140483234,54081.47376520369,25,1.1483385007681512,18,0,0.18997472620050548,0.31136044880785413,0.041666666666666664,1290,2374
36005022702,Census Tract 227.02; Bronx County; New York,272,101,0,25.396825396825395,1.683669516076237,Not significant,Not significant,Not significant,29,12172.571143944715,24155.9761215994,13,0.11934048471223513,0,0,0.4752567693744164,0.9394495412844037,0,618,1071
36005002300,Census Tract 23; Bronx County; New York,107,41,0,2.3428946792204948,4.208214802355336,Hot 99%,Low-High,p <= 0.01,38,6633.022386318811,28736.903514049947,38,0.15848389666750745,0,0,0.6030216772498358,1,0,2077,4567
36005004600,Census Tract 46; Bronx County; New York,336,187,89,22.73342354533153,0.24413848248118825,Not significant,Not significant,Not significant,36,13730.721493868126,51599.012290804254,62,0.9076844334389659,0,0,0.5138987883107626,0.7771084337349398,0.07262569832402235,755,1478
36005023000,Census Tract 230; Bronx County; New York,221,77,0,7.649705780546902,0.622615168761912,Not significant,Not significant,Not significant,122,20788.76735368842,75527.37109903747,39,0.20831016597909888,14,3,0.38317757009345793,0.8196891191709844,0.0576171875,1366,2889
36047003800,Census Tract 38; Kings County; New York,32,16,0,2.079272254710851,-1.4686915543012558,Cold 95%,Low-Low,p <= 0.05,44,4292.775453785973,47828.66273955782,21,1.0274576329943985,5,6,0.096816114359974,0.35906040268456374,0.11441307578008915,701,1539
36047004900,Census Tract 49; Kings County; New York,17,7,0,0.6082289803220036,-1.662329041441368,Cold 95%,Low-Low,p <= 0.05,20,7093.844574112006,37469.74466200712,40,0.6726915644600373,6,2,0.10325203252032521,0.6240530303030303,0.0712401055408971,1411,2795
36047005601,Census Tract 56.01; Kings County; New York,59,18,0,2.2894838960031043,-1.3211453944180096,Cold 95%,Low-Low,p <= 0.05,40,6942.518078015474,63295.58173185801,20,0.4800946207234781,3,2,0.18005432673651534,0.43694004135079256,0.11036174126302882,1062,2577
36047006600,Census Tract 66; Kings County; New York,105,36,0,2.5584795321637426,-1.1731811522323112,Not significant,Not significant,Not significant,37,2481.4521106130946,57648.30860396644,51,0.3141271221866949,0,0,0.17373294346978557,0.7508751458576429,0.053561568194367755,1839,4104
36047015700,Census Tract 157; Kings County; New York,53,25,0,1.045158745809505,-1.2614469814528735,Not significant,Not significant,Not significant,46,4097.278005729324,63165.41715958139,103,0.5146414824202369,2,0,0.02361111111111111,0.566145092460882,0.033012379642365884,2461,5071
36047016800,Census Tract 168; Kings County; New York,27,10,0,1.5314804310833805,-1.3602902939788708,Not significant,Not significant,Not significant,46,7334.407612735061,52901.03542338003,10,1.2390624224789952,2,1,0.06296086216676121,0.354796320630749,0.031806615776081425,859,1763
36081015600,Census Tract 156; Queens County; New York,84,23,0,2.6381909547738696,-0.1909096621654163,Not significant,Not significant,Not significant,15,3938.7090323917373,76041.15891201174,15,0.6559798224855158,4,0,0.13314447592067988,0.3104294478527607,0.01570048309178744,1492,3184
36081016100,Census Tract 161; Queens County; New York,139,50,0,6.854043392504931,-0.690810457869568,Not significant,Not significant,Not significant,28,18035.9920074826,66397.66379754827,25,0.1727014238611865,1,8,0.0641025641025641,0.7259923175416133,0.1501632208922742,1006,2028
36081017200,Census Tract 172; Queens County; New York,102,30,0,4.3312101910828025,-1.2891908349175845,Cold 95%,Low-Low,p <= 0.05,60,7750.686966716132,87357.14594781803,18,1.281957152009876,2,0,0.1588865096359743,0.31738437001594894,0.06417910447761194,1296,2355
36081018000,Census Tract 180; Queens County; New York,95,32,0,5.750605326876514,-0.6276179356073031,Not significant,Not significant,Not significant,27,7764.752239983681,57692.053590615,17,2.060063425216862,10,5,0.15702982349360925,0.3622448979591837,0,744,1652
36081008700,Census Tract 87; Queens County; New York,76,36,0,2.1839080459770117,-1.3826590291978398,Cold 95%,Low-Low,p <= 0.05,23,19367.544363804736,46044.86055628409,5,1.390947911718571,2,0,0.3617886178861789,0.9946902654867257,0.3404669260700389,2230,3480
36081009700,Census Tract 97; Queens County; New York,72,27,0,1.8764659890539483,-0.8928494034689798,Not significant,Not significant,Not significant,31,1442.537676769245,80260.00045694424,23,0.5771573017247364,8,0,0.08995265649658074,0.67412771560237,0.12044006948465547,1998,3837
36081010200,Census Tract 102; Queens County; New York,119,38,0,4.357378249725375,-0.07702271330504867,Not significant,Not significant,Not significant,29,1821.7185109977122,90802.15524913749,11,0.8313955669986596,0,0,0.12339802270230685,0.4082352941176471,0.043869516310461196,1333,2731
36081011500,Census Tract 115; Queens County; New York,190,63,0,7.483261126427728,-1.0090859659818203,Not significant,Not significant,Not significant,69,39374.03376945691,117145.5110463336,30,0.1302861608739449,9,3,0.08192201654194564,0.9289617486338798,0.14485981308411214,1382,2539
36081011800,Census Tract 118; Queens County; New York,77,22,0,2.863518036444775,-0.8513840986761538,Not significant,Not significant,Not significant,20,3921.893561639978,62031.805938331476,6,0.7207727248076804,8,0,0.10673112681294161,0.532051282051282,0.029045643153526972,1298,2689
36081012200,Census Tract 122; Queens County; New York,272,147,91,9.254848587955086,-0.637346501698058,Not significant,Not significant,Not significant,31,18905.9106808544,111076.70176434476,17,0.45849930801387695,1,0,0.09600825877494838,0.39198855507868385,0.06675567423230974,1435,2939
36081013500,Census Tract 135; Queens County; New York,31,15,0,2.3273273273273274,-0.5965256165898425,Not significant,Not significant,Not significant,10,7199.49849486285,59735.132477394116,9,1.2053634956179606,7,1,0.059622641509433964,0.42487046632124353,0.13452914798206278,701,1332
36081014201,Census Tract 142.01; Queens County; New York,123,37,0,2.8030993618960802,-0.7947932809614963,Not significant,Not significant,Not significant,42,9909.088311729975,73598.17821078877,18,0.31597165329542176,6,0,0.07750170959653521,0.5292570677186061,0.0058823529411764705,2007,4388
36047020000,Census Tract 200; Kings County; New York,31,10,0,1.326486949080017,-2.217423246553616,Cold 99%,Low-Low,p <= 0.0001,34,0,46506.99067302494,14,0.8511887403249333,2,3,0.19940094137783482,0.503003003003003,0.04721030042918455,1192,2337
36047020600,Census Tract 206; Kings County; New York,51,16,0,1.9691119691119692,-2.0000504024295895,Cold 99%,Low-Low,p <= 0.001,30,2346.9599751946853,70122.86347943147,13,1.0073775011404722,0,0,0.2398609501738123,0.3404255319148936,0.07093023255813953,1230,2590
36047021400,Census Tract 214; Kings County; New York,115,28,0,4.457364341085271,-1.0450617786181748,Not significant,Not significant,Not significant,17,5861.939872399781,65745.35945974372,9,0.1852679555567077,5,0,0.3261211644374508,0.7121212121212122,0.1065989847715736,1242,2580
36047021700,Census Tract 217; Kings County; New York,315,136,0,7.4821852731591445,0.3352480415694826,Not significant,Not significant,Not significant,50,10027.712487564435,54218.072293715464,13,0.24341717078983344,3,1,0.13358778625954199,0.8559628291171916,0.06964457252641691,2225,4210
36047022400,Census Tract 224; Kings County; New York,51,20,0,0.8814379536812997,-1.309279499974228,Not significant,Not significant,Not significant,56,25.401701479285723,54394.94173485567,29,0.34059349896124275,8,8,0.3420324922226063,0.604496253122398,0.1365923795830338,2787,5786
36047019300,Census Tract 193; Kings County; New York,218,117,49,3.293548874452334,-0.3612296462396231,Not significant,Not significant,Not significant,82,14918.183735085146,74501.63487437471,32,0.3447597524277267,6,0,0.18177676537585422,0.49657273419649656,0.08310055865921788,4303,6619
36047019700,Census Tract 197; Kings County; New York,122,50,0,3.3710969881182646,-0.5168710917891491,Not significant,Not significant,Not significant,24,3721.900192107187,70681.71594528834,61,0.01240363449953178,3,8,0.059938667410091996,0.46410684474123537,0.07035695809622348,1829,3619
36047007200,Census Tract 72; Kings County; New York,43,11,0,2.44457077885162,-0.25366162986528007,Not significant,Not significant,Not significant,36,10593.919906301277,42837.04441217991,6,0.2370285888356916,5,0,0.27790563866513235,0.9192982456140351,0.08945686900958466,851,1759
36047008000,Census Tract 80; Kings County; New York,156,55,0,4.733009708737864,-0.2615195704588444,Not significant,Not significant,Not significant,79,4202.774178154728,59057.97166762303,81,0.04042507652415286,1,1,0.20030534351145038,0.7098765432098766,0.08646616541353383,1527,3296
36047009600,Census Tract 96; Kings County; New York,139,43,0,2.301324503311258,-0.8854817997152169,Not significant,Not significant,Not significant,31,5738.214294745785,56091.33672908988,47,0.48255764517433475,1,1,0.21336206896551724,0.6381987577639752,0.031093279839518557,3166,6040
36047011000,Census Tract 110; Kings County; New York,123,41,0,4.85207100591716,-1.3629815146125228,Cold 95%,Low-Low,p <= 0.05,32,4503.369922661588,57152.83645740137,24,0.2302913294933923,4,0,0.1466403162055336,0.6384615384615384,0.052478134110787174,1394,2535
36047012000,Census Tract 120; Kings County; New York,81,26,0,6.612244897959184,-1.0623636238553564,Not significant,Not significant,Not significant,54,14500.120175356962,71229.16129664518,20,0.24982492795392305,3,0,0.2800658978583196,0.6539589442815249,0.06830601092896176,618,1225
36047013000,Census Tract 130; Kings County; New York,134,31,0,2.393712040014291,-0.42411904967834446,Not significant,Not significant,Not significant,74,4971.085406145348,71920.45004692733,27,0.3134336048597006,7,1,0.14679556032939492,0.7026125625347415,0.04206602768903089,3080,5598
36047013500,Census Tract 135; Kings County; New York,96,39,0,2.2356776897997204,-1.0177289108916865,Not significant,Not significant,Not significant,51,3725.4110599917894,48389.3724239754,66,0.47483673269185894,1,3,0.0183977643223102,0.4569453174104337,0.08405296488198043,2051,4294
36047000100,Census Tract 1; Kings County; New York,126,47,0,2.616822429906542,1.4767274451890742,Not significant,Not significant,Not significant,87,19843.583881723778,94541.75270038583,65,0.33089310487680645,2,1,0.02792248385080225,0.32498072474942175,0.12483130904183536,2643,4815
36047075800,Census Tract 758; Kings County; New York,48,13,0,3.4285714285714284,-1.7123510499124954,Cold 95%,Low-Low,p <= 0.05,53,2112.1432566697094,75391.66496156312,15,0.6422650619129012,8,6,0.10590778097982709,0.43805309734513276,0.055710306406685235,878,1400
36081045600,Census Tract 456; Queens County; New York,27,4,0,2.2823330515638207,-1.2933353271337764,Not significant,Not significant,Not significant,30,6923.633566785999,70376.00286845755,17,0.6816851846441857,2,3,0.05409974640743871,0.17401960784313725,0.06422018348623854,563,1183
36081002200,Census Tract 22; Queens County; New York,112,46,0,5.541810984661059,-1.6015335215355404,Cold 99%,Low-Low,p <= 0.01,38,3206.3366451648744,60156.23970140011,2,0.248077843464369,4,1,0.09846610588817417,0.6827794561933535,0.06232294617563739,1082,2021
36081002400,Census Tract 24; Queens County; New York,52,21,0,2.5,-1.4835062914475892,Cold 95%,Low-Low,p <= 0.05,25,8355.3427460411,42295.37801876958,8,0.2955365099181908,4,1,0.15721153846153846,0.4883720930232558,0.024113475177304965,929,2080
36081003600,Census Tract 36; Queens County; New York,102,33,0,3.063063063063063,-0.7876772741937437,Not significant,Not significant,Not significant,50,3125.6150871035356,92527.11435360144,11,0.5223130724770974,5,0,0.13505311077389984,0.5588785046728972,0.11129568106312292,1847,3330
36081033900,Census Tract 339; Queens County; New York,101,40,0,3.1901452937460517,0.36863976889536804,Not significant,Not significant,Not significant,20,209.92239321382098,63091.76421797893,22,1.2097630609479952,0,4,0.2488945041061276,0.2403225806451613,0.0787518573551263,1531,3166
36081035100,Census Tract 351; Queens County; New York,423,301,261,11.756531406336855,0.685143554396623,Not significant,Not significant,Not significant,27,1407.5016698924012,54750.8069483218,10,1.1878670771935684,1,0,0.1489716509171762,0.4227586206896552,0.1475602586713698,1630,3598
36081018800,Census Tract 188; Queens County; New York,34,16,0,2.5073746312684366,-1.6867777741331977,Cold 95%,Low-Low,p <= 0.05,1,2019.7089918237116,41797.093346830836,14,2.2033360732856013,5,8,0.09292035398230089,0.32323232323232326,0.1101123595505618,590,1356
36081019200,Census Tract 192; Queens County; New York,56,28,0,2.5293586269196027,-1.537600332087297,Cold 95%,Low-Low,p <= 0.05,22,1949.8598101229625,72855.31447155388,12,1.95235858454845,2,4,0.08082191780821918,0.25329428989751096,0.01867816091954023,1208,2214
36081020600,Census Tract 206; Queens County; New York,80,23,0,5.047318611987381,0.2997684678467588,Not significant,Not significant,Not significant,19,7775.487723656938,67902.57426026875,6,0.6859936009811582,7,0,0.14006309148264984,0.645021645021645,0.076,741,1585
36081023600,Census Tract 236; Queens County; New York,211,60,0,5.870895937673901,1.740041180292635,Not significant,Not significant,Not significant,21,9041.11950564809,69264.3696207232,9,0.13723460239177213,4,4,0.1670391061452514,0.8184121621621622,0.07572209211553474,1796,3594
36081025100,Census Tract 251; Queens County; New York,165,59,0,2.8932140978432406,-0.7618776334486138,Not significant,Not significant,Not significant,104,27281.106254313654,134663.74601002884,32,0.2515105931761704,13,0,0.12249208025343189,0.5775147928994083,0.021613276727132383,2906,5703
36081026200,Census Tract 262; Queens County; New York,54,22,0,3.474903474903475,-1.3480010625867531,Not significant,Not significant,Not significant,22,3152.5342523983813,56109.95583861858,6,1.4522523634767168,14,0,0.182230869001297,0.39054726368159204,0.0405727923627685,819,1554
36081027200,Census Tract 272; Queens County; New York,75,36,0,3.9042165538781886,-1.3777396505515107,Cold 95%,Low-Low,p <= 0.05,36,5033.715735064807,75761.78770552923,8,2.220454668981474,6,8,0.09318063508589276,0.33807829181494664,0.09646302250803858,1018,1921
36081052400,Census Tract 524; Queens County; New York,52,26,0,2.4186046511627906,-2.0745997963158995,Cold 99%,Low-Low,p <= 0.001,16,11701.665776975446,93593.86167804842,7,2.2395740873699075,2,2,0.1027906976744186,0.259927797833935,0.1192368839427663,1189,2150
36081053200,Census Tract 532; Queens County; New York,38,19,0,1.756819232547388,-1.9176152251296958,Cold 99%,Low-Low,p <= 0.01,15,6721.5980084802095,83965.69093952962,8,3.248404822127153,5,0,0.1136576239476146,0.17580645161290323,0.03426791277258567,1265,2163
36047000900,Census Tract 9; Kings County; New York,166,67,0,3.17581786875837,2.0503854914066215,Hot 95%,Low-High,p <= 0.05,78,15388.946055929126,63605.29144369985,65,0.14793540277032952,2,2,0.029120198265179677,0.7375415282392026,0.07384615384615385,3034,5227
36047001300,Census Tract 13; Kings County; New York,268,115,0,10.643367752184274,2.822643188282886,Hot 95%,High-High,p <= 0.05,69,84599.43772527222,142640.71466571512,25,0.2667903496178325,0,0,0.10493552690084482,0.37849462365591396,0.12975670617592014,1193,2518
36047002300,Census Tract 23; Kings County; New York,72,30,0,2.1270310192023634,1.2164371885888792,Not significant,Not significant,Not significant,22,12890.804465015213,40716.2428547863,7,0.3520853385873116,0,0,0.33441654357459377,0.9423728813559322,0.05083655083655084,2327,3385
36047003600,Census Tract 36; Kings County; New York,29,8,0,0.7546187874056727,-1.439110621675047,Not significant,Not significant,Not significant,30,5977.643992795712,57940.168455896724,28,0.6369285522975923,0,0,0.19916688362405624,0.6794208893485005,0.0556640625,2045,3843
36047024100,Census Tract 241; Kings County; New York,208,77,0,6.594800253646164,-0.3271319452005601,Not significant,Not significant,Not significant,100,5853.085150658723,72499.52407473634,46,0.28919469058579017,8,2,0.22796448953709575,0.9006908462867013,0.10162916989914662,1357,3154
36047024400,Census Tract 244; Kings County; New York,42,11,0,1.1811023622047243,-1.316247417472395,Not significant,Not significant,Not significant,108,890.8070027301432,63480.313209739084,97,0.37310809566873104,4,0,0.36979314253329554,0.6746987951807228,0.06741573033707865,1860,3556
36047024700,Census Tract 247; Kings County; New York,263,104,0,10.325873576756969,1.4724134472063592,Not significant,Not significant,Not significant,61,10633.247755645489,62830.38364304344,30,0.13879697875068067,9,5,0.23444976076555024,0.902315484804631,0.08658294778585592,1306,2547
36047025200,Census Tract 252; Kings County; New York,128,38,0,2.8699551569506725,-1.2295586357719706,Not significant,Not significant,Not significant,49,13545.63168651364,72080.04046481483,35,0.17331166678978197,2,0,0.16345291479820628,0.7442563482466747,0.11170784103114931,2194,4460
36047025400,Census Tract 254; Kings County; New York,104,32,0,3.0258946755891767,-1.303178637443739,Not significant,Not significant,Not significant,25,13457.799301126604,86083.28774280283,15,0.12747324121465708,1,1,0.2531277276694792,0.6323404255319149,0.15951359084406294,1666,3437
36047025902,Census Tract 259.02; Kings County; New York,28,10,0,0.7376185458377239,-0.9054793005039039,Not significant,Not significant,Not significant,26,1729.781361452709,10829.262095165035,0,0.42275151714789067,0,0,0.4855110642781876,0.9088397790055248,0,2526,3796
36047026200,Census Tract 262; Kings County; New York,109,24,0,4.120982986767486,-0.9129529179401481,Not significant,Not significant,Not significant,32,1872.1617026512029,66717.65630638979,16,0.17895579600493564,1,4,0.15841209829867675,0.46938775510204084,0.0496969696969697,1395,2645
36047029000,Census Tract 290; Kings County; New York,152,51,0,4.097035040431267,-1.1270603817976395,Not significant,Not significant,Not significant,24,8544.80884419035,75921.39810276638,48,0.15349491705563628,1,1,0.2795148247978437,0.7896799477465709,0.0903149138443256,2006,3710
36047029700,Census Tract 297; Kings County; New York,122,63,0,3.046953046953047,-0.2972964567913802,Not significant,Not significant,Not significant,49,820.231833733876,60432.49915782032,29,0.22649086294731857,4,3,0.23201798201798202,0.6392961876832844,0.11566390041493776,2155,4004
36047030900,Census Tract 309; Kings County; New York,123,39,0,5.3971039929793765,0.47416402921742046,Not significant,Not significant,Not significant,47,3112.0536510505917,52992.343247035395,6,0.3945397567695855,9,5,0.3715415019762846,0.8542336548767417,0.0508646998982706,1183,2279
36047032100,Census Tract 321; Kings County; New York,213,82,0,4.2642642642642645,-0.14079940466685453,Not significant,Not significant,Not significant,64,2085.2655184992295,46848.98442733122,28,0.16974604326963125,0,4,0.1549748743718593,0.8414076782449725,0.08871303623490212,2548,4995
36081054500,Census Tract 545; Queens County; New York,94,26,0,2.557823129251701,0.3096072251394174,Not significant,Not significant,Not significant,25,5677.143468924269,54768.505998157016,13,0.5156228426715395,1,1,0.09224489795918367,0.7675250357653791,0.0642570281124498,1849,3675
36081037100,Census Tract 371; Queens County; New York,76,26,0,4.980340760157274,-0.31542259031588293,Not significant,Not significant,Not significant,31,6778.139006298796,60481.10710158756,3,1.5582592926683048,8,1,0.11598951507208388,0.3163097199341021,0.16506189821182943,780,1526
36081037700,Census Tract 377; Queens County; New York,150,40,0,4.205214465937763,0.697930192286272,Not significant,Not significant,Not significant,9,5062.128668293756,50960.009713273896,15,0.7293353570680646,3,1,0.16839741790625878,0.8891481913652275,0.07251082251082251,1536,3567
36081039400,Census Tract 394; Queens County; New York,109,54,0,3.3140772271207055,-0.9898280973566975,Not significant,Not significant,Not significant,40,14412.433825832833,162592.16369169144,26,3.318152536851025,23,10,0.22724458204334366,0.47578947368421054,0.08123791102514506,1851,3289
36081041300,Census Tract 413; Queens County; New York,220,75,0,4.786771105308964,0.8126008384546379,Not significant,Not significant,Not significant,22,7889.9257080901125,80147.03346162302,5,0.5779090602774651,2,2,0.33705161854768156,0.7091595845136922,0.018535681186283594,2637,4596
36081044000,Census Tract 440; Queens County; New York,153,56,0,4.0010460251046025,1.0817492093948562,Not significant,Not significant,Not significant,77,16363.344777605134,131202.46431705996,20,1.108962393224908,28,10,0.057838262235017014,0.4604185623293904,0.09991809991809991,1816,3824
36081045400,Census Tract 454; Queens County; New York,149,42,0,3.01010101010101,0.13025153362082062,Not significant,Not significant,Not significant,20,3202.3199298832305,73266.33870707647,27,0.3157379593916461,3,2,0.1752786220871327,0.531392694063927,0.06758914316125599,2471,4950
36081046000,Census Tract 460; Queens County; New York,586,308,161,9.72291355566617,2.6608195372981926,Hot 95%,Not significant,Not significant,27,10054.874528149916,89553.58809456031,33,0.246102860150145,8,1,0.22304457527333893,0.8059861036878675,0.02348643006263048,2978,6027
36081046500,Census Tract 465; Queens County; New York,387,106,0,9.332047263081746,2.4938113441095977,Hot 95%,High-High,p <= 0.05,40,4886.138291928005,54236.51239099464,7,0.2507542558541485,1,2,0.2959980478282089,0.8099089989888777,0.044444444444444446,1709,4147
36081047500,Census Tract 475; Queens County; New York,106,31,0,2.1174590491410306,0.0948271051578446,Not significant,Not significant,Not significant,47,7159.335709673648,105218.94539765114,24,0.3950458369244804,9,3,0.11497975708502024,0.7540983606557377,0.07720396452790819,2332,5006
36081050201,Census Tract 502.01; Queens County; New York,42,18,0,3.0927835051546393,-1.3998768544599922,Not significant,Not significant,Not significant,18,4969.187147098992,77059.02449008399,7,1.6542458297868354,8,0,0.07069219440353461,0.39863325740318906,0.12896825396825398,778,1358
36081050500,Census Tract 505; Queens County; New York,24,5,0,1.3722126929674099,-1.3115572389514354,Not significant,Not significant,Not significant,21,2118.572006395217,35666.89947673821,8,0.6464392614789781,11,0,0.032590051457975985,0.5392156862745098,0.11046511627906977,963,1749
36081059200,Census Tract 592; Queens County; New York,19,10,0,1.532258064516129,-1.8229434180443063,Cold 99%,Low-Low,p <= 0.01,29,12235.388900110665,86136.55479266986,13,4.741143077947687,3,0,0.22338709677419355,0.06531531531531531,0.053304904051172705,648,1240
36081060300,Census Tract 603; Queens County; New York,51,15,0,2.6507276507276507,-0.8393620152074099,Not significant,Not significant,Not significant,26,6122.391605889378,54589.64948326409,6,0.8418520051407341,9,1,0.09147609147609148,0.458005249343832,0.035443037974683546,1008,1924
36081061400,Census Tract 614; Queens County; New York,29,20,0,2.137067059690494,-1.787208469322376,Cold 99%,Low-Low,p <= 0.01,61,18418.804423580375,102216.2353246827,17,5.453026466088034,0,3,0.06632277081798084,0.11694510739856802,0.03456221198156682,692,1357
36047036200,Census Tract 362; Kings County; New York,262,101,0,8.478964401294498,-0.87482626814051,Not significant,Not significant,Not significant,78,13123.76079745821,77183.47092004151,34,0.22757458582589005,5,6,0.3791423001949318,0.7923133776792314,0.1326923076923077,1582,3090
36047036700,Census Tract 367; Kings County; New York,413,209,0,19.751315160210424,2.4326507326486024,Hot 95%,High-High,p <= 0.05,54,16617.39461753145,80198.65816236363,20,0.10485829954229392,6,4,0.28407460545193686,0.6822695035460993,0.06622516556291391,1147,2091
36047037700,Census Tract 377; Kings County; New York,183,65,0,3.595284872298625,0.1595661764263755,Not significant,Not significant,Not significant,55,0,73145.50836667117,18,0.3979187400605816,7,10,0.19839518555667002,0.6349372384937239,0.026476578411405296,2740,5090
36047038500,Census Tract 385; Kings County; New York,154,66,0,4.02825006539367,0.09069487537776628,Not significant,Not significant,Not significant,65,0,63927.63652493315,23,0.4519629348920538,9,15,0.12947946638765367,0.6938255887969447,0.11041902604756512,2030,3823
36047039200,Census Tract 392; Kings County; New York,55,17,0,1.7793594306049823,-1.2080301586040623,Not significant,Not significant,Not significant,22,8563.162409069251,70396.157594292,32,0.670370650118004,1,0,0.16531866709802653,0.6756007393715342,0.09228187919463088,1393,3091
36047039500,Census Tract 395; Kings County; New York,141,52,0,3.4533431300514326,0.492229398367097,Not significant,Not significant,Not significant,53,10020.722704087751,74389.4318598321,34,0.348668432467968,7,22,0.2713690913543963,0.8111281265952016,0.03734643734643735,2460,4083
36047033100,Census Tract 331; Kings County; New York,143,91,64,3.741496598639456,-0.5253248324901141,Not significant,Not significant,Not significant,70,1059.7441776468918,24251.840592350425,29,0.5821899170361581,3,0,0.2967032967032967,0.8209982788296041,0.029510022271714922,1856,3822
36047034100,Census Tract 341; Kings County; New York,129,63,0,5.031201248049922,0.020238384134894108,Not significant,Not significant,Not significant,85,1847.7904908584997,32433.41675875829,33,0.5061849336933993,1,1,0.19620526088831391,0.9122657580919932,0.07046714172604909,1286,2564
36047035500,Census Tract 355; Kings County; New York,197,76,0,3.904082441537852,-0.6521025093359308,Not significant,Not significant,Not significant,76,12219.94443348876,67070.67764371433,11,0.5009512842830861,3,0,0.11454617518826793,0.9134429400386848,0.056138749429484255,2923,5046
36047040300,Census Tract 403; Kings County; New York,143,56,0,3.591160220994475,0.5088420603157513,Not significant,Not significant,Not significant,69,4388.500950333084,74875.47244884881,15,0.26226342693323984,12,3,0.1304785894206549,0.6400268636668905,0.10677864427114576,2052,3982
36047040900,Census Tract 409; Kings County; New York,114,55,0,2.9298380878951424,-0.6487351965840948,Not significant,Not significant,Not significant,48,3095.418131829279,72208.06069718531,21,0.26202073105587714,4,9,0.2007196093549216,0.867737003058104,0.05010893246187364,2060,3891
36047041402,Census Tract 414.02; Kings County; New York,40,12,0,1.9398642095053347,-1.8809919832532742,Cold 99%,Low-Low,p <= 0.01,30,8211.198027105773,64838.968816124965,11,0.38320738196574616,6,0,0.25520317145688803,0.7767123287671233,0.07711757269279393,1116,2062
36047042200,Census Tract 422; Kings County; New York,59,17,0,1.8653177363262725,-1.859334622738195,Cold 99%,Low-Low,p <= 0.01,65,25598.62252360373,102069.34013860943,27,0.34329660341511004,11,1,0.2933816266052025,0.6027397260273972,0.14476987447698744,1370,3163
36047044800,Census Tract 448; Kings County; New York,65,16,0,3.3960292580982236,-1.895626192997459,Cold 99%,Low-Low,p <= 0.01,24,21506.385661796456,87224.60667494709,30,0.33652189452296993,2,0,0.05590386624869383,0.4795783926218709,0.13157894736842105,867,1914
36047047600,Census Tract 476; Kings County; New York,47,12,0,1.2160413971539457,-1.6889088804481391,Cold 95%,Low-Low,p <= 0.05,69,3794.6260027296894,70596.33760933841,32,0.3134302724278691,7,0,0.22923673997412677,0.5280777537796977,0.14811407543698252,2262,3865
36081062000,Census Tract 620; Queens County; New York,26,6,0,1.6828478964401294,-1.6094141971948939,Cold 95%,Low-Low,p <= 0.05,24,7517.602998433487,87672.54050324314,7,5.23815751986778,3,6,0.01488673139158576,0.019083969465648856,0.024208566108007448,838,1545
36081062600,Census Tract 626; Queens County; New York,107,50,0,3.244390539721043,-0.8012584147972466,Not significant,Not significant,Not significant,82,27727.11117868813,185536.28321222824,29,4.546860275805447,16,3,0.030927835051546393,0.12593383137673425,0.03202479338842975,1726,3298
36081063200,Census Tract 632; Queens County; New York,45,18,0,1.8007202881152462,-1.778493729278943,Cold 99%,Low-Low,p <= 0.01,49,11038.604775020096,120447.0259810048,20,5.421476048104462,1,2,0.047850770478507706,0.15,0.0425531914893617,1282,2499
36081063500,Census Tract 635; Queens County; New York,83,25,0,3.1261770244821094,-1.1073540198933058,Not significant,Not significant,Not significant,49,4233.543861669209,87328.57254445823,21,1.4900244550467567,6,3,0.08710407239819004,0.37942122186495175,0.09152872444011685,1474,2655
36081063900,Census Tract 639; Queens County; New York,86,39,0,2.7626084163186637,-0.9457468921124893,Not significant,Not significant,Not significant,311,19945.963125013077,108486.42781676464,30,1.1992266518487362,7,1,0.055894635399935756,0.46153846153846156,0.03336510962821735,1719,3113
36081065000,Census Tract 650; Queens County; New York,60,24,0,2.0964360587002098,-1.277391154293325,Not significant,Not significant,Not significant,38,6853.499539426037,158698.7328549799,18,5.819348689921238,10,1,0.0576992426974396,0.13854748603351955,0.04584221748400853,1460,2862
36081066000,Census Tract 660; Queens County; New York,64,36,0,1.7957351290684624,-0.8453843074475424,Not significant,Not significant,Not significant,45,16504.695487925866,167928.32713356393,14,6.337162834907946,7,12,0.011315417256011316,0.43301642178046673,0.00856898029134533,2003,3564
36081054900,Census Tract 549; Queens County; New York,312,97,0,5.9012672593153015,0.9909411676560165,Not significant,Not significant,Not significant,95,4363.501274682369,74273.04959137982,43,0.0641817926631339,8,0,0.10005739429883298,0.9614147909967846,0.09382284382284382,2552,5287
36081055400,Census Tract 554; Queens County; New York,25,10,0,0.9619084263178146,-1.3275014117918869,Not significant,Not significant,Not significant,32,9426.809399578644,77914.48425769007,16,4.057907618388024,4,1,0.1592920353982301,0.4332909783989835,0,1336,2599
36081091900,Census Tract 919; Queens County; New York,95,34,0,1.8147086914995225,-0.5965256165898425,Not significant,Not significant,Not significant,42,17173.51481402836,152519.9064679298,21,2.461103213630133,26,1,0.14527742481999154,0.40208447613823367,0.05101509630400833,2408,5235
36081093800,Census Tract 938; Queens County; New York,171,68,0,3.4193161367726455,-0.8393620152074099,Not significant,Not significant,Not significant,254,66309.7062058968,228410.83528667258,31,0.30204926729511694,36,17,0.10956483322288492,0.8361220472440944,0.13678844519966016,2593,5001
36081069300,Census Tract 693; Queens County; New York,134,53,0,4.617505168849069,-1.2350776698079629,Cold 95%,Low-Low,p <= 0.05,69,7676.129240583543,65594.45151358975,30,0.17252718063182523,2,4,0.10130944176430048,0.7628205128205128,0.07280832095096583,1580,2902
36081070700,Census Tract 707; Queens County; New York,31,15,0,1.2380191693290734,-1.9379354576834582,Cold 99%,Low-Low,p <= 0.01,53,3747.294848287724,99086.4465039892,57,1.187996930667704,2,13,0.025179856115107913,0.1817258883248731,0.046466602129719266,1312,2504
36081072900,Census Tract 729; Queens County; New York,33,7,0,2.3470839260312943,-1.8518609319141879,Cold 99%,Low-Low,p <= 0.0001,43,1934.43646801371,83208.19809548062,30,1.179538000692161,2,0,0.11814946619217082,0.225,0.09262759924385633,672,1406
36081101002,Census Tract 1010.02; Queens County; New York,65,23,0,1.0634816753926701,-0.2853111291152204,Not significant,Not significant,Not significant,68,25940.381417967932,149597.7197292818,30,1.3352081277393717,62,0,0.14165705814528085,0.5106723585912487,0.02344971339239187,2714,6112
36047049600,Census Tract 496; Kings County; New York,159,49,0,3.7633136094674557,-1.594057398059641,Cold 99%,Low-Low,p <= 0.01,22,10057.816361927496,77158.06410286168,37,0.07424708300780658,9,1,0.2708029197080292,0.662557781201849,0.11880515953835709,1669,4225
36047042700,Census Tract 427; Kings County; New York,203,61,0,4.9536359199609565,1.1704984882470337,Not significant,Not significant,Not significant,44,9654.883073771083,64836.56414510079,12,0.48673207341647384,8,11,0.1173743289409468,0.9048637092463923,0.009004237288135594,1902,4098
36047043400,Census Tract 434; Kings County; New York,70,26,0,1.7094017094017093,-0.9645118442598547,Not significant,Not significant,Not significant,17,22717.81323981539,78049.4557941721,14,0.351236157928775,3,0,0.3103785103785104,0.731437598736177,0.09571428571428571,2028,4095
36047043700,Census Tract 437; Kings County; New York,164,58,0,3.2578466428287642,0.45498407238294775,Not significant,Not significant,Not significant,45,344.7064309119595,80275.51549796267,18,0.4506063200953884,4,2,0.19348430671434247,0.8402603905858789,0.08183908045977012,2237,5034
36047050700,Census Tract 507; Kings County; New York,211,65,0,4.829480430304417,-0.19500335367419117,Not significant,Not significant,Not significant,50,21017.9392299228,94078.65885298853,24,0.27533523632229084,22,0,0.3648432135500114,0.7349112426035503,0.056919642857142856,2023,4369
36047051500,Census Tract 515; Kings County; New York,149,53,0,5.1539259771705295,-0.13624392671243996,Not significant,Not significant,Not significant,50,24044.109596880473,80590.27130489067,10,0.5612132741421693,6,1,0.040995607613469986,0.7775157232704403,0.024539877300613498,1280,2891
36047052500,Census Tract 525; Kings County; New York,192,85,0,5.781391147244806,0.3432702124716169,Not significant,Not significant,Not significant,60,19182.20441207795,70177.04029462194,26,0.1960555156756616,8,1,0.20133010882708585,0.9146685472496474,0.018005540166204988,1702,3321
36047055300,Census Tract 553; Kings County; New York,384,123,0,10.651872399445216,1.337453191540719,Not significant,Not significant,Not significant,28,19100.942186418422,90381.09487632706,54,0.22065164852628466,5,3,0.20982514571190675,0.8526315789473684,0.025347012673506336,1675,3605
36047056200,Census Tract 562; Kings County; New York,17,3,0,0.955593029792018,-1.8832697222304815,Cold 99%,Low-Low,p <= 0.01,48,0,72449.57885907913,22,0.918870840118707,8,0,0.1017425519955031,0.11610486891385768,0.13452188006482982,813,1779
36047056800,Census Tract 568; Kings County; New York,25,3,0,1.8953752843062925,-1.8942744084160805,Cold 99%,Low-Low,p <= 0.001,12,12762.496034962049,72047.81278502734,9,1.577920682638406,2,1,0.14404852160727824,0.23669724770642203,0.10066006600660066,677,1319
36047057300,Census Tract 573; Kings County; New York,71,29,0,2.610294117647059,-0.4574051224986769,Not significant,Not significant,Not significant,40,9574.065788117945,89037.998854213,23,0.43141349899750236,3,1,0.07055781307720724,0.6455516014234876,0.08109875735775017,1327,2720
36047054200,Census Tract 542; Kings County; New York,56,19,0,1.3789706968726914,-1.4097339531908109,Not significant,Not significant,Not significant,36,3841.600472731252,70048.21714626756,25,0.5348360740127102,3,0,0.24328983009111058,0.8113924050632911,0.08723281340265743,1796,4061
36047119000,Census Tract 1190; Kings County; New York,165,47,0,9.243697478991596,0.7980921890885189,Not significant,Not significant,Not significant,61,15700.359589019032,74721.52252060146,10,0.39658784827493804,2,0,0.30846887268648343,0.7642956764295676,0.056578947368421055,1106,1785
36047063800,Census Tract 638; Kings County; New York,34,11,0,1.8065887353878853,-2.0885898649460852,Cold 99%,Low-Low,p <= 0.0001,45,13900.723252825883,73148.97238474846,23,1.6169612155079949,2,0,0.06588735387885228,0.375,0.10752688172043011,934,1882
36047065000,Census Tract 650; Kings County; New York,45,14,0,3.4992223950233283,-2.152747310640232,Cold 99%,Low-Low,p <= 0.0001,32,11018.78040463028,59924.12786520104,8,1.852848355260192,7,4,0.10730948678071539,0.2821869488536155,0.05342237061769616,632,1286
36047065800,Census Tract 658; Kings County; New York,42,13,0,2.3917995444191344,-1.8841871632100937,Cold 99%,Low-Low,p <= 0.0001,29,2682.9597349573023,67951.74385286702,48,2.2465889725142314,2,2,0.16400911161731208,0.19803600654664485,0.11959654178674352,956,1756
36081078800,Census Tract 788; Queens County; New York,87,34,0,3.9853412734768665,0.02920264229865072,Not significant,Not significant,Not significant,33,1818.5629129277663,59958.09147493742,9,3.4615848515026504,26,2,0.03664681630783326,0.3333333333333333,0.06738131699846861,1047,2183
36081081400,Census Tract 814; Queens County; New York,182,62,0,4.553415061295972,-0.4123761977982178,Not significant,Not significant,Not significant,59,11875.082934921942,150663.42052176018,19,2.4957957147281977,31,5,0.18213660245183888,0.15670910871694418,0.0743427017225748,1792,3997
36081084500,Census Tract 845; Queens County; New York,113,28,0,2.5336322869955157,-1.0063265627536533,Not significant,Not significant,Not significant,9,4197.42304214956,55286.20555476719,10,1.3452646096172751,6,1,0.24152637485970818,0.880129091747349,0.00641319285387082,2376,4460
36081085900,Census Tract 859; Queens County; New York,99,35,0,1.7722878625134264,-1.2424567377774567,Not significant,Not significant,Not significant,28,9274.448802456867,58896.29967819557,10,0.9314205142744305,1,1,0.21812320916905445,0.5031393888656341,0.04210104250200481,3046,5586
36081133900,Census Tract 1339; Queens County; New York,38,11,0,2.6592022393282013,-1.0653591065096042,Not significant,Not significant,Not significant,39,13719.456324543025,87007.20107480208,12,1.8527469509942227,1,0,0.06578026592022393,0.006211180124223602,0,732,1429
36081140300,Census Tract 1403; Queens County; New York,47,18,0,2.122854561878952,-1.649821986314776,Cold 99%,Low-Low,p <= 0.01,57,7331.544706073764,126724.57148232726,27,4.119441244692454,5,1,0.10659439927732611,0.11772151898734177,0.043583535108958835,1030,2214
36081094500,Census Tract 945; Queens County; New York,152,62,0,3.8403233956543708,-0.6851578061107219,Not significant,Not significant,Not significant,81,32495.56211943254,337094.42808970035,41,3.4336385706849972,96,0,0.1427488630621526,0.21818181818181817,0.04247910863509749,2149,3958
36081099200,Census Tract 992; Queens County; New York,136,58,0,3.119981647166781,-0.7064688692601363,Not significant,Not significant,Not significant,119,52237.37424065765,187503.98462137402,6,0.08451738982435812,101,14,0.42625645843118837,0.8283723875870804,0.0793002915451895,2300,4359
36081111300,Census Tract 1113; Queens County; New York,55,19,0,2.026529108327192,-1.4566182921195225,Cold 95%,Low-Low,p <= 0.05,49,27030.16780846756,209751.69613163863,37,5.695456746358703,16,0,0.10685335298452468,0.3697478991596639,0.04142692750287687,1324,2714
36081112900,Census Tract 1129; Queens County; New York,35,15,0,1.588021778584392,-1.43683288269784,Not significant,Not significant,Not significant,33,14658.916933298497,129453.69711593006,10,4.536388202703785,1,6,0.0603448275862069,0.3553113553113553,0.09502762430939227,1221,2204
36081117500,Census Tract 1175; Queens County; New York,98,45,0,2.195340501792115,-1.8332088354592468,Cold 99%,Low-Low,p <= 0.01,147,17206.014188055226,221179.89089069818,24,2.844826711366113,5,0,0.16689068100358423,0.5390851187029531,0.03411633109619687,2150,4464
36081119900,Census Tract 1199; Queens County; New York,29,10,0,1.7251635930993456,-1.8819759618002574,Cold 99%,Low-Low,p <= 0.001,16,6367.844319285137,69177.63984594293,6,1.8567398925933878,2,0,0.06678809957498483,0.06031128404669261,0.0603290676416819,853,1681
36081125700,Census Tract 1257; Queens County; New York,83,35,0,2.624920936116382,-1.0495769859657078,Not significant,Not significant,Not significant,35,11065.125152588169,130540.66586790657,24,1.8822691732157304,4,3,0.11240438975723312,0.3610842207163601,0.1048526863084922,1495,3162
36081145101,Census Tract 1451.01; Queens County; New York,18,2,0,1.6319129646418857,-1.5743941132909955,Cold 95%,Low-Low,p <= 0.05,18,9504.061181440287,97976.28307691298,33,3.859042623402581,6,2,0.09363636363636364,0.3608490566037736,0.03416856492027335,454,1103
36047067200,Census Tract 672; Kings County; New York,59,28,0,4.2476601871850255,-1.7739382513245283,Cold 99%,Low-Low,p <= 0.01,28,12824.286818480048,70210.57440936416,10,2.2928432594786687,7,2,0.02159827213822894,0.13870246085011187,0.17679558011049723,808,1389
36047068200,Census Tract 682; Kings County; New York,52,14,0,1.7887856897144823,-1.6114101362521493,Cold 95%,Low-Low,p <= 0.05,37,4903.492626706186,80196.99407409533,11,2.6812611398200126,5,5,0.043343653250773995,0.2045977011494253,0.039735099337748346,1362,2907
36047077400,Census Tract 774; Kings County; New York,138,38,0,4.748795595320027,-0.9175083958945627,Not significant,Not significant,Not significant,58,11266.533281978396,69927.65578414268,29,0.18675082994798897,2,1,0.09222298692360634,0.8868085106382979,0.06449044585987261,1389,2906
36047078200,Census Tract 782; Kings County; New York,97,49,0,2.373959862946647,-1.521709064056399,Cold 95%,Low-Low,p <= 0.05,20,1803.463238780978,60339.73568156155,20,0.6344493408967965,6,2,0.15467449828683308,0.735895846249225,0.10785398230088496,2379,4086
36047081000,Census Tract 810; Kings County; New York,120,54,0,5.7115659209900045,-0.12510141019121496,Not significant,Not significant,Not significant,57,1403.5192395880558,47071.94556672529,7,0.5505282254522335,2,5,0.22655878153260353,0.7293086660175268,0.21722560975609756,1441,2101
36047082600,Census Tract 826; Kings County; New York,201,86,0,4.87627365356623,0.06392525618132115,Not significant,Not significant,Not significant,88,2263.7372332114974,80929.15382618758,22,0.0038819766016889,4,8,0.1661807580174927,0.801218161683278,0.16311399443929564,2120,4122
36047083400,Census Tract 834; Kings County; New York,54,18,0,2.936378466557912,-1.6896619091678562,Cold 99%,Low-Low,p <= 0.01,28,529.6537432906196,52242.25813652631,14,0.8586720279451979,4,2,0.10594900849858357,0.23476702508960573,0.11287758346581876,1070,1839
36047084000,Census Tract 840; Kings County; New York,80,28,0,3.5938903863432166,-1.3958335811081075,Cold 95%,Low-Low,p <= 0.05,35,3413.0390367135033,55871.69618527106,9,1.4654910260520937,2,1,0.0862533692722372,0.4079110012360939,0.05820721769499418,1132,2226
36047086000,Census Tract 860; Kings County; New York,239,87,0,9.097830224590789,-0.8279419292117981,Not significant,Not significant,Not significant,22,6473.380848067,70331.68950058514,8,1.4105270123740032,8,1,0.11343738104301485,0.7061068702290076,0.19570222563315426,1345,2627
36047086800,Census Tract 868; Kings County; New York,174,73,0,5.894308943089431,-0.09752236409991498,Not significant,Not significant,Not significant,26,8093.187196472513,58135.09930194694,10,1.302781567664663,9,1,0.23001355013550134,0.8306389530408006,0.18095838587641866,1659,2952
36047072000,Census Tract 720; Kings County; New York,80,31,0,4.767580452920143,-1.875412030294471,Cold 99%,Low-Low,p <= 0.01,24,24388.89508801597,96632.63003890621,10,2.375745061547241,2,1,0.24195470798569726,0.6165540540540541,0.17663421418636996,894,1678
36047072400,Census Tract 724; Kings County; New York,88,26,0,5.548549810844893,-1.208021087253152,Not significant,Not significant,Not significant,58,11305.507800539302,68787.30257152465,6,1.7471420138573304,7,11,0.17402269861286254,0.4722662440570523,0.22860635696821516,925,1586
36047074000,Census Tract 740; Kings County; New York,123,69,35,3.742013994523882,-1.6668845193957826,Cold 99%,Low-Low,p <= 0.01,35,12793.560526270034,80507.32379067615,14,0.8134008201517572,2,1,0.15424399148159415,0.6956937799043063,0.0160075329566855,1507,3287
36047075600,Census Tract 756; Kings County; New York,35,11,0,2.0348837209302326,-1.9106025899569696,Cold 99%,Low-Low,p <= 0.01,43,3980.776192214248,59040.53219718146,29,0.9692801836205746,1,5,0.10348837209302325,0.36182336182336183,0.11475409836065574,750,1720
36047076600,Census Tract 766; Kings County; New York,45,23,0,2.116650987770461,-1.22478871857589,Not significant,Not significant,Not significant,36,6751.225895244809,47901.343404562525,15,0.5505682164496222,3,6,0.11429915333960489,0.8575342465753425,0.06290115532734275,1137,2126
36047094402,Census Tract 944.02; Kings County; New York,33,17,0,1.3918177983973008,-1.1218268751483131,Not significant,Not significant,Not significant,15,6828.954250511311,19241.766877005484,10,2.053126856474767,0,0,0.4314635175031632,0.9717514124293786,0.18993135011441648,1477,2371
36081157102,Census Tract 1571.02; Queens County; New York,62,15,0,3.369565217391304,-0.9494203082368151,Not significant,Not significant,Not significant,46,11699.644778750338,95866.36843761228,12,5.553112859266572,0,0,0.03641304347826087,0.37254901960784315,0.10656934306569343,900,1840
36081097202,Census Tract 972.02; Queens County; New York,74,32,0,2.1270480022995115,-0.5262028187205202,Not significant,Not significant,Not significant,62,26590.56770117969,82810.46409972597,5,0.4022727434011454,11,0,0.4535786145444093,1,0.01812688821752266,1897,3479
36047098600,Census Tract 986; Kings County; New York,75,41,0,3.2037590773173856,-1.7869397709354455,Cold 99%,Low-Low,p <= 0.01,42,5960.744826470309,74932.9018918171,10,0.6649214315644421,1,1,0.08586074327210594,0.56,0.17652027027027026,1415,2341
36047099000,Census Tract 990; Kings County; New York,45,14,0,3.0425963488843815,-1.8035488580282242,Cold 99%,Low-Low,p <= 0.01,19,6607.548331639507,59385.24310266975,15,0.8552604672765302,11,4,0.11983750846310089,0.43392070484581496,0.16236162361623616,747,1479
36047100600,Census Tract 1006; Kings County; New York,51,19,0,1.9101123595505618,-1.9219912848430065,Cold 99%,Low-Low,p <= 0.001,9,0.17014500988456743,57892.157458580485,6,1.6012660278098478,1,1,0.09299698795180723,0.3288135593220339,0.11322645290581163,1382,2670
36047101600,Census Tract 1016; Kings County; New York,10,3,0,0.5271481286241434,-1.9336294375867142,Cold 99%,Low-Low,p <= 0.001,4,3184.689851976878,39909.15075615493,6,1.2179448625014253,0,0,0.012664907651715039,0.1442125237191651,0.06060606060606061,971,1897
36047102200,Census Tract 1022; Kings County; New York,94,48,0,4.547653604257378,-2.0682458045077152,Cold 99%,Low-Low,p <= 0.0001,21,5574.0161090212405,64240.493996609956,18,1.512994150446514,7,8,0.062409288824383166,0.4590395480225989,0.1650943396226415,1167,2067
36047111800,Census Tract 1118; Kings County; New York,176,84,0,4.545454545454546,0.7498916139858838,Not significant,Not significant,Not significant,20,1334.4934325890952,59012.72216363024,13,0.7183724336491557,17,2,0.1771694214876033,0.7091795288383428,0.1281869688385269,1855,3872
36047114202,Census Tract 1142.02; Kings County; New York,74,26,0,3.1746031746031744,-0.6665657843976387,Not significant,Not significant,Not significant,61,10254.009122350633,39732.329512430806,20,0.4953781099612274,5,0,0.3590733590733591,0.8249475890985325,0.08445297504798464,1120,2331
36047116400,Census Tract 1164; Kings County; New York,470,275,163,11.941056910569106,0.6359095865608536,Not significant,Not significant,Not significant,33,571.8620911700503,73620.90963831746,11,0.40386026184585744,10,17,0.06411900487304437,0.5420928402832416,0.06818181818181818,2147,3936
36047117000,Census Tract 1170; Kings County; New York,224,95,0,11.475409836065573,0.7156304507631113,Not significant,Not significant,Not significant,22,5507.340528855871,68463.4720973243,9,0.291409195584953,4,0,0.33452868852459017,0.7868852459016393,0.08429561200923788,1164,1952
36047117400,Census Tract 1174; Kings County; New York,226,79,0,5.905408936503789,-0.22660504731046932,Not significant,Not significant,Not significant,44,7266.125444806814,90398.89213838476,26,0.16318645213161648,14,2,0.1408413901228116,0.8021390374331551,0.13081009296148738,2115,3827
36047118400,Census Tract 1184; Kings County; New York,290,123,0,6.009117281392458,-0.6696064635737714,Not significant,Not significant,Not significant,50,8605.101811760487,82909.70123757997,23,0.38986150495022237,3,3,0.1726067136344799,0.7353485502776064,0.09491903964265773,2079,4826
36047120000,Census Tract 1200; Kings County; New York,194,59,0,6.639288158795345,0.42635760065777667,Not significant,Not significant,Not significant,35,4313.95576929616,60516.95691371207,16,0.3055603638804446,12,4,0.19059583632447955,0.7333974975938402,0.01981132075471698,1373,2922
36061008601,Census Tract 86.01; New York County; New York,96,33,0,2.881152460984394,-0.15773374626186012,Not significant,Not significant,Not significant,62,6699.262626377331,31593.78796509536,26,1.1173290769865882,2,0,0.17195527349652462,0.7908640616400661,0.275518341307815,1410,3332
36061021500,Census Tract 215; New York County; New York,171,79,0,4.426611441884545,3.0265963262024647,Hot 95%,High-High,p <= 0.05,33,3710.5324558684456,28616.590731620003,23,0.36224202591414384,9,0,0.19414962464405902,0.9346512904997254,0.0803030303030303,2115,3863
36061025700,Census Tract 257; New York County; New York,551,284,49,12.40153049741166,2.8092014204287774,Hot 95%,High-High,p <= 0.05,75,3351.033440389612,63751.921705552624,58,0.33055046169402486,5,0,0.16025208192662616,0.7561946902654867,0.08130081300813008,2246,4443
36005018101,Census Tract 181.01; Bronx County; New York,181,75,0,6.282540784449844,1.2196922747103263,Not significant,Not significant,Not significant,24,2107.6856979872555,35450.62834893502,5,0.3103065196343619,0,5,0.2312239221140473,0.9169741697416974,0,1178,2881
36005000100,Census Tract 1; Bronx County; New York,5,5,0,0.1694915254237288,-0.10450749653139416,Not significant,Not significant,Not significant,0,2447.305438770496,4894.610877540992,2,2.6985859265721968,0,0,NA,NA,NA,444,2950
36005017901,Census Tract 179.01; Bronx County; New York,163,66,0,3.280998389694042,2.288636526781012,Hot 95%,Low-High,p <= 0.05,13,1110.3120367169151,26249.230429315412,3,0.2990848031105025,0,1,0.20169082125603865,0.8732227488151659,0.02484113229347198,2437,4968
36005020502,Census Tract 205.02; Bronx County; New York,141,63,0,6.048906048906049,-0.1159190277680617,Not significant,Not significant,Not significant,50,6606.146479064125,24008.20088611277,8,0.7241250870730273,11,2,0.2392055267702936,0.8778846153846154,0.013282732447817837,1115,2331
36005022403,Census Tract 224.03; Bronx County; New York,389,159,0,13.98274622573688,0.5074851812284086,Not significant,Not significant,Not significant,55,8804.435809577582,34376.72927809591,13,0.19991598288571372,1,0,0.14018691588785046,0.8232235701906413,0.08194112967382657,1589,2782
36005023800,Census Tract 238; Bronx County; New York,255,102,0,9.992163009404388,0.29704766574732316,Not significant,Not significant,Not significant,170,30644.814279146638,99897.25639704442,264,0.8425818168407216,16,11,0.2194059405940594,0.6982543640897756,0.08027522935779817,1286,2552
36005033700,Census Tract 337; Bronx County; New York,169,83,0,5.284552845528455,-1.1838366838070185,Not significant,Not significant,Not significant,128,29971.053915186007,139857.71674143514,45,1.9171756895353824,34,10,0.05027044225262488,0.27740705433746427,0.046363636363636364,1792,3198
36005040304,Census Tract 403.04; Bronx County; New York,245,93,0,6.99600228440891,3.1391447225117375,Hot 95%,High-High,p <= 0.05,19,11390.931491502735,42466.00677863712,5,0.1610081123433224,1,0,0.3772130211307824,0.9629044988161011,0.04808414725770098,1875,3502
36005005300,Census Tract 53; Bronx County; New York,152,76,0,3.7392373923739237,-0.011296832189191901,Not significant,Not significant,Not significant,32,1247.4511708192135,2832.4390180253754,5,0.7253052355697035,0,0,0.6388683886838868,0.9863692688971499,0.026537997587454766,2188,4065
36005014702,Census Tract 147.02; Bronx County; New York,104,38,0,2.101010101010101,0.42175066923119287,Not significant,Not significant,Not significant,56,9372.295116908519,42318.19151882075,11,0.8083021292667364,2,0,0.36262626262626263,0.9844074844074844,0,2897,4950
36005031900,Census Tract 319; Bronx County; New York,4,1,0,0.5772005772005772,-0.8243062846070787,Not significant,Not significant,Not significant,10,1779.5363879051506,1779.5363879051506,2,2.939652802898677,1,0,0.88,1,0,365,693
36047004400,Census Tract 44; Kings County; New York,42,15,0,1.8625277161862528,-1.5917326216668326,Cold 95%,Low-Low,p <= 0.05,93,12175.466518358637,149093.21805677962,40,0.8806139540215144,9,1,0.057649667405764965,0.24295010845986983,0.08531746031746032,1180,2255
36047030500,Census Tract 305; Kings County; New York,214,90,0,3.0711825487944893,0.5761362041043107,Not significant,Not significant,Not significant,69,7019.061092682008,81416.33359670872,57,0.3071961988181534,29,8,0.1305322966507177,0.8790516206482593,0.018267530936947555,3639,6968
36047051001,Census Tract 510.01; Kings County; New York,146,57,0,3.2531194295900177,-0.396323610608828,Not significant,Not significant,Not significant,28,4005.374418200262,32274.442881139763,4,0.4621884598496228,1,0,0.20655080213903743,1,0.07925407925407925,2357,4488
36047061004,Census Tract 610.04; Kings County; New York,107,33,0,2.02728306176582,-1.091638411926016,Not significant,Not significant,Not significant,69,14528.484715984661,89488.63511535787,19,0.5347823700382335,5,1,0.21883289124668434,0.8742720109626585,0.04357798165137615,3001,5278
36047093200,Census Tract 932; Kings County; New York,132,47,0,8.434504792332268,-1.3905539963563378,Cold 95%,Low-Low,p <= 0.05,71,11368.446425542188,88562.9756563728,4,1.6201687556308793,2,0,0.18665811417575368,0.36077844311377244,0,801,1565
36047123700,Census Tract 1237; Kings County; New York,136,37,0,1.410495747770172,-0.6635774357401677,Not significant,Not significant,Not significant,74,9147.426642263115,107987.29665597956,47,0.6825142293833951,41,0,0.40043559427504666,0.7464424320827943,0.07976190476190476,4585,9642
36047070202,Census Tract 702.02; Kings County; New York,24,12,0,171.42857142857142,-1.324156540538076,Not significant,Not significant,Not significant,11,32632.500151908596,32632.500151908596,4,4.8018940052493075,3,0,0,1,0,0,14
36081018102,Census Tract 181.02; Queens County; New York,109,37,0,2.9619565217391304,-0.19196559939316662,Not significant,Not significant,Not significant,18,5617.36141573538,42337.53756665086,10,0.157911942139216,1,2,0.057880434782608695,0.8260144524735964,0.05465055176037835,1957,3680
36081026902,Census Tract 269.02; Queens County; New York,160,46,0,3.5979311895659993,2.6899745651605893,Hot 95%,Low-High,p <= 0.05,29,3414.082260739891,39190.258703307234,19,0.25270797269427775,0,2,0.1271129141311697,0.7437626432906271,0.04568854568854569,2021,4447
36081035700,Census Tract 357; Queens County; New York,224,83,0,5.0359712230215825,-0.4214251970703524,Not significant,Not significant,Not significant,49,39020.89197902768,190641.54148345516,15,2.1013652936636738,18,18,0.18863241499131297,0.5028949545078577,0.2663834951456311,2437,4448
36081065703,Census Tract 657.03; Queens County; New York,62,23,0,1.9200991018891298,-1.7393139810567095,Cold 99%,Low-Low,p <= 0.01,60,10485.8294067715,100300.43223927407,27,1.2779407367202307,9,5,0.027596899224806203,0.23962264150943396,0.0782608695652174,1840,3229
36081074900,Census Tract 749; Queens County; New York,14,7,0,0.8641975308641975,-1.227698601838469,Not significant,Not significant,Not significant,21,26263.15692147111,36040.412633090775,6,0.6110538595550564,28,1,0.027160493827160494,0.1681260945709282,0.0819935691318328,835,1620
36081006201,Census Tract 62.01; Queens County; New York,75,31,0,1.2776831345826236,0.39219674789968545,Not significant,Not significant,Not significant,42,9142.032129038364,59736.58354198354,6,1.0893745088731492,1,0,0.07989778534923339,0.1846049046321526,0.11406155703077851,2881,5870
36081079701,Census Tract 797.01; Queens County; New York,50,11,0,0.7616146230007617,1.0869019040479095,Not significant,Not significant,Not significant,16,2396.643371956171,18238.980797241187,9,0.8249233972853499,0,0,0.1675807434491164,0.7259086362120707,0.017043592264831202,3535,6565
36081099704,Census Tract 997.04; Queens County; New York,67,23,0,0.9412756392245013,-1.6138698255753139,Cold 99%,Low-Low,p <= 0.01,39,12985.90833966294,84034.40855753717,6,4.834951627386687,4,0,0.11126720989041866,0.28505809240745744,0.13345820650901427,3789,7118
36085017011,Census Tract 170.11; Richmond County; New York,39,13,0,0.821917808219178,-1.9538796305239094,Cold 99%,Low-Low,p <= 0.001,95,36554.98113841064,244976.48846131098,40,0.49170934440830194,18,5,0.13210737687592475,0.1440940012368584,0.08747178329571106,2524,4745
36085020806,Census Tract 208.06; Richmond County; New York,33,12,0,1.3028030003947888,-2.2130375889762672,Cold 99%,Low-Low,p <= 0.0001,63,50108.68895353886,200771.35208794044,16,2.1224933018422276,10,0,0.10856691669956574,0.13958810068649885,0.056155507559395246,1213,2533
36085009702,Census Tract 97.02; Richmond County; New York,12,6,0,30,-1.3091008099377446,Not significant,Not significant,Not significant,15,9068.121542554782,28135.08359243426,1,2.4918275491882613,1,0,0,0.19047619047619047,0,21,40
36085004002,Census Tract 40.02; Richmond County; New York,32,21,0,1.3272501036914144,-1.4392318836306262,Not significant,Low-Low,p <= 0.05,24,32362.182911722277,55638.324412340284,1,1.1484346575020141,32,1,0.0854417254251348,0.1791237113402062,0.05481120584652863,1410,2411
36081004401,Census Tract 44.01; Queens County; New York,193,58,0,5.525336387059834,0.05964162532739255,Not significant,Not significant,Not significant,66,12194.030749779398,124402.30293894865,24,0.2338086261546973,16,0,0.19696535929000858,0.4872021182700794,0.050293378038558254,1891,3493
36081007500,Census Tract 75; Queens County; New York,58,21,0,1.1595361855257897,-0.8625353542490833,Not significant,Not significant,Not significant,12,10288.670411637333,35157.27713480822,20,0.3393212106246327,0,2,0.1053578568572571,0.8031648012350444,0.03536857781087118,2613,5002
36081008300,Census Tract 83; Queens County; New York,116,39,0,4.8232848232848236,-1.0587282124814188,Not significant,Not significant,Not significant,32,22320.72195289253,97968.75868607608,39,0.8894551513851664,9,7,0.12224532224532225,0.9127725856697819,0.42300778909526665,1282,2405
36081012000,Census Tract 120; Queens County; New York,114,25,0,4.840764331210191,-0.9139858833632192,Not significant,Not significant,Not significant,25,3460.606357901969,60340.61819738861,7,0.661543464731121,5,4,0.1529260999572832,0.5815384615384616,0.022556390977443608,1239,2355
36081000400,Census Tract 4; Queens County; New York,150,56,0,3.6567528035104826,-0.6489289987567175,Not significant,Not significant,Not significant,77,9923.596459331886,91937.95111674638,14,0.2770105146979595,0,18,0.08459288152120917,0.472596585804133,0.10674157303370786,2320,4102
36081018401,Census Tract 184.01; Queens County; New York,116,45,0,5.552896122546673,-0.6760680643105833,Not significant,Not significant,Not significant,37,17433.978571342523,100403.45457886251,13,3.081556316892253,11,6,0.20344662517951173,0.36929460580912865,0.022972972972972974,879,2089
36081025700,Census Tract 257; Queens County; New York,77,29,0,5.2993805918788714,-0.6745022745360147,Not significant,Not significant,Not significant,29,11849.835816669163,83896.163180199,7,0.29803182861523897,1,0,0.14630779848171152,0.6302521008403361,0.058544303797468354,622,1453
36081027900,Census Tract 279; Queens County; New York,234,78,0,2.736522044205356,0.93235188692983,Not significant,Not significant,Not significant,61,2726.901772643832,68158.73507381437,48,0.4743125441306841,0,2,0.08092620746111566,0.7179700499168054,0.020773930753564155,3757,8551
36081051700,Census Tract 517; Queens County; New York,81,25,0,3.9168278529980656,-1.4755544453103648,Cold 95%,Low-Low,p <= 0.05,60,11924.58465718011,79273.87376137066,23,1.7352039249925066,15,1,0.09961315280464217,0.503052503052503,0.0859375,1177,2068
36081039800,Census Tract 398; Queens County; New York,37,20,0,2.491582491582492,-1.8572662793285128,Cold 99%,Low-Low,p <= 0.01,22,6165.936940612473,90380.06779304882,13,2.5722720218952944,4,3,0.09637730690362269,0.2174757281553398,0.060218978102189784,871,1485
36081048400,Census Tract 484; Queens County; New York,176,63,0,3.5613112100364224,-0.9949515211196129,Not significant,Not significant,Not significant,39,24602.0384695861,224181.74009506547,23,2.046870185672017,7,4,0.09420289855072464,0.392083644510829,0.0332129963898917,2626,4942
36081061602,Census Tract 616.02; Queens County; New York,31,17,0,3.2024793388429753,-1.6606039227154417,Cold 99%,Low-Low,p <= 0.05,25,18090.204307539378,133210.78993476924,7,6.037516986688624,22,1,0.029958677685950414,0.057291666666666664,0.058823529411764705,468,968
36081058000,Census Tract 580; Queens County; New York,62,23,0,1.4462327968276183,-0.828196940877168,Not significant,Not significant,Not significant,61,22027.75517177881,178077.0408756267,17,4.526511327903113,21,6,0.03568929321203639,0.10734463276836158,0.05263157894736842,2374,4287
36081092800,Census Tract 928; Queens County; New York,29,7,0,0.8680035917390003,-1.474128661237805,Cold 99%,Low-Low,p <= 0.01,188,14969.49790888341,282980.9586916465,20,1.6277827916328251,20,13,0.044298114337024845,0.09083044982698962,0.07667731629392971,1601,3341
36081074500,Census Tract 745; Queens County; New York,88,34,0,2.0584795321637426,-0.9539522195298804,Not significant,Not significant,Not significant,24,7644.984911236085,63972.720249898994,14,1.0772353204834173,3,0,0.18023938042712978,0.8292971057294743,0.019119351100811123,2185,4275
36081134100,Census Tract 1341; Queens County; New York,112,33,0,3.92019600980049,-1.1197738751494992,Not significant,Not significant,Not significant,59,28165.595811024355,226037.53459212798,48,2.592828764499979,9,4,0.08890444522226111,0.41732283464566927,0.07524271844660194,1326,2857
36081105900,Census Tract 1059; Queens County; New York,66,28,0,1.8126888217522659,-1.6844928155636938,Cold 95%,Low-Low,p <= 0.05,108,13580.783462737167,242136.9093088479,55,2.497529284278847,6,6,0.08516483516483517,0.05505279034690799,0.060906515580736544,1804,3641
36081145900,Census Tract 1459; Queens County; New York,51,25,0,1.8338727076591155,-1.6395516516692945,Cold 95%,Low-Low,p <= 0.05,41,21752.28782048952,172606.94636787113,25,3.270986608565701,5,4,0.09321726514327167,0.24270833333333333,0.05789990186457311,1385,2781
36005013500,Census Tract 135; Bronx County; New York,213,89,0,5.226993865030675,2.836205438543159,Hot 95%,High-High,p <= 0.05,66,5046.074675075874,73721.05566204827,12,0.7135951752396564,5,2,0.4851533742331288,0.9850065189048239,0.03522012578616352,1705,4075
36005014100,Census Tract 141; Bronx County; New York,733,339,72,9.330448065173115,3.73262558476288,Hot 95%,High-High,p <= 0.05,71,21784.40606606631,84855.98177965461,15,0.888437912554577,16,1,0.2715122199592668,0.9245220830586685,0.01621271076523995,4194,7856
36005044902,Census Tract 449.02; Bronx County; New York,89,36,0,4.091954022988506,-0.962819006130126,Not significant,Not significant,Not significant,90,2860.6073561618423,58878.80450312283,19,1.1586593633518467,11,3,0.11044362292051756,0.6916752312435765,0.005112474437627812,1239,2175
36005021900,Census Tract 219; Bronx County; New York,482,180,0,32.39247311827957,3.412959637521665,Hot 95%,High-High,p <= 0.05,62,15250.531045524593,54022.5787523242,21,0.150693626030969,5,4,0.14014895057549087,1,0.012121212121212121,518,1488
36005038100,Census Tract 381; Bronx County; New York,633,279,79,9.674461256304447,2.3216330914880747,Not significant,Not significant,Not significant,58,4736.3695326379675,56679.038559016226,16,0.3876579668806061,1,0,0.33021615820941286,0.9717534849596479,0,3108,6543
36005026900,Census Tract 269; Bronx County; New York,325,112,0,8.044554455445544,2.1684585402536944,Hot 95%,High-High,p <= 0.05,77,62390.83993757432,136027.17697164032,25,0.5929019943545308,14,0,0.3773490353294914,0.9376947040498442,0.05726872246696035,2263,4040
36005022300,Census Tract 223; Bronx County; New York,184,67,0,3.780562975138689,2.991091688993259,Hot 95%,High-High,p <= 0.05,21,7321.623360505824,39221.86547472368,8,0.19649234784036904,6,0,0.3307992603246353,1,0.018207282913165267,2529,4867
36005037200,Census Tract 372; Bronx County; New York,142,60,0,7.040158651462568,-0.2248388420833711,Not significant,Not significant,Not significant,78,9475.407532533893,77320.62508223277,21,0.4218710234835111,15,1,0.12849162011173185,0.647887323943662,0.06986899563318777,1032,2017
36047003700,Census Tract 37; Kings County; New York,603,281,0,13.751425313568985,4.18978997031065,Hot 99%,High-High,p <= 0.01,129,20754.058064216533,77300.5560445677,62,0.10597932675914241,7,0,0.13164675568048723,0.8485515218188485,0.12088974854932302,2552,4385
36047005100,Census Tract 51; Kings County; New York,31,11,0,1.2710127101271014,-1.6778217479775939,Cold 99%,Low-Low,p <= 0.01,79,2349.946716743095,45040.868369868665,29,0.7966377056402788,19,1,0.050475796441870086,0.498015873015873,0.12953367875647667,1146,2439
36047006400,Census Tract 64; Kings County; New York,85,31,0,2.4545192030031764,-1.3571120184955823,Cold 95%,Low-Low,p <= 0.05,67,279.4890658336184,75308.57892499655,37,0.2934933479932723,4,3,0.17942791100837907,0.7239726027397261,0,1771,3463
36047017200,Census Tract 172; Kings County; New York,49,17,0,1.7844136926438456,-1.8627700714356152,Cold 99%,Low-Low,p <= 0.01,41,5972.366622891057,87289.60181884405,16,0.7359684892647045,6,2,0.043351548269581056,0.4714587737843552,0.11090225563909774,1574,2746
36047023500,Census Tract 235; Kings County; New York,124,39,0,2.2435317532115073,0.2185987201823265,Not significant,Not significant,Not significant,15,1740.9368959276271,55458.93171354114,29,0.4479624506064142,13,0,0.3110186357879501,0.7578676942838792,0.06598680263947211,2531,5527
36047018200,Census Tract 182; Kings County; New York,53,19,0,1.429341963322546,-1.7106186028426422,Cold 95%,Low-Low,p <= 0.05,45,2385.0289229134323,56164.5526430174,17,0.2193291361744304,3,2,0.11515641855447681,0.48058671268334774,0.04451772464962902,1941,3708
36047007400,Census Tract 74; Kings County; New York,251,78,0,4.581964220518437,-0.12485523182640315,Not significant,Not significant,Not significant,77,5380.180923103882,51263.17429910334,41,0.09049519909391548,2,0,0.20719897679517632,0.8035714285714286,0.05084745762711865,2630,5478
36047013200,Census Tract 132; Kings County; New York,57,10,0,2.7298850574712645,-1.6764541117855556,Cold 95%,Low-Low,p <= 0.05,31,2741.2577878284246,56199.714867742514,10,0.8543405038496859,2,1,0.15804597701149425,0.5401662049861495,0.07554417413572344,1047,2088
36047026300,Census Tract 263; Kings County; New York,238,139,59,10.740072202166065,-0.17041001137055034,Not significant,Not significant,Not significant,42,2407.0369561512334,37603.06061724308,17,0.6558509663354648,4,3,0.17816354499771586,0.6932907348242812,0.06380857427716849,1195,2216
36047029100,Census Tract 291; Kings County; New York,107,40,0,3.0915920254261775,0.13936248952965014,Not significant,Not significant,Not significant,40,982.9827898210724,44837.547674273046,35,0.5142194176917239,10,12,0.19214099971106616,0.6905582356995176,0.07343550446998723,1836,3461
36047027000,Census Tract 270; Kings County; New York,38,13,0,1.471727343144849,-1.2903919995540902,Not significant,Not significant,Not significant,11,8619.711623466706,54824.787850691995,9,0.544274813743984,1,0,0.25135553834237023,0.7191780821917808,0.032044198895027624,1406,2582
36047028300,Census Tract 283; Kings County; New York,133,66,0,3.3450704225352115,-0.22963122477794162,Not significant,Not significant,Not significant,25,2409.444218632275,50874.95919432783,23,0.458473810713135,14,5,0.29916476841306,0.8547979797979798,0.02642901044867855,2254,3976
36047036502,Census Tract 365.02; Kings County; New York,205,83,0,8.58099623273336,2.3985530316095396,Hot 95%,High-High,p <= 0.05,37,12575.878719317783,58319.54178863102,16,0.3811689658283874,18,1,0.2718487394957983,0.8926174496644296,0.032467532467532464,955,2389
36047041800,Census Tract 418; Kings County; New York,52,17,0,2.2127659574468086,-1.6851064312134416,Cold 99%,Low-Low,p <= 0.01,39,4997.655250360091,47565.08462914385,25,0.6802445871165315,1,0,0.19736842105263158,0.7290470723306545,0.09553478712357218,1126,2350
36047049800,Census Tract 498; Kings County; New York,73,19,0,1.8481012658227849,-1.269988768587882,Not significant,Not significant,Not significant,53,5639.690963212781,58005.67485557111,33,0.29721638725290456,1,0,0.08810126582278481,0.7535031847133759,0.021806853582554516,1675,3950
36047051400,Census Tract 514; Kings County; New York,157,57,0,2.176625537224456,-0.923841713384163,Not significant,Not significant,Not significant,42,2330.497804042561,69221.99174495568,23,0.29346341540833193,1,0,0.1446252259769156,0.8727272727272727,0.0719002201027146,3735,7213
36047058200,Census Tract 582; Kings County; New York,107,23,0,4.139264990328821,-1.5908779899608332,Cold 95%,Low-Low,p <= 0.01,9,8076.296266586901,79929.09572147469,19,0.29441216653501473,0,1,0.16595744680851063,0.8721227621483376,0.10832383124287344,1317,2585
36047059402,Census Tract 594.02; Kings County; New York,99,32,0,1.7328899002275513,-1.7421865383216752,Cold 99%,Low-Low,p <= 0.01,47,3798.642927910505,129747.40416833501,187,1.0302462774383279,4,8,0.08594433747593208,0.3355676581483033,0.013636363636363636,2664,5713
36047054900,Census Tract 549; Kings County; New York,151,63,0,3.3333333333333335,-0.5234595528376904,Not significant,Not significant,Not significant,78,18738.29906541167,79649.70769190618,25,0.7472598079512515,1,3,0.1548172757475083,0.8643336529242569,0.08227012758468984,2338,4530
36047080400,Census Tract 804; Kings County; New York,134,60,0,4.418067919551599,0.10320693540365462,Not significant,Not significant,Not significant,56,1537.9293673568936,61161.69286386055,25,0.2774078209897861,4,2,0.18661391361688098,0.7769784172661871,0.15295551492992077,1570,3033
36047074200,Census Tract 742; Kings County; New York,70,33,0,2.7821939586645468,-1.4163332319029736,Cold 95%,Low-Low,p <= 0.05,27,4463.087208723515,72816.30705769305,12,0.6866191403539355,3,2,0.10850556438791734,0.5738758029978587,0.08521057786483839,1179,2516
36047093000,Census Tract 930; Kings County; New York,60,28,0,2.0093770931011385,-0.6767601247238326,Not significant,Not significant,Not significant,43,36.727566756800016,65167.212080690326,10,1.2030869109563636,3,0,0.09772883688919477,0.38643702906350913,0.10154738878143134,1734,2986
36047101400,Census Tract 1014; Kings County; New York,30,9,0,1.670378619153675,-2.1708343941410426,Cold 99%,Low-Low,p <= 0.001,18,2986.7370573630765,57984.34310933374,15,1.0959372789040787,0,7,0.12436974789915967,0.39424280350438046,0.11320754716981132,963,1796
36047114600,Census Tract 1146; Kings County; New York,221,82,0,7.060702875399361,0.3956963514501788,Not significant,Not significant,Not significant,43,1505.2350937288777,73476.28368153298,12,0.1429514954136015,17,6,0.08722044728434505,0.6817640047675805,0.06256983240223464,1565,3130
36047118600,Census Tract 1186; Kings County; New York,106,27,0,3.420458212326557,-0.35609701622638923,Not significant,Not significant,Not significant,54,6923.628350367555,58133.00428312122,13,0.5392220296043216,5,5,0.12394548994159636,0.5796568627450981,0.059907834101382486,1361,3099
36005033602,Census Tract 336.02; Bronx County; New York,48,22,0,3.8897893030794166,0.5083562038372416,Not significant,Not significant,Not significant,24,3370.6164100835745,17940.924317791367,4,0.16844782506942907,7,1,0.14039408866995073,0.5297113752122241,0.026446280991735537,643,1234
36005033802,Census Tract 338.02; Bronx County; New York,162,63,0,10.25965801139962,-0.23874218068677078,Not significant,Not significant,Not significant,35,3002.4941996435878,27471.746167553843,24,0.14968304484364597,2,1,0.33460803059273425,0.8617424242424242,0.12292358803986711,917,1579
36047088002,Census Tract 880.02; Kings County; New York,41,16,0,3.360655737704918,-0.5389855913523759,Not significant,Not significant,Not significant,18,13609.045191779947,42321.98845773336,10,0.7072360504995772,3,3,0.24672131147540985,0.6475770925110133,0.04219409282700422,699,1220
36061012101,Census Tract 121.01; New York County; New York,485,138,0,15.076157911097296,13.293305082902126,Hot 99%,High-High,p <= 0.0001,35,901.9473082391769,22785.05609325767,37,0.20538888702283117,0,1,0.29466791393826003,0.9385290889132821,0.13608345187292556,1509,3217
36061013604,Census Tract 136.04; New York County; New York,37,12,0,0.9181141439205955,-1.4757982489539954,Cold 95%,Not significant,Not significant,21,745.7244889091189,17880.212775383807,31,0.5177895068149939,0,0,0.049875930521091814,0.7166324435318275,0.13774787535410765,2186,4030
36081101003,Census Tract 1010.03; Queens County; New York,210,122,51,4.632693580410324,0.13250959387156472,Not significant,Not significant,Not significant,57,12693.961197909117,69396.50257835948,20,0.5103641886452831,16,1,0.19269340974212035,0.7972027972027972,0.008321775312066574,2299,4533
36081025402,Census Tract 254.02; Queens County; New York,201,94,0,3.34275735905538,0.49973730499671765,Not significant,Not significant,Not significant,35,19347.541737629625,129830.54536778592,19,0.8680453182335215,28,8,0.21871855082187186,0.7688022284122563,0.04521276595744681,3446,6013
36081097205,Census Tract 972.05; Queens County; New York,16,8,0,0.4822182037371911,-1.0170196362913186,Not significant,Not significant,Not significant,14,8537.738365721925,34995.461178718695,2,0.4956111558713825,2,0,0.5804701627486437,1,0.018209408194233688,2126,3318
36081026502,Census Tract 265.02; Queens County; New York,26,7,0,1.8664752333094041,0.05625922485346149,Not significant,Not significant,Not significant,7,9385.45158684893,27425.223041767993,5,0.31659052213630834,4,0,0.060029282576866766,0.8380952380952381,0.12133891213389121,617,1393
36081017902,Census Tract 179.02; Queens County; New York,220,83,1,318.84057971014494,-0.9866490481683364,Cold 95%,High-Low,p <= 0.05,64,36407.363893359696,151681.7037400319,43,0.03839665905846983,2,0,1,NA,NA,11,69
36081049202,Census Tract 492.02; Queens County; New York,51,15,0,2.1813515825491874,-1.3436696574276263,Not significant,Not significant,Not significant,11,13951.682480459367,73208.8100987979,6,2.514586137188871,2,3,0.19760479041916168,0.2530329289428076,0.07532051282051282,1207,2338
36047009202,Census Tract 92.02; Kings County; New York,45,10,0,1.6993957703927491,-1.6867777741331977,Cold 95%,Low-Low,p <= 0.05,13,0,18265.129710631572,9,0.37785190863628365,0,3,0.2971841704718417,0.8822374877330716,0.1169844020797227,1221,2648
36047009201,Census Tract 92.01; Kings County; New York,44,8,0,2.215508559919436,-1.7762842393607383,Cold 99%,Low-Low,p <= 0.01,15,1135.293749327301,16921.14280326023,20,0.518373549953608,0,1,0.23564954682779457,0.5853242320819113,0.08150470219435736,1033,1986
36047079202,Census Tract 792.02; Kings County; New York,81,33,0,4.170957775489186,-0.12254573896618205,Not significant,Not significant,Not significant,54,2633.996241876268,36053.12132330934,8,0.37631010458754105,5,2,0.2899073120494336,0.7701492537313432,0.2677595628415301,1239,1942
36047078602,Census Tract 786.02; Kings County; New York,64,31,0,3.041825095057034,-1.0200066498688938,Not significant,Not significant,Not significant,29,0,21948.2382753134,21,0.237268108150097,3,1,0.20270270270270271,0.5841232227488151,0.13701431492842536,1137,2104
36047010402,Census Tract 104.02; Kings County; New York,123,48,0,5.657773689052438,-0.43567863977946186,Not significant,Not significant,Not significant,5,779.8532675797601,25486.125248042186,14,0.38844723957049637,3,2,0.4149184149184149,0.8522727272727273,0.2,1165,2174
36047009001,Census Tract 90.01; Kings County; New York,38,12,0,2.9118773946360155,-1.598638786762925,Cold 95%,Low-Low,p <= 0.01,15,1983.87740961983,23499.52032083804,5,0.38719737395731973,3,0,0.2519148936170213,0.6885593220338984,0.11444652908067542,580,1305
36047009401,Census Tract 94.01; Kings County; New York,86,22,0,4.419321685508736,-1.3926851026712792,Cold 95%,Low-Low,p <= 0.05,39,3.929991794266588,30869.920595800795,12,0.7344930821959692,2,2,0.4146968139773895,0.6773547094188377,0.21540880503144655,995,1946
36047035701,Census Tract 357.01; Kings County; New York,207,81,0,8.632193494578816,-0.13048911540719912,Not significant,Not significant,Not significant,52,3064.5617923804275,36942.0834035972,10,0.5279064759885136,1,0,0.37531276063386154,0.9737556561085973,0.02899824253075571,1442,2398
36061015301,Census Tract 153.01; New York County; New York,63,13,0,1.3127734944780163,-0.04140829338985443,Not significant,Not significant,Not significant,18,568.0551399568852,29028.029348105272,17,0.2665454705789292,1,0,0.039174828089185244,0.525974025974026,0.11716230741669652,2468,4799
36061010801,Census Tract 108.01; New York County; New York,54,18,0,1.70832015185068,0.382526457674939,Not significant,Not significant,Not significant,24,226.19833566012485,23752.967938520833,13,0.24788440568102724,2,0,0.06803849983405244,0.5695399259650978,0.11882572227399814,1531,3161
36061013202,Census Tract 132.02; New York County; New York,40,16,0,1.1061946902654867,-1.8991937870624096,Cold 99%,Low-Low,p <= 0.001,26,3525.9811670705344,15901.457529798989,25,0.7455208574559723,0,1,0.12361725663716815,0.9447768062586286,0.14110671936758892,1754,3616
36061012102,Census Tract 121.02; New York County; New York,185,61,0,3.678663750248558,3.603803473862038,Hot 99%,High-High,p <= 0.01,24,2035.497581361547,30805.76635335673,36,0.43890350040191345,0,7,0.10754414125200643,0.9415467625899281,0.03861671469740634,2663,5029
36081027701,Census Tract 277.01; Queens County; New York,217,66,0,6.107514776245426,1.2565876145577948,Not significant,Not significant,Not significant,41,442.25590605384053,39457.59261967976,13,0.2411688419135947,0,1,0.09316070925978047,0.8388157894736842,0.004095004095004095,1708,3553
36081003301,Census Tract 33.01; Queens County; New York,347,155,0,8.584858980702622,2.0526632303838284,Not significant,High-High,p <= 0.05,73,31893.49952584477,94790.6182518054,20,0.1496564440527127,7,1,0.1140524492825334,0.932618025751073,0.21575227196230226,1722,4042
36081037502,Census Tract 375.02; Queens County; New York,327,105,0,12.251779692768828,1.2111581657064001,Not significant,Not significant,Not significant,46,5527.395980299589,45446.77801875401,9,0.5246183711021788,2,0,0.1622330460846759,0.8688760806916427,0.022535211267605635,1576,2669
36081040702,Census Tract 407.02; Queens County; New York,254,61,0,5.733634311512415,1.6761079908443917,Not significant,Not significant,Not significant,32,8788.613722221426,56569.78333600261,14,0.35750826061701857,6,1,0.135724012709941,0.750465549348231,0.05789473684210526,1919,4430
36081040902,Census Tract 409.02; Queens County; New York,228,62,0,7.6716016150740245,0.42863533963498435,Not significant,Not significant,Not significant,14,1050.2932215722574,32279.228482323182,5,0.2743493761440086,2,0,0.09491525423728814,0.7846153846153846,0.018867924528301886,1423,2972
36081040501,Census Tract 405.01; Queens County; New York,398,109,0,41.28630705394191,2.009386189816889,Not significant,Not significant,Not significant,42,4906.714302416974,32187.986745931874,1,0.17300276388632574,0,0,0.1474558670820353,0.896,0,591,964
36081040101,Census Tract 401.01; Queens County; New York,182,60,0,8.085295424255886,0.8925535947294316,Not significant,Not significant,Not significant,23,3207.0920220044472,27980.771206154557,9,0.24332572268796634,3,0,0.15770768547312305,0.6884498480243161,0,1005,2251
36081000103,Census Tract 1.03; Queens County; New York,12,3,0,34.285714285714285,-0.6398328536021253,Not significant,Not significant,Not significant,9,16216.607686027919,57700.44712752202,3,0.6751958537367423,8,3,0,1,0,0,35
36061022700,Census Tract 227; New York County; New York,444,182,0,7.542041786988279,2.5059332868480926,Hot 95%,High-High,p <= 0.05,66,6399.89381698,74320.086602215,36,0.268646249959339,4,17,0.2032103825136612,0.7576391795730432,0.0825652841781874,3088,5887
36005015900,Census Tract 159; Bronx County; New York,466,192,0,19.36019941836311,3.814664510648998,Hot 99%,High-High,p <= 0.05,40,15709.584039227671,59997.214751841835,11,0.19400407292615443,4,0,0.3700623700623701,0.9012707722385142,0,1542,2407
36005020900,Census Tract 209; Bronx County; New York,259,93,0,5.385735080058224,1.6797047155870586,Not significant,Not significant,Not significant,45,9145.722086458136,48883.94572164106,10,0.1497552989417903,2,0,0.2670975813177648,0.9681069958847737,0.04752572268495835,2629,4809
36047092400,Census Tract 924; Kings County; New York,468,263,92,13.68421052631579,0.7085857238609792,Not significant,Not significant,Not significant,82,4956.6000913731195,110108.21006752728,13,0.5319900711331484,5,4,0.38838475499092556,0.7935909519321395,0.045863309352517985,1685,3420
36081075701,Census Tract 757.01; Queens County; New York,126,44,0,2.5044722719141324,-0.4375883127183053,Not significant,Not significant,Not significant,63,17809.74229517709,94624.08222329414,23,0.2107861479777067,1,0,0.08586762075134168,0.5178429817605076,0.019440124416796267,2921,5031
36081122702,Census Tract 1227.02; Queens County; New York,152,66,0,2.44805926880335,-0.5299080533407713,Not significant,Not significant,Not significant,35,24826.738336836203,116170.73059027237,22,2.5960371434601655,0,0,0.3111612175873732,0.872286541244573,0.036598117811084,3689,6209
36085024401,Census Tract 244.01; Richmond County; New York,63,27,0,1.0047846889952152,-1.221499421644023,Not significant,Not significant,Not significant,146,114392.42323695721,430019.94179217523,66,0.8505357117163977,99,5,0.018660287081339714,0.11272141706924316,0.09431210500729217,2997,6270
36085009602,Census Tract 96.02; Richmond County; New York,50,21,0,1.3157894736842106,-2.0341481034686524,Cold 99%,Low-Low,p <= 0.001,101,20298.17355777177,212030.48126562237,29,0.2277447738162326,27,5,0.044831223628691984,0.4757617728531856,0.023664638269100743,2009,3800
36085030302,Census Tract 303.02; Richmond County; New York,98,35,0,1.6005226196309,-0.8046320382541546,Not significant,Not significant,Not significant,88,48513.663634842596,151085.60344319936,42,6.4535237631023,28,6,0.09880777396700964,0.179818268770923,0.04911323328785812,3565,6123
36061011800,Census Tract 118; New York County; New York,151,59,0,1.629965457685665,0.3292487998014029,Not significant,Not significant,Not significant,66,6260.619508784331,61860.843952931384,32,0.40752568227537406,0,0,0.0729706390328152,0.5631313131313131,0.22106218792555607,5266,9264
36061015700,Census Tract 157; New York County; New York,237,93,0,2.221389071140688,0.13936248952965014,Not significant,Not significant,Not significant,102,5764.835919232477,66812.37902437375,111,0.285123548395227,0,15,0.04403561992367159,0.5934492393666563,0.22767054310034768,5729,10669
36061016100,Census Tract 161; New York County; New York,116,41,0,2.0152883947185547,1.1385225270458934,Not significant,Not significant,Not significant,56,2584.964919643237,40967.52004153197,51,0.4361220928653386,0,0,0.05941626129256428,0.7733664185277088,0.20669291338582677,3260,5756
36061011203,Census Tract 112.03; New York County; New York,412,205,0,41.78498985801217,0.7431957254339822,Not significant,Not significant,Not significant,42,3514.609643368085,32435.290304182763,30,0.16326494908254785,1,0,0.038539553752535496,0.5321969696969697,0.543647363872083,524,986
36061020901,Census Tract 209.01; New York County; New York,195,89,0,5.333698030634573,2.1870498300390624,Hot 95%,High-High,p <= 0.05,40,22319.958573691612,58300.020263414255,22,0.23040840002659846,3,0,0.337800875273523,0.9236111111111112,0.10112359550561797,1626,3656
36061017401,Census Tract 174.01; New York County; New York,161,75,0,3.0257470400300694,0.5995449413586751,Not significant,Not significant,Not significant,89,2738.497212585462,40097.79268883935,34,0.36544949426822926,2,0,0.26654028436018956,0.895771038017941,0.01431578947368421,3317,5321
36061018400,Census Tract 184; New York County; New York,222,86,0,2.6990881458966567,4.836905624450758,Hot 99%,High-High,p <= 0.01,92,7186.718697862656,56484.706251892254,74,0.31399216208469516,2,0,0.2562917933130699,0.785453438831406,0.09625962596259625,3990,8225
36061010601,Census Tract 106.01; New York County; New York,58,25,0,0.7480975106410421,-1.0730191554300637,Not significant,Not significant,Not significant,38,3629.094962031776,37836.89682946574,32,0.6258097617356704,1,0,0.03521217593189733,0.3205684007707129,0.25764348292508493,3972,7753
36061010400,Census Tract 104; New York County; New York,495,281,0,46.78638941398866,4.951457153289224,Hot 99%,High-High,p <= 0.01,29,4449.041196594253,65123.45504530878,18,0.21756045049956052,2,1,0.02459791863765374,0.5201342281879194,0.46785714285714286,504,1058
36047041700,Census Tract 417; Kings County; New York,132,45,0,3.880070546737213,0.46052368531588705,Not significant,Not significant,Not significant,26,3371.1352312238787,43383.53650015165,9,0.5650097986579427,0,2,0.3436213991769547,0.861731843575419,0.047872340425531915,1920,3402
36047042500,Census Tract 425; Kings County; New York,93,35,0,3.433001107419712,0.6761009342909454,Not significant,Not significant,Not significant,12,17299.997740417537,75424.83059695055,10,0.4982937792369338,3,1,0.14492216456634543,0.8440766550522648,0.006920415224913495,1247,2709
36047045300,Census Tract 453; Kings County; New York,239,77,0,13.110257816785518,0.9073117306684193,Not significant,Not significant,Not significant,83,39472.81533635744,166904.27811923172,25,0.35621689833067005,7,0,0.3861766319253977,1,0.06438356164383562,720,1823
36047047000,Census Tract 470; Kings County; New York,35,8,0,1.3313046785850133,-1.8743151298480445,Cold 99%,Low-Low,p <= 0.01,37,10596.010645973642,69079.91324121949,32,0.6310204221932599,6,0,0.21376949410422214,0.4015267175572519,0.18835192069392812,1291,2629
36081068700,Census Tract 687; Queens County; New York,98,38,0,2.224744608399546,-0.7301402033954844,Not significant,Not significant,Not significant,106,6027.893253378827,65651.47934777082,22,0.3093104533819366,3,1,0.07559591373439274,0.6763952892985151,0.07703213610586011,2528,4405
36081073100,Census Tract 731; Queens County; New York,24,6,0,1.3921113689095128,-1.8696775151844343,Cold 99%,Low-Low,p <= 0.001,44,8659.40704596615,85958.52199560947,22,1.1188926388452243,2,0,0.049591598599766626,0.2634315424610052,0.00859106529209622,886,1724
36047056900,Census Tract 569; Kings County; New York,180,64,0,10.830324909747292,-0.18861003472936672,Not significant,Not significant,Not significant,27,4469.232047009517,56552.1246484849,26,0.13276270909904603,0,1,0.04225352112676056,0.6677852348993288,0.08401639344262295,923,1662
36047064000,Census Tract 640; Kings County; New York,15,5,0,1.1303692539562924,-2.3154541370409225,Cold 99%,Low-Low,p <= 0.0001,25,4008.986901123102,54187.53226483553,15,1.5021718752132278,2,1,0.06706857573474001,0.07142857142857142,0.22519083969465647,656,1327
36047065200,Census Tract 652; Kings County; New York,45,19,0,4.014272970561998,-2.1567666625293014,Cold 99%,Low-Low,p <= 0.001,79,12490.808950658275,77059.96403257753,20,2.437623929215829,3,6,0.01873327386262266,0.13438735177865613,0.05772811918063315,658,1121
36081119100,Census Tract 1191; Queens County; New York,59,25,0,1.8311607697082557,-2.16414558868008,Cold 99%,Low-Low,p <= 0.0001,25,5135.098237364385,84062.5648551809,10,2.012532399780183,7,4,0.22687771570453136,0.5340802987861811,0.05721830985915493,1438,3222
36081126500,Census Tract 1265; Queens County; New York,59,28,0,2.8297362110311752,-1.1735854367288472,Not significant,Not significant,Not significant,35,9744.572435159864,97639.44940677438,37,1.4029236730175862,5,3,0.14278704612365065,0.38814814814814813,0.055944055944055944,809,2085
36061007900,Census Tract 79; New York County; New York,311,107,0,6.976222521310005,1.6178212271797106,Not significant,Not significant,Not significant,101,42158.802634184474,132608.38181495244,31,0.8282063842785421,5,0,0.06841633019291161,0.6085350841198195,0.21285529715762275,2095,4458
36061015002,Census Tract 150.02; New York County; New York,59,30,0,1.2030995106035889,-0.2880972803895849,Not significant,Not significant,Not significant,43,1664.7684995391057,38598.531294396766,21,0.37153376999283855,0,0,0.03038336052202284,0.18495575221238938,0.24313462826523777,2847,4904
36061022900,Census Tract 229; New York County; New York,527,193,0,6.84237860296027,3.1991127080711066,Hot 95%,High-High,p <= 0.05,59,4451.270203721734,53999.60901405803,35,0.3586103561403579,4,1,0.30641391846273697,0.8928091397849462,0.0998185117967332,3521,7702
36061019300,Census Tract 193; New York County; New York,270,100,0,2.931277819997829,1.65905914032486,Not significant,Not significant,Not significant,78,8085.162438257831,66512.2739553835,44,0.320434490404915,2,0,0.2098263354583425,0.8163910505836576,0.06693896074427048,4503,9211
36061008300,Census Tract 83; New York County; New York,336,108,0,9.297177642501383,2.9546478653579418,Hot 95%,High-High,p <= 0.05,70,9916.053363808773,61601.243100260064,55,0.2747502091056589,2,0,0.22578859988931932,0.8892750744786495,0.17963340122199592,1734,3614
36061002500,Census Tract 25; New York County; New York,128,72,0,2.8596961572832886,1.298402333051594,Not significant,Not significant,Not significant,70,3651.3835356160744,20778.139355948835,37,0.698609924268074,2,0,0.5379803395889187,1,0.09340101522842639,2689,4476
36047091800,Census Tract 918; Kings County; New York,100,49,0,4.076640847941296,0.9001273079169069,Not significant,Not significant,Not significant,38,3128.2229578512824,83530.29454976434,39,0.27476081148311077,3,1,0.2657969832857725,0.6615384615384615,0.04411764705882353,1473,2453
36047096200,Census Tract 962; Kings County; New York,59,24,0,4.486692015209125,-1.035623591692564,Not significant,Not significant,Not significant,18,11325.40602981759,68213.20185953302,1,0.7508351373319623,15,7,0.11026615969581749,0.4101123595505618,0.32575757575757575,598,1315
36047121000,Census Tract 1210; Kings County; New York,38,15,0,1.0165864098448367,1.1939556359766552,Not significant,Not significant,Not significant,13,1738.7839261099812,10600.97161584982,3,0.5857107093422794,0,0,0.413322632423756,1,0.05906195715112913,2522,3738
36047061600,Census Tract 616; Kings County; New York,28,13,0,1.7220172201722017,-1.3642736098676074,Not significant,Not significant,Not significant,102,28503.18794744816,107351.81968817872,18,1.5806903617360664,8,12,0.022137404580152672,0.18609022556390978,0.11480865224625623,856,1626
36085000300,Census Tract 3; Richmond County; New York,184,85,0,9.740603493912122,0.871624054765883,Not significant,Not significant,Not significant,49,47435.72130481204,85641.00802583493,64,0.3114983783758925,21,8,0.21016410799364743,0.6856540084388185,0.19796954314720813,829,1889
36085007400,Census Tract 74; Richmond County; New York,94,36,0,1.9365471775854965,-1.426232219851427,Cold 95%,Low-Low,p <= 0.05,126,61694.43687026351,278062.0658682709,23,1.875158087406806,47,6,0.17472666105971404,0.304857621440536,0.09408194233687406,2048,4854
36085014100,Census Tract 141; Richmond County; New York,55,30,0,2.153484729835552,-1.0200066498688938,Not significant,Not significant,Not significant,78,22514.520011066063,100458.35357136454,25,4.376556114525355,15,1,0.13899765074393108,0.48481973434535103,0.07462686567164178,1252,2554
36005012701,Census Tract 127.01; Bronx County; New York,181,70,0,8.50164396430249,3.0634582018712684,Hot 99%,High-High,p <= 0.05,37,11889.63162869457,56167.649219861014,6,0.18398698349294465,6,0,0.3358705994291151,0.7664429530201342,0.031209362808842653,1072,2129
36005032300,Census Tract 323; Bronx County; New York,82,30,0,1.6462557719333468,-0.8636645820101054,Not significant,Not significant,Not significant,89,37989.50187339323,98710.37857139762,18,1.943631011069544,30,2,0.035547430428600445,0.2992565055762082,0.06402226861517049,2554,4981
36005025500,Census Tract 255; Bronx County; New York,312,129,0,5.082260954552859,2.087962605787436,Hot 95%,High-High,p <= 0.05,52,6381.631928479311,50616.04538395834,17,0.4901775305745136,4,1,0.22547416612164814,0.9965382951103419,0.003879310344827586,3657,6139
36047004500,Census Tract 45; Kings County; New York,75,27,0,1.9240636223704464,-1.2371143416805541,Not significant,Not significant,Not significant,83,5909.631063542677,60673.441533357225,89,0.435030600868459,2,1,0.03977418527072107,0.539598108747045,0.06208425720620843,1921,3898
36047006200,Census Tract 62; Kings County; New York,60,20,0,2.2615906520919715,-1.0579800385401104,Not significant,Not significant,Not significant,41,5490.094954968082,79544.0564556169,27,0.30150718336783006,0,0,0.17191650853889942,0.7140255009107468,0.14883720930232558,1399,2653
36081011000,Census Tract 110; Queens County; New York,96,26,0,3.4066713981547196,-0.5804030272678744,Not significant,Not significant,Not significant,17,4453.48343582773,68661.65217143332,19,0.41754271456422887,0,1,0.2785306704707561,0.5584239130434783,0.03790849673202614,1394,2818
36047013600,Census Tract 136; Kings County; New York,64,21,0,1.56479217603912,-1.4139961658206937,Not significant,Low-Low,p <= 0.05,101,2378.952008141228,84847.63458734009,29,0.39498352293678735,4,1,0.12677459526774595,0.6044871794871794,0.09143855562026791,2024,4090
36081052000,Census Tract 520; Queens County; New York,32,16,0,1.8254420992584142,-1.7516124276725327,Cold 99%,Low-Low,p <= 0.01,15,2049.6746931914267,69656.83478187324,12,2.7734454016348176,0,2,0.04579710144927536,0.14481409001956946,0.01730769230769231,831,1753
36047030300,Census Tract 303; Kings County; New York,225,116,0,4.108088369545372,0.7794071421249167,Not significant,Not significant,Not significant,93,17757.026166820837,109128.30541701843,16,0.4772352738510321,12,13,0.27813357731015553,0.8166515013648772,0.04559270516717325,3212,5477
36047032600,Census Tract 326; Kings County; New York,376,164,0,3.5704111670306715,0.446857251452643,Not significant,Not significant,Not significant,70,38948.72678285765,172974.5388704973,31,0.5984639323660702,18,4,0.3418934457646608,0.7822711096732449,0.03466583385384135,6037,10531
36081059600,Census Tract 596; Queens County; New York,28,9,0,1.6726403823178018,-2.174820311313023,Cold 99%,Low-Low,p <= 0.0001,27,4487.056743763391,81596.66014469061,14,4.310699772562241,1,0,0.14336917562724014,0.13732394366197184,0.0453781512605042,933,1674
36081061000,Census Tract 610; Queens County; New York,16,4,0,1.2139605462822458,-1.7171767771482278,Cold 99%,Low-Low,p <= 0.05,24,17694.72005412009,107910.1013858418,12,4.240686178861731,1,2,0.08881839809674862,0.05301204819277108,0.04157043879907621,811,1318
36047005301,Census Tract 53.01; Kings County; New York,96,30,0,4.5823389021479715,-1.1541531064442192,Not significant,Not significant,Not significant,58,19811.122386998675,160692.66163366407,58,1.5883723018700688,79,10,0.12266411116435075,0.6217391304347826,0.09980430528375733,935,2095
36047035302,Census Tract 353.02; Kings County; New York,78,26,0,2.545691906005222,-0.26566159872233686,Not significant,Not significant,Not significant,77,2260.690308495655,28545.629805850745,6,0.2799613608503531,9,0,0.15042511445389142,0.727810650887574,0.06887052341597796,1437,3064
36005033601,Census Tract 336.01; Bronx County; New York,301,121,0,6.819211599456276,1.1825669410906186,Not significant,Not significant,Not significant,72,13495.031796308562,63541.56460065907,12,0.26738265635263414,0,2,0.4553713377242789,0.9401279707495429,0.05199306759098787,2333,4414
36061010802,Census Tract 108.02; New York County; New York,42,20,0,1.0154738878143132,-0.9054793005039039,Not significant,Not significant,Not significant,11,5404.661060666982,25429.989795595196,18,0.47095067049752104,0,2,0.09260154738878143,0.4749661705006766,0.18282344268337633,2620,4136
36081089201,Census Tract 892.01; Queens County; New York,208,84,0,2.2817025010969725,0.39219674789968545,Not significant,Not significant,Not significant,269,34165.49288240354,665732.2936458497,68,1.3190196099811982,30,12,0.0266564282580079,0.12394572790612395,0.037755822159491886,4677,9116
36081000104,Census Tract 1.04; Queens County; New York,88,17,0,31.316725978647685,0.27597114192786687,Not significant,Not significant,Not significant,64,51466.592823402156,162482.84782744446,21,0.3892541541717037,13,0,0.6334519572953736,1,0,89,281
36081037501,Census Tract 375.01; Queens County; New York,152,39,0,10.221923335574983,2.123640316982094,Hot 95%,Low-High,p <= 0.05,10,1215.6888633259912,21569.14083064835,7,0.2896257256196594,1,0,0.1660752306600426,0.838150289017341,0.03081232492997199,611,1487
36081047801,Census Tract 478.01; Queens County; New York,103,40,0,2.5276073619631902,-1.5653047141815362,Cold 95%,Low-Low,p <= 0.05,61,25993.27985465449,141133.32927982844,21,1.6066490745647317,28,4,0.15709376534118802,0.2852147852147852,0.04621248213434969,1904,4075
36081047802,Census Tract 478.02; Queens County; New York,45,16,0,3.1645569620253164,-1.092415689064415,Not significant,Not significant,Not significant,6,3955.431706101872,50974.57640093091,19,1.925384566076771,5,0,0.11814345991561181,0.42276422764227645,0.1670428893905192,674,1422
36085017015,Census Tract 170.15; Richmond County; New York,15,10,0,0.473634354278497,-2.0950994471107656,Cold 99%,Low-Low,p <= 0.001,82,19868.031163901946,130933.57597369255,37,1.2550714321372027,11,0,0.0025260498894853173,0.17454545454545456,0.05008635578583765,1479,3167
36085005901,Census Tract 59.01; Richmond County; New York,44,18,0,1.4369693011103855,-1.7954641961952114,Cold 99%,Low-Low,p <= 0.01,143,72557.75480677631,286743.7711572549,57,2.2758415222070765,28,5,0.039202874877491016,0.43799472295514513,0.0815831987075929,1550,3062
36005030202,Census Tract 302.02; Bronx County; New York,56,25,0,0.9083536090835361,0.5887695309267068,Not significant,Not significant,Not significant,37,5476.302326159213,27405.021180638294,3,1.5730108326538654,1,0,0.08327922077922079,0.6254193067461796,0.017216117216117217,3526,6165
36005018501,Census Tract 185.01; Bronx County; New York,409,157,0,10.834437086092715,3.700169293157648,Hot 95%,High-High,p <= 0.05,31,13606.585547291797,69758.35346616505,14,1.0594977831757235,19,3,0.3089603828768944,0.9897680763983628,0.06025641025641026,1889,3775
36005030201,Census Tract 302.01; Bronx County; New York,107,53,0,2.9068187992393373,0.2928289259374994,Not significant,Not significant,Not significant,70,4394.742795067899,50532.828890573546,9,1.0975784786133511,22,0,0.10241782124422712,0.5498220640569395,0.040955631399317405,1953,3681
36005023704,Census Tract 237.04; Bronx County; New York,252,79,0,7.504466944609887,4.610641386518753,Hot 99%,High-High,p <= 0.01,21,6977.366377865034,45552.47540993174,2,0.10022540830423816,2,0,0.3713519952352591,1,0,1707,3358
36047016600,Census Tract 166; Kings County; New York,38,14,0,1.7264879600181735,-2.190764484153475,Cold 99%,Low-Low,p <= 0.0001,88,780.4202729229402,105128.45326705345,22,1.1180642276900352,4,12,0.07587460245343026,0.09026798307475317,0.04832214765100671,1136,2201
36081015802,Census Tract 158.02; Queens County; New York,232,63,0,4.24597364568082,0.004605749067004493,Not significant,Not significant,Not significant,49,5116.745411883617,92911.6785122002,36,0.548546568025948,8,5,0.0772589217919514,0.5126324368378158,0.0246422893481717,2627,5464
36061007800,Census Tract 78; New York County; New York,227,81,0,2.8321896444167187,0.7213723617506274,Not significant,Not significant,Not significant,68,16494.32045820472,62638.89951031391,32,0.5788917302902823,15,8,0.06657489675885371,0.7193449334698055,0.11918499819689866,4239,8015
36061012400,Census Tract 124; New York County; New York,139,49,0,1.5471950133570793,-1.0176103912415861,Not significant,Not significant,Not significant,50,6911.508410960147,66071.37494751725,114,0.5583081295446728,9,0,0.053887139743279244,0.7548254620123204,0.24822476072861993,4831,8984
36061023501,Census Tract 235.01; New York County; New York,402,183,43,5.355715427657874,1.4566306857437297,Not significant,Not significant,Not significant,77,9575.464243972827,72695.0802440366,33,0.1713956260061314,3,3,0.17252864375166532,0.8491302804401846,0.008796622097114707,3851,7506
36061019702,Census Tract 197.02; New York County; New York,56,19,0,2.2125642038719873,1.308241090344252,Not significant,Not significant,Not significant,42,2241.601035058183,20731.368605129453,24,0.17683038204534396,2,0,0.13991280221957986,0.7928388746803069,0.06904761904761905,1395,2531
36081005200,Census Tract 52; Queens County; New York,42,17,0,1.8237082066869301,-0.7406801158518745,Not significant,Not significant,Not significant,39,1967.1726323229657,46398.391238949036,13,0.27392532806094044,7,1,0.1532783326096396,0.5409090909090909,0.0921595598349381,1063,2303
36081017600,Census Tract 176; Queens County; New York,42,15,0,1.8245004344048654,-1.6441071296237093,Cold 95%,Low-Low,p <= 0.05,8,2193.904431907283,63263.499544527695,13,1.5725021428452632,6,1,0.19852302345786274,0.3094867807153966,0.01228878648233487,1139,2302
36081001000,Census Tract 10; Queens County; New York,97,32,0,2.092320966350302,-1.013173432937272,Not significant,Not significant,Not significant,39,1621.3310008424335,49128.25799372472,16,0.19738452667303563,0,2,0.08466868774361196,0.4749780509218613,0.029812606473594547,2030,4636
36081026000,Census Tract 260; Queens County; New York,61,21,0,2.1078092605390464,-0.860564921464379,Not significant,Not significant,Not significant,22,4506.2060476852985,58216.22284287561,27,1.2261839258263714,14,5,0.1793365583966828,0.6697986577181209,0.06758448060075094,1498,2894
36081051300,Census Tract 513; Queens County; New York,65,11,0,2.479969477298741,-1.1247826428204322,Not significant,Not significant,Not significant,47,6751.107985012604,67360.58757402451,12,1.5965010650173943,16,0,0.1457458985120183,0.34525277435265106,0.08361581920903954,1203,2621
36081047300,Census Tract 473; Queens County; New York,272,100,0,6.412069778406412,0.233349015629038,Not significant,Not significant,Not significant,78,20551.886924538467,100496.99362599173,35,0.08521025784428889,11,1,0.11237823711095273,0.6196943972835314,0.09244992295839753,2546,4242
36081055200,Census Tract 552; Queens County; New York,94,34,0,3.2269138345348436,-1.584885916216318,Cold 99%,Low-Low,p <= 0.01,52,28365.3432708183,160525.83448126246,21,3.342313383270997,5,0,0.09571876087713192,0.49440488301119023,0.017982017982017984,1562,2913
36081057700,Census Tract 577; Queens County; New York,129,46,0,3.2857870606214976,-0.8464579466928072,Not significant,Not significant,Not significant,39,7313.9138861840765,67820.05499013653,34,0.7762342704568079,9,10,0.13245033112582782,0.7654836464857342,0.023113528212100613,2172,3926
36081069500,Census Tract 695; Queens County; New York,25,11,0,1.0579771476936097,-1.3187071067955598,Not significant,Not significant,Not significant,52,4526.710386300601,62379.33610454219,25,0.6522309605922763,3,0,0.19297503173931443,0.5,0.04451682953311618,1339,2363
36081115900,Census Tract 1159; Queens County; New York,53,24,0,1.3631687242798354,-1.0625621177724858,Not significant,Not significant,Not significant,18,11126.237112052351,88721.40781135744,25,1.2730650289721417,14,0,0.11588977594643317,0.581651376146789,0.03082394783639597,1939,3888
36085003900,Census Tract 39; Richmond County; New York,12,4,0,0.5417607223476298,-1.5078364538621167,Cold 95%,Low-Low,p <= 0.05,35,19112.201659101873,77901.96514432968,7,1.715379976190565,4,0,0.10307835820895522,0.7577132486388385,0.03502626970227671,992,2215
36085017016,Census Tract 170.16; Richmond County; New York,28,10,0,0.6276619592019727,-1.784514616714384,Cold 99%,Low-Low,p <= 0.001,166,54141.387420078216,240610.1967247871,146,1.9117181925889182,10,4,0.02534200493384167,0.19340232858990944,0.01653944020356234,2173,4461
36085009701,Census Tract 97.01; Richmond County; New York,51,36,0,1.127570196772054,-0.8847678456450033,Not significant,Not significant,Not significant,74,37296.84721828548,161562.72043070145,23,3.176084239803176,20,3,0.0848994030510723,0.46918852959121415,0.027876631079478055,2576,4523
36005035900,Census Tract 359; Bronx County; New York,309,133,0,7.978311386522076,2.32609541690153,Hot 95%,High-High,p <= 0.05,91,13017.788517280282,58113.355435888494,10,0.28173692776941467,5,0,0.42464678178963894,0.9143532191376255,0.050476724621424565,1927,3873
36005030000,Census Tract 300; Bronx County; New York,367,142,0,5.285138248847926,0.9281949595337183,Not significant,Not significant,Not significant,284,31363.764721771407,162965.95314305925,24,0.2622120823482524,15,7,0.09110787172011661,0.678125,0.03975993998499625,3275,6944
36005024300,Census Tract 243; Bronx County; New York,291,124,0,7.039187227866473,2.5297976401251523,Hot 95%,High-High,p <= 0.05,51,16487.539531756425,57996.71941454626,22,0.34208080273325936,3,1,0.2879264456811033,1,0.02001953125,2565,4134
36005040800,Census Tract 408; Bronx County; New York,210,86,0,4.793426158411322,0.8654970121746208,Not significant,Not significant,Not significant,43,10871.62613311281,61684.01039847277,9,0.2233838517789757,3,5,0.20753358925143953,0.8602590320381731,0.1298932384341637,2418,4381
36005007700,Census Tract 77; Bronx County; New York,120,49,0,6.103763987792472,2.1740517320981976,Hot 95%,Low-High,p <= 0.05,51,4952.125784972879,58460.384630767345,18,0.22521782047130232,10,1,0.27212614445574773,0.800332778702163,0.024350649350649352,1022,1966
36047004300,Census Tract 43; Kings County; New York,186,74,0,4.9349960201645,0.4536904683842652,Not significant,Not significant,Not significant,95,17185.566311408635,75657.29920869331,67,0.2512965058791317,3,10,0.09471127900701565,0.7316700610997964,0.027241208519068846,2182,3769
36047023600,Census Tract 236; Kings County; New York,55,17,0,0.8535071384233396,-1.8513813765495784,Cold 99%,Low-Low,p <= 0.01,35,1560.5031680129277,57581.13275451587,68,0.4968623215221636,12,2,0.3356610800744879,0.8839704896042925,0.08246153846153846,3293,6444
36047018800,Census Tract 188; Kings County; New York,71,29,0,2.4781849912739964,-1.3024462830426058,Not significant,Not significant,Not significant,30,136.21822603651367,77499.46006914225,14,0.4041382213644209,3,1,0.17591623036649215,0.6059204440333025,0.08930075821398484,1324,2865
36047000700,Census Tract 7; Kings County; New York,111,40,0,2.6160735328776807,-0.8745934099162903,Not significant,Not significant,Not significant,132,18989.48132178398,78637.08394242359,77,0.5096534567038296,2,1,0.04100119189511323,0.5849241311796378,0.13833825390130747,2354,4243
36047029900,Census Tract 299; Kings County; New York,222,98,0,6.670673076923077,0.45983141725461757,Not significant,Not significant,Not significant,19,3302.9958864535456,35283.876383132825,16,0.4289837545813708,11,2,0.29583333333333334,0.7658380112269446,0.03333333333333333,1863,3328
36047027300,Census Tract 273; Kings County; New York,151,67,0,3.6159003831417627,-0.03966865874995847,Not significant,Not significant,Not significant,42,6822.23708772191,55305.847087153736,25,0.316645138349999,3,8,0.08353394318728936,0.602112676056338,0.052701801200800535,2278,4176
36047039900,Census Tract 399; Kings County; New York,145,52,0,3.871829105473965,-0.2972964567913802,Not significant,Not significant,Not significant,57,845.731266353771,52862.12522206389,19,0.4054754072011161,0,5,0.2831858407079646,0.8122324159021407,0.046091015169194866,2015,3745
36047049100,Census Tract 491; Kings County; New York,289,129,0,4.651537099629809,0.0056446537898208,Not significant,Not significant,Not significant,40,14545.857235739973,88973.91580157868,29,0.28514746872069585,2,0,0.339288588443586,0.8264021365890881,0,3623,6213
36047058000,Census Tract 580; Kings County; New York,78,29,0,2.5930851063829787,-1.3969473153011622,Cold 95%,Low-Low,p <= 0.05,25,2391.301411394601,51969.98639568224,44,0.05175845862923961,7,0,0.2789228723404255,0.8181011535048802,0.11884284597341674,1597,3008
36047053900,Census Tract 539; Kings County; New York,24,4,0,0.97165991902834,-1.5070477980911916,Cold 95%,Low-Low,p <= 0.05,67,13096.689491468258,47957.73045588649,31,0.7533665901766182,0,0,0.44979757085020244,0.8323959505061868,0.02628696604600219,1410,2470
36047080200,Census Tract 802; Kings County; New York,165,73,0,4.254770500257865,-0.2911301771625402,Not significant,Not significant,Not significant,74,0,38925.31212173047,23,0.2951901183608461,4,9,0.16142341413099537,0.6696381751442055,0.09406175771971496,2184,3878
36047093800,Census Tract 938; Kings County; New York,58,22,0,2.6044005388414906,-1.1794483782734086,Not significant,Not significant,Not significant,16,8375.023962498899,62218.60264620943,6,1.4066609826806213,0,0,0.1383026493039964,0.6328828828828829,0.11817279046673287,1265,2227
36047112800,Census Tract 1128; Kings County; New York,234,120,0,5.949656750572083,2.2675199263784536,Hot 95%,High-High,p <= 0.05,51,3790.6053845292604,65022.387452818155,11,0.3987113659291093,4,8,0.28451563691838294,0.7344155844155844,0.08333333333333333,2001,3933
36047119400,Census Tract 1194; Kings County; New York,141,69,0,2.9277408637873754,1.2440658934752171,Not significant,Not significant,Not significant,36,1497.7439576119925,56997.54409820159,25,0.35726248534859384,21,3,0.35070598006644516,0.8017532029669588,0.0834363411619283,1928,4816
36047033701,Census Tract 337.01; Kings County; New York,136,36,0,4.9598832968636035,-0.6236800678348139,Not significant,Not significant,Not significant,53,7305.549746159313,59850.30350806049,26,0.05301803869661749,6,2,0.11469265367316342,0.7936507936507936,0.08430232558139535,1584,2742
36061015402,Census Tract 154.02; New York County; New York,46,20,0,1.2352309344790549,-1.1783977799161485,Not significant,Not significant,Not significant,16,1.6358663363588948,10240.485680698375,47,0.31424933370350033,0,1,0.07357679914070892,0.60381861575179,0.20793950850661624,2473,3724
36005017902,Census Tract 179.02; Bronx County; New York,371,147,0,12.244224422442244,1.824889332663093,Not significant,Not significant,Not significant,51,11048.842569529692,43688.22549378515,10,0.25391670058417265,0,0,0.1594059405940594,1,0.09591078066914498,1811,3030
36047021100,Census Tract 211; Kings County; New York,169,44,0,6.083513318934485,-0.5295870451199968,Not significant,Not significant,Not significant,15,49764.43481256696,170135.18982767276,34,1.089117014431478,15,3,0.15262778977681785,0.8759894459102903,0.12403697996918336,1432,2778
36047079602,Census Tract 796.02; Kings County; New York,154,65,0,3.0356790853538342,-0.393628431136871,Not significant,Not significant,Not significant,22,6279.887378813063,41248.81246608221,23,0.4295273825728891,3,5,0.1523753203232801,0.8549655850540806,0.10435931307793923,2749,5073
36081018501,Census Tract 185.01; Queens County; New York,74,21,0,2.002164502164502,-1.1071738250034027,Not significant,Not significant,Not significant,31,5031.38573308226,44441.38318164712,16,0.5788011325309463,5,2,0.10037878787878787,0.5525866969869244,0.010129431626336522,1764,3696
36047102801,Census Tract 1028.01; Kings County; New York,47,18,0,4.101221640488657,-1.4205132163801957,Cold 95%,Low-Low,p <= 0.05,19,12070.089388065822,59796.20027699091,10,1.9896108665183905,2,0,0.16827344434706398,0.32323232323232326,0.2192429022082019,676,1146
36047079001,Census Tract 790.01; Kings County; New York,83,28,0,4.987980769230769,-1.0825769317717566,Not significant,Not significant,Not significant,22,4229.229465396306,19367.125728775492,5,0.616147711130425,0,6,0.16526442307692307,0.8963963963963963,0.18081180811808117,1010,1664
36061007001,Census Tract 70.01; New York County; New York,103,36,0,2.5769326995246433,0.26041343867612493,Not significant,Not significant,Not significant,11,2749.854918398451,20838.495817937564,8,0.6475316093967564,0,0,0.022129653736006248,0.7990654205607477,0.19790104947526238,1755,3997
36081039901,Census Tract 399.01; Queens County; New York,138,37,0,5.5111821086261985,0.08771294584016552,Not significant,Not significant,Not significant,71,2291.245845018962,45801.32204630748,13,0.19981820704767048,1,2,0.16966786714685875,0.6653919694072657,0.04212454212454213,1366,2504
36081116302,Census Tract 1163.02; Queens County; New York,47,25,0,1.2747491185245456,-1.6964951260994785,Cold 95%,Low-Low,p <= 0.01,7,2369.412388678075,35953.36602927694,12,1.1215641783665784,3,0,0.5096284241931109,0.7161825726141079,0.04592240696753761,1899,3687
36061003700,Census Tract 37; New York County; New York,328,114,0,9.479768786127167,5.203088942072473,Hot 99%,High-High,p <= 0.01,163,33893.15024664496,151567.33409791457,55,0.5675668151795302,4,3,0.04393063583815029,0.5734229576008273,0.25758157389635317,2097,3460
36047078601,Census Tract 786.01; Kings County; New York,247,103,0,11.126126126126126,-0.9448412636210513,Not significant,Not significant,Not significant,35,9332.309280579522,39886.78085097848,12,0.1529134810456265,1,2,0.09864864864864865,0.7058189655172413,0.10251450676982592,1134,2220
36005018102,Census Tract 181.02; Bronx County; New York,158,51,0,2.967693463561232,1.7952787259593972,Hot 95%,Low-High,p <= 0.05,44,2390.0648712986576,33391.8593654905,8,0.16919526276618393,2,0,0.3124753257007501,0.9809302325581395,0,2976,5324
36005026701,Census Tract 267.01; Bronx County; New York,195,66,0,5.430242272347535,2.407077456869305,Hot 95%,High-High,p <= 0.05,85,13629.246395129883,47177.55734303345,11,0.3781023470120644,1,1,0.290448343079922,0.9875968992248062,0.10104529616724739,1609,3591
36005038301,Census Tract 383.01; Bronx County; New York,230,96,0,5.0516143202284205,3.3468953417584792,Hot 95%,High-High,p <= 0.05,29,5460.465169649425,37421.53180529593,10,0.22412221054222548,2,0,0.3692817679558011,0.9587757651467833,0.022588522588522588,2673,4553
36005017701,Census Tract 177.01; Bronx County; New York,331,143,0,6.13531047265987,2.104460360147621,Hot 95%,High-High,p <= 0.05,41,12298.604981940143,53923.66022072473,11,0.6159090443565308,2,4,0.25094527363184077,0.9767441860465116,0.016812373907195696,2919,5395
36047079801,Census Tract 798.01; Kings County; New York,72,35,0,2.1712907117008444,-0.17741126084717726,Not significant,Not significant,Not significant,15,1924.7443127868294,36444.26081551841,41,0.34724266237497264,0,11,0.05367913148371532,0.6776099803020355,0.051681195516811954,1910,3316
36081072300,Census Tract 723; Queens County; New York,31,11,0,1.3656387665198237,-1.3244897005931533,Not significant,Not significant,Not significant,90,15627.534931434951,109838.85068265251,36,0.663317498854913,10,3,0.027604630454140695,0.12300683371298406,0,1128,2270
36047006902,Census Tract 69.02; Kings County; New York,71,27,0,3.72507869884575,-1.2154001552226459,Not significant,Not significant,Not significant,24,2283.747189637268,28270.257596054515,53,0.20494129744759607,7,7,0.03620146904512067,0.6089588377723971,0.031652989449003514,985,1906
36081065401,Census Tract 654.01; Queens County; New York,145,58,9,4.680438992898644,-0.917777747119727,Not significant,Not significant,Not significant,41,19596.36037235073,195820.22382349585,18,6.729002933423184,5,1,0.12771474878444083,0.31954498448810753,0.02125506072874494,1579,3098
36085018704,Census Tract 187.04; Richmond County; New York,25,18,0,0.5365958360163126,-1.9857679762048124,Cold 99%,Low-Low,p <= 0.001,90,7707.954597507522,146391.43847208744,32,2.883894664073266,10,8,0.02111858899976793,0.14688300597779674,0.06019261637239166,2175,4659
36085029105,Census Tract 291.05; Richmond County; New York,65,25,0,1.4551152899037385,-1.3750490202995758,Cold 95%,Low-Low,p <= 0.05,184,68556.39617698279,232622.54656905623,36,5.8832914009169945,29,1,0.06917394224311618,0.3249211356466877,0.057108863771564544,2427,4467
36085000900,Census Tract 9; Richmond County; New York,122,52,0,5.52286102308737,-0.14789498896920156,Not significant,Not significant,Not significant,75,17800.31062980645,74107.5060275718,15,0.7967230910968309,15,5,0.2037120869171571,0.6770833333333334,0.17002881844380405,1076,2209
36085013203,Census Tract 132.03; Richmond County; New York,43,19,0,0.5886379192334018,-1.9926011931364345,Cold 99%,Low-Low,p <= 0.001,148,72632.5964804162,370100.015977477,62,0.7528884481409625,37,8,0.03668720054757016,0.24209614551754005,0.0771382893685052,3734,7305
36085018902,Census Tract 189.02; Richmond County; New York,32,18,0,0.5670742512847776,-1.7491527383493681,Cold 99%,Low-Low,p <= 0.01,119,25284.082843072712,206801.84438083103,39,3.7615695649155,28,3,0.17791954634059898,0.12421972534332085,0.11197339246119734,2855,5643
36005037300,Census Tract 373; Bronx County; New York,437,168,0,7.046114156723638,3.8566325003320547,Hot 99%,High-High,p <= 0.01,85,7450.141005558572,78872.98472941425,26,1.2221460219672002,6,3,0.22877930476960387,0.9298908480268682,0.05099601593625498,3814,6202
36005023200,Census Tract 232; Bronx County; New York,144,44,0,5.483625285605483,-0.059346173335275615,Not significant,Not significant,Not significant,54,7429.342444035274,55153.87535809145,28,0.47897135793827356,12,2,0.3316831683168317,0.8200692041522492,0.09214659685863874,1216,2626
36005022800,Census Tract 228; Bronx County; New York,164,79,0,2.8551532033426184,0.6736412449677806,Not significant,Not significant,Not significant,92,4062.7576261804543,49645.644749281186,7,0.2712318564754917,7,1,0.09790334044065388,0.8698026039479211,0.03914447134786118,2910,5744
36005022703,Census Tract 227.03; Bronx County; New York,42,22,0,2.492581602373887,1.5356164825577585,Hot 95%,Low-High,p <= 0.05,3,1510.5533371562394,12768.990322317346,1,0.2089941459223933,0,0,0.3750752558699579,1,0,1018,1685
36005008600,Census Tract 86; Bronx County; New York,83,35,0,2.156404260846973,0.03922359889630642,Not significant,Not significant,Not significant,74,13208.828885800436,57870.47076914555,13,1.6008964834333672,3,0,0.4804615788093365,0.9019354838709678,0.01336728198599618,2355,3849
36005014400,Census Tract 144; Bronx County; New York,134,62,0,2.18668407310705,-0.558663105937693,Not significant,Not significant,Not significant,188,15550.333988480088,122782.56104481316,22,2.6188094331887455,4,2,0.28304055163355774,0.8422570016474464,0.021362353889560662,3356,6128
36005005200,Census Tract 52; Bronx County; New York,204,68,0,11.10506260206859,3.378307315118509,Hot 99%,High-High,p <= 0.01,61,22900.36153906701,53551.59956387525,12,0.3407348355362955,3,1,0.3788786064235166,0.8511685116851169,0.09060402684563758,1202,1837
36005016400,Census Tract 164; Bronx County; New York,50,21,0,4.41696113074205,0.09908931778772734,Not significant,Not significant,Not significant,127,2471.0532353681415,78888.85468613313,12,1.6129868126697446,9,0,0.2146643109540636,0.4107142857142857,0.15517241379310345,561,1132
36061002902,Census Tract 29.02; New York County; New York,440,282,169,12.596621815058688,3.133330568132399,Hot 95%,High-High,p <= 0.05,131,16428.152569642905,54692.77653345092,28,0.3386430870487555,2,0,0.32989690721649484,0.8730614589316484,0.293138449045879,1860,3493
36081001903,Census Tract 19.03; Queens County; New York,317,95,0,15.388349514563107,1.2759542391561205,Not significant,Not significant,Not significant,98,43999.19961076645,183933.921156322,22,0.31605511223931804,6,0,0.05,0.7513430544896393,0.2922324823465508,1082,2060
36047005800,Census Tract 58; Kings County; New York,100,35,0,3.2102728731942216,-1.3183904558830575,Cold 95%,Not significant,Not significant,75,3334.291127846172,78567.29563200948,31,0.2926732241698521,2,3,0.07608346709470305,0.7697052775873886,0.11253041362530414,1515,3115
36081017000,Census Tract 170; Queens County; New York,96,39,0,3.506208911614317,-1.04050630066376,Not significant,Not significant,Not significant,30,8882.635809548641,90886.58284317148,30,1.1795145637089028,7,3,0.05989773557341125,0.22418879056047197,0.036931818181818184,1308,2738
36081009400,Census Tract 94; Queens County; New York,197,49,0,7.277428888067972,-0.26746096838219996,Not significant,Not significant,Not significant,52,11506.580686475862,98960.1594701328,16,0.10585292527378246,8,0,0.19320280753601773,0.5,0.049576783555018135,1436,2707
36081014800,Census Tract 148; Queens County; New York,72,21,0,3.5732009925558312,-0.36401782443317554,Not significant,Not significant,Not significant,21,12645.19353419867,68811.0662579018,10,0.8344682072292573,15,2,0.07543424317617867,0.3480916030534351,0.043795620437956206,1124,2015
36047021900,Census Tract 219; Kings County; New York,133,50,0,3.1235321747299203,0.13562547398394142,Not significant,Not significant,Not significant,49,6514.506078022743,54223.728741280094,36,0.2820223263580233,10,7,0.10004697040864255,0.8455995882655687,0.04661432777232581,2545,4258
36047008500,Census Tract 85; Kings County; New York,74,32,0,1.1560693641618498,-0.7972059695264825,Not significant,Not significant,Not significant,28,9033.911789788086,45116.187701534196,21,0.9196408578123333,0,0,0.3680674894547727,1,0.06784936196700903,4042,6401
36081001400,Census Tract 14; Queens County; New York,85,27,0,2.3552230534774177,-1.2562942985150272,Not significant,Not significant,Not significant,34,9617.825318529678,83894.65863404903,24,0.33651075639053507,4,1,0.11776115267387088,0.5883319638455218,0.04996096799375488,1736,3609
36081018402,Census Tract 184.02; Queens County; New York,71,32,0,2.4868651488616464,-1.3990784216161039,Cold 95%,Not significant,Not significant,12,8312.448724521868,77927.4269663923,9,2.636835178015185,4,6,0.11239901650860555,0.3152492668621701,0.040787623066104076,1382,2855
36081026501,Census Tract 265.01; Queens County; New York,470,173,0,15.506433520290333,2.3793730747750663,Hot 95%,High-High,p <= 0.05,73,6133.175060666995,36975.42994906951,19,0.16215485738706276,2,1,0.15671395579016825,0.9079061685490878,0.0893987341772152,1329,3031
36081023502,Census Tract 235.02; Queens County; New York,117,35,0,4.271631982475356,-0.733011538740767,Not significant,Not significant,Not significant,19,3215.52451755199,48307.54128080745,17,0.23217057089522825,1,0,0.1551661190215407,0.9898391193903472,0.022350993377483443,1425,2739
36047025600,Census Tract 256; Kings County; New York,61,21,0,2.1669626998223803,-1.079412474374888,Not significant,Not significant,Not significant,32,5090.49652072125,54231.44044299412,46,0.2736101497143721,1,0,0.10088809946714032,0.6968036529680365,0.08673894912427023,1336,2815
36047030700,Census Tract 307; Kings County; New York,340,191,70,5.3976821717732975,0.8087868927393103,Not significant,Not significant,Not significant,131,10050.178159234287,92838.55403942945,18,0.56713661769555,23,5,0.27934384456123584,0.8262845159035302,0.024548244118649847,3964,6299
36081045900,Census Tract 459; Queens County; New York,65,22,0,1.867816091954023,-0.21596479091469756,Not significant,Not significant,Not significant,16,1853.740463849261,54352.99798791776,14,0.6393786268219134,3,2,0.11695402298850574,0.5921173235563703,0.07932489451476793,1567,3480
36081059800,Census Tract 598; Queens County; New York,62,33,0,3.666469544648137,-1.7712899422578496,Cold 99%,Low-Low,p <= 0.01,8,6832.455996287353,79004.9733855452,15,3.9806061379643656,0,6,0.055089820359281436,0.39421338155515373,0.06587837837837837,1079,1691
36061027500,Census Tract 275; New York County; New York,18,7,0,0.5689001264222503,1.0817445581892713,Not significant,Not significant,Not significant,8,6835.913838561399,13665.071059912925,4,0.6964355586747938,3,0,0.0534134007585335,0.3010033444816054,0.065625,1414,3164
36047036501,Census Tract 365.01; Kings County; New York,125,41,0,3.9821599235425293,1.0641245142758367,Not significant,Not significant,Not significant,68,4680.709656060577,40191.622246487066,13,0.36932278982979466,14,1,0.1745778910481045,0.9049346879535559,0.012186379928315413,1683,3139
36047039700,Census Tract 397; Kings County; New York,161,65,0,4.797377830750894,0.16202586574954003,Not significant,Not significant,Not significant,32,3421.709380542954,62058.51516129686,51,0.2753239069406234,3,14,0.2193877551020408,0.9330413016270338,0.09049516220830962,1852,3356
36047042000,Census Tract 420; Kings County; New York,65,21,0,3.910950661853189,-1.5689417433758663,Cold 95%,Low-Low,p <= 0.05,31,3626.4414775233986,42184.58028759405,32,0.5622006635262339,4,1,0.1308298001211387,0.47959183673469385,0.09090909090909091,835,1662
36081103201,Census Tract 1032.01; Queens County; New York,192,82,0,3.0495552731893265,-0.15742764148712074,Not significant,Not significant,Not significant,64,20607.792660008592,132606.2377488001,9,0.5134751810645042,19,7,0.3526140155728587,0.8683937823834197,0.05623471882640587,3519,6296
36081066701,Census Tract 667.01; Queens County; New York,48,19,0,1.8633540372670807,-1.633658870666823,Cold 99%,Low-Low,p <= 0.01,36,7897.220486276054,86347.70060582338,20,1.1719292258942644,7,2,0.09666149068322981,0.4013840830449827,0.19722222222222222,1402,2576
36081072100,Census Tract 721; Queens County; New York,79,28,0,1.4119749776586237,-1.3639452354272046,Cold 95%,Low-Low,p <= 0.05,28,1578.360613843164,66957.5550530416,20,0.5244103557387507,2,2,0.0353887399463807,0.28424015009380865,0.06940200785683108,3050,5595
36047049700,Census Tract 497; Kings County; New York,152,61,0,4.522463552514132,-0.4110817465478156,Not significant,Not significant,Not significant,54,5063.70013229007,80004.42362672735,44,0.1875581817247292,4,10,0.07110978875334721,0.72,0.04319300164024057,1732,3361
36047051900,Census Tract 519; Kings County; New York,267,88,0,4.412493802677243,1.1262825615895007,Not significant,Not significant,Not significant,65,21068.278261450105,154599.5095912594,55,0.22810864950051715,7,3,0.05288382085605685,0.8544095665171898,0.04755125284738041,2715,6051
36047062800,Census Tract 628; Kings County; New York,108,45,0,2.232327408019843,-1.3531427573198644,Cold 95%,Low-Low,p <= 0.05,227,38615.92467928512,426980.2507724805,64,2.3283114475876183,296,14,0.058495245969408846,0.15232876712328766,0.07077393075356415,2317,4838
36081094700,Census Tract 947; Queens County; New York,61,28,0,2.1997836278398846,-0.7079564099914861,Not significant,Not significant,Not significant,20,17334.130581185764,108646.83238017536,11,3.038714959415607,17,4,0.1266787658802178,0.5555555555555556,0.05672009864364982,1290,2773
36081115500,Census Tract 1155; Queens County; New York,38,12,0,1.7359524897213339,-1.3024462830426058,Not significant,Not significant,Not significant,23,7505.330791288764,69782.25232734074,10,1.800738170626059,2,1,0.14207400639561443,0.5443383356070941,0.035526315789473684,1062,2189
36081146300,Census Tract 1463; Queens County; New York,77,34,0,2.6244035446489433,-1.883450734072609,Cold 99%,Low-Low,p <= 0.01,40,26050.45139442357,145148.31033920182,24,4.132248368426685,4,1,0.0729957805907173,0.5290322580645161,0.0189873417721519,1728,2934
36047067600,Census Tract 676; Kings County; New York,38,17,0,2.5165562913907285,-1.9356577187062505,Cold 99%,Low-Low,p <= 0.001,33,7717.5305548784245,54870.01679106062,6,1.9364742927126766,2,2,0.07511737089201878,0.40585774058577406,0.15547703180212014,830,1510
36047082800,Census Tract 828; Kings County; New York,147,52,0,4.078801331853496,-0.4733492953391286,Not significant,Not significant,Not significant,15,1261.088946481764,52969.74154792809,12,0.15208531563174205,0,5,0.12067955477445812,0.7934936350777935,0.11735330836454431,1984,3604
36047075000,Census Tract 750; Kings County; New York,60,21,0,2.1398002853067046,-1.5962746111023547,Cold 95%,Low-Low,p <= 0.05,26,445.62183673774734,63097.01229128747,42,0.7025613035847472,3,1,0.04461099214846538,0.42769857433808556,0.07271010387157696,1455,2804
36081076901,Census Tract 769.01; Queens County; New York,44,15,0,0.8070432868672047,-0.8446207486239273,Not significant,Not significant,Not significant,60,5158.058564896879,47643.51094848587,35,0.21107288861313112,5,0,0.04548789435069699,0.44335778321108393,0.022700119474313024,3226,5452
36047097000,Census Tract 970; Kings County; New York,58,24,0,2.9974160206718348,-0.6398328536021253,Not significant,Not significant,Not significant,18,8154.221330574086,65560.76506576638,7,0.47004824095153147,19,4,0.047545219638242896,0.3360655737704918,0.1527777777777778,1135,1935
36047078802,Census Tract 788.02; Kings County; New York,26,12,0,1.452513966480447,-0.5445047893245868,Not significant,Not significant,Not significant,8,274.66991988307234,20973.689759246066,5,0.30740173834004225,2,7,0.22905027932960895,0.8985024958402662,0.07538461538461538,801,1790
36047014101,Census Tract 141.01; Kings County; New York,38,16,0,2.562373567093729,-1.5939968721251472,Cold 95%,Low-Low,p <= 0.05,30,2683.4205122539765,27308.179298750034,44,0.3514137781058528,3,1,0.1331081081081081,0.5476635514018692,0.014732965009208104,696,1483
36047035102,Census Tract 351.02; Kings County; New York,345,149,0,10.147058823529411,-0.07474497432784138,Not significant,Not significant,Not significant,82,325.6634261144071,25052.755182953868,9,0.20183476692471058,2,0,0.3135294117647059,0.8987583572110793,0.03234750462107209,1905,3400
36047050402,Census Tract 504.02; Kings County; New York,59,18,0,3.0256410256410255,-1.2564318393778453,Not significant,Not significant,Not significant,48,12091.287050157875,28569.138035240037,12,0.5084446313640647,1,1,0.04717948717948718,0.35874439461883406,0.023001095290251915,951,1950
36047116000,Census Tract 1160; Kings County; New York,112,51,0,4.628099173553719,0.2456553027371373,Not significant,Not significant,Not significant,38,1020.6813031679915,61702.45283531683,11,0.3967551586100098,3,2,0.24461028192371476,0.6443514644351465,0.04685942173479561,1228,2420
36047121400,Census Tract 1214; Kings County; New York,80,33,0,1.7730496453900708,-0.06314280020739549,Not significant,Not significant,Not significant,41,4709.196164513417,35601.25577433136,28,1.0533374969116573,0,0,0.27061170212765956,1,0.0343558282208589,2406,4512
36085011203,Census Tract 112.03; Richmond County; New York,185,72,19,2.631953336178688,-1.4095000149713515,Cold 99%,High-Low,p <= 0.01,222,52025.87540852046,352995.490225334,43,1.193000729240626,117,39,0.16671440847894586,0.267825311942959,0.065,3692,7029
36061007700,Census Tract 77; New York County; New York,453,186,0,8.089285714285714,3.8953540629445795,Hot 99%,High-High,p <= 0.01,85,7748.10988045208,80197.56299877743,87,0.19723356950879414,0,0,0.046785714285714285,0.7284667073915699,0.21449136276391556,2970,5600
36061020500,Census Tract 205; New York County; New York,104,40,0,1.8799710773680405,0.012792336771338078,Not significant,Not significant,Not significant,55,14920.935044593125,49489.51714324528,92,0.5403392337892028,1,0,0.09416877942774357,0.8078529657477026,0.09728506787330317,3699,5532
36061015601,Census Tract 156.01; New York County; New York,92,33,0,1.7788089713843773,-0.4613916430418708,Not significant,Not significant,Not significant,18,1783.5219568440054,25443.107055861386,7,0.08832499304360068,0,3,0.1212890625,0.9391553328561203,0.11916771752837327,2659,5172
36061023000,Census Tract 230; New York County; New York,292,122,0,3.328393935939815,2.1187176607228424,Hot 95%,High-High,p <= 0.05,53,4252.29710085984,57409.3380374765,29,0.47413382614634464,17,7,0.48801916932907347,0.9409056024558711,0.13421926910299004,4792,8773
36061003001,Census Tract 30.01; New York County; New York,622,187,0,14.566744730679156,4.197206761420114,Hot 99%,High-High,p <= 0.01,45,14743.633380220192,90780.79030144968,72,0.28741148220784957,0,0,0.18562030075187969,0.9407149084568439,0.13433962264150942,2490,4270
36061001300,Census Tract 13; New York County; New York,636,269,0,12.564203871987356,3.4763550100009013,Hot 95%,High-High,p <= 0.05,114,51307.003286975654,135345.360623715,162,0.195339519530156,1,4,0.1185302252074279,0.8535971223021582,0.10783055198973042,2585,5062
36047003101,Census Tract 31.01; Kings County; New York,127,44,0,3.1173294059892,1.3376605559485264,Not significant,Not significant,Not significant,74,13048.43885198303,45656.91395814156,22,0.21112122750232976,0,0,0.056296778392450376,0.6155606407322655,0.05717367853290183,2147,4074
36047035101,Census Tract 351.01; Kings County; New York,172,77,0,9.913544668587896,-0.1310701642259479,Not significant,Not significant,Not significant,51,4329.15313875946,35006.882042484416,15,0.1536168553307783,3,3,0.261671469740634,0.9921259842519685,0.0819277108433735,1018,1735
36061011900,Census Tract 119; New York County; New York,1565,635,0,115.75443786982248,15.03388237289733,Hot 99%,High-High,p <= 0.0001,46,7832.902974259849,62479.00589553123,63,0.14888415958840004,1,4,0.4579226686884003,0.9945553539019963,0.09150865622423743,446,1352
36061019400,Census Tract 194; New York County; New York,306,120,0,5.204966831093723,5.300719011881517,Hot 99%,High-High,p <= 0.01,168,7519.553290339093,67619.3254091017,53,0.45538338713145154,15,0,0.2665419288994727,0.9546572934973638,0.06260296540362438,3227,5879
36061023400,Census Tract 234; New York County; New York,190,82,0,3.491363469312753,0.47293386878304405,Not significant,Not significant,Not significant,24,2847.1326052994823,43425.04148586951,21,0.18636726895164743,5,0,0.2658948915839765,0.9675192854242793,0.10825488776249095,2410,5442
36061027700,Census Tract 277; New York County; New York,357,126,0,5.542617605961807,1.1194584947011617,Not significant,Not significant,Not significant,65,5270.380458045713,40675.2650400311,17,0.16802137929036753,0,0,0.22468626439745573,1,0.10287511230907458,3414,6441
36061001800,Census Tract 18; New York County; New York,1329,440,0,19.81807336713391,6.234544398504129,Hot 99%,High-High,p <= 0.01,161,23285.09892803696,151113.9953747323,117,0.23550440568954295,3,0,0.2077983088005011,0.8867507886435331,0.14693218514531756,3267,6706
36061014801,Census Tract 148.01; New York County; New York,107,47,0,3.421810041573393,-0.3179131732802339,Not significant,Not significant,Not significant,26,1789.4174893481581,21259.183361438838,52,0.08303500607065455,0,0,0.02782219379597058,0.5918518518518519,0.1712707182320442,1625,3127
36085022601,Census Tract 226.01; Richmond County; New York,68,22,0,0.9087264466123213,-1.3184781155317404,Cold 95%,Not significant,Not significant,149,101289.34354975067,272852.3076530987,24,1.0123283149554652,88,4,0.04354882337030024,0.28928850664581707,0.039429215170859934,3842,7483
36061011500,Census Tract 115; New York County; New York,787,283,0,19.939194324803648,13.865830049164265,Hot 99%,High-High,p <= 0.0001,79,11254.053651084436,52267.42279408026,33,0.32242072393979226,3,5,0.19974424552429668,0.9054347826086957,0.23333333333333334,1607,3947
36061020300,Census Tract 203; New York County; New York,124,52,0,3.1085485083980946,-0.5394037256781418,Not significant,Not significant,Not significant,30,8078.212139179476,38342.18975005261,28,0.23938304139597663,0,0,0.24671385237613752,0.9506437768240343,0.12570356472795496,2472,3989
36081048302,Census Tract 483.02; Queens County; New York,93,20,0,5.4101221640488655,-0.08077141182516298,Not significant,Not significant,Not significant,71,30447.50373566569,94871.5635298202,4,0.5588893128949924,6,9,0.04072134962187318,0.8165137614678899,0.11141304347826086,823,1719
36081134702,Census Tract 1347.02; Queens County; New York,153,53,0,3.3759929390997354,-0.7797075939333094,Not significant,Not significant,Not significant,96,41308.32217988081,157061.19098149805,30,2.8984400327209348,1,0,0.09514348785871965,0.7266500622665006,0.061367621274108705,2365,4532
36061002400,Census Tract 24; New York County; New York,19,8,0,0.42007517134645145,0.2525289724635111,Not significant,Not significant,Not significant,5,1911.9700433268147,11128.022407493598,19,1.2432151747359812,9,0,0.48153880168030067,1,0.039037433155080216,2361,4523
36047110400,Census Tract 1104; Kings County; New York,644,278,0,12.386997499519138,1.0168684454289365,Not significant,Not significant,Not significant,271,44634.669319078435,291831.82271506026,39,0.8951628089926236,32,3,0.24350836699365264,0.6436170212765957,0.11320754716981132,2328,5199
36047004100,Census Tract 41; Kings County; New York,179,75,1,5.401327700663851,1.2554545883612538,Not significant,Not significant,Not significant,74,7541.826767933939,59678.82658685273,83,0.2092772045457695,3,6,0.09826589595375723,0.7007930785868781,0.11146700832799487,1649,3314
36047021500,Census Tract 215; Kings County; New York,191,86,0,3.413762287756926,0.01198481703649852,Not significant,Not significant,Not significant,93,14048.415990519901,65299.90180296611,24,0.18032237337638787,6,0,0.07631814119749776,0.7037170696499458,0.09325916230366492,3038,5595
36047019000,Census Tract 190; Kings County; New York,124,37,0,2.9729081754974827,-1.2626876174598518,Not significant,Not significant,Not significant,39,5848.993930248713,87211.99441924218,26,0.20627406174148805,8,4,0.21841285063533925,0.804375,0.08045977011494253,1713,4171
36047014000,Census Tract 140; Kings County; New York,24,6,0,1.340033500837521,-1.5165537469000974,Cold 95%,Low-Low,p <= 0.05,43,9859.49129398996,72644.97201646553,23,0.7675243324045226,4,7,0.23223279238947958,0.5101156069364162,0.06486486486486487,799,1791
36047028800,Census Tract 288; Kings County; New York,90,25,0,2.5153717160424818,-1.1042829920255661,Not significant,Not significant,Not significant,35,2882.291508846587,52216.66978782196,29,0.13598358080973885,0,0,0.21991001124859394,0.6892252894033838,0.05311973018549747,1707,3578
36047028100,Census Tract 281; Kings County; New York,146,72,0,2.786259541984733,0.40809973345423617,Not significant,Not significant,Not significant,33,0,41178.753286820436,11,0.6181371317264006,7,9,0.37543319214478243,0.9435870143693454,0.01674515960230246,3197,5240
36047033300,Census Tract 333; Kings County; New York,74,27,0,1.6375304270856383,-0.7874142129920022,Not significant,Not significant,Not significant,104,0.9052228759048471,55908.40910063383,36,0.39672958479680276,1,0,0.2046913033857048,0.637628111273792,0.03326256192498231,2074,4519
36047042900,Census Tract 429; Kings County; New York,402,131,0,8.682505399568035,1.8849564097086524,Not significant,Not significant,Not significant,43,4534.633849557334,62196.807679996535,20,0.4705533902430472,1,3,0.2710583153347732,0.9239450441609421,0.032288698955365625,2543,4630
36047057200,Census Tract 572; Kings County; New York,61,21,0,1.1088892928558445,-1.2188055690360309,Not significant,Not significant,Not significant,34,17007.57351612762,90357.46831200292,26,1.439776967342172,0,2,0.34102890383566625,1,0.061269146608315096,3240,5501
36047054400,Census Tract 544; Kings County; New York,35,15,0,0.9875846501128668,-0.9941682217772304,Not significant,Not significant,Not significant,23,492.9200861818825,56202.96283908803,41,0.5072476326780441,5,0,0.1559216131780744,0.7313317936874519,0.034918276374442794,1942,3544
36081025301,Census Tract 253.01; Queens County; New York,96,36,0,2.622950819672131,-0.3244465031826346,Not significant,Not significant,Not significant,43,8833.741643754585,62804.15933734092,23,0.22732890249924106,4,0,0.13469945355191257,0.8740824392998306,0.04938271604938271,1765,3660
36081086900,Census Tract 869; Queens County; New York,321,96,0,16.21212121212121,1.694412314081097,Not significant,Not significant,Not significant,75,31661.92346431164,144151.38953842188,39,0.7078389432041053,14,4,0.14336553126588714,0.763215859030837,0.08926780341023069,893,1980
36081043702,Census Tract 437.02; Queens County; New York,157,50,0,2.6245402875292543,-0.23551645955431932,Not significant,Not significant,Not significant,39,4919.265151098775,66884.43289749749,12,1.0110477766930805,1,3,0.1829059829059829,0.35714285714285715,0.05364151766245094,3247,5982
36047067800,Census Tract 678; Kings County; New York,27,12,0,1.050992604126119,-1.8969361560937255,Cold 99%,Low-Low,p <= 0.01,40,0,43122.67914022386,14,2.2307625133978295,4,4,0.1907356948228883,0.4868571428571429,0.15865384615384615,1425,2569
36047082000,Census Tract 820; Kings County; New York,243,117,0,5.224682863900236,0.6267986306520241,Not significant,Not significant,Not significant,21,3288.8271964494156,35099.05860724307,25,0.32499545445667827,3,2,0.17649591046061128,0.9800173761946134,0.13491168733558812,2618,4651
36047095000,Census Tract 950; Kings County; New York,92,46,0,3.9434204886412343,-1.4151962389960706,Cold 95%,Low-Low,p <= 0.05,35,17882.928976203173,90489.98014904332,20,1.7345342216790738,1,1,0.05745140388768898,0.3329015544041451,0.27169811320754716,1193,2333
36047098200,Census Tract 982; Kings County; New York,73,32,0,1.8425037859666835,0.16089140092102924,Not significant,Not significant,Not significant,49,21442.588209822366,72979.6005233387,10,0.4358786853748889,0,0,0.38515901060070673,1,0.10517529215358931,2644,3962
36047117800,Census Tract 1178; Kings County; New York,128,42,0,7.203151378728194,-0.07353029372252909,Not significant,Not significant,Not significant,27,5169.387450922846,41211.267513637365,11,0.17840213492800536,4,0,0.07492957746478873,0.715927750410509,0.0514018691588785,928,1777
36081006300,Census Tract 63; Queens County; New York,193,61,0,3.43844646356672,0.19712020827503363,Not significant,Not significant,Not significant,54,16092.420638032592,81992.37713679955,132,0.28282256518001025,5,0,0.045252093354712274,0.8550427350427351,0.08991910392034848,2795,5613
36081017400,Census Tract 174; Queens County; New York,49,12,0,1.7468805704099821,-1.6190520008744282,Cold 95%,Low-Low,p <= 0.05,25,4576.478908793288,69163.34493869239,9,1.4201960901656354,5,2,0.04777183600713013,0.3791208791208791,0.03830911492734478,1286,2805
36081002500,Census Tract 25; Queens County; New York,122,49,0,1.8683001531393568,0.8433598082661391,Not significant,Not significant,Not significant,26,8212.987531661282,46757.057094129,55,0.21426962621725287,0,0,0.2750382848392037,0.9878085043116265,0.21019257867543448,3810,6530
36081028200,Census Tract 282; Queens County; New York,72,32,0,3.5502958579881656,-1.5621085264442442,Cold 95%,Low-Low,p <= 0.05,23,16745.006718576667,75583.63371356415,15,2.986772904086247,7,0,0.045318725099601595,0.39501779359430605,0.07717569786535304,1193,2028
36081036800,Census Tract 368; Queens County; New York,52,30,0,1.7820424948594928,-1.0517867073405172,Not significant,Not significant,Not significant,30,28704.85516944625,116315.5530145601,13,3.3783582072651144,4,13,0.0596757502587099,0.2027363184079602,0.03481392557022809,1524,2918
36081048200,Census Tract 482; Queens County; New York,94,39,0,7.170099160945843,-0.7259219799128869,Not significant,Not significant,Not significant,27,13793.080375095322,97233.04383544956,7,1.3637381131933528,5,8,0.07091633466135458,0.42857142857142855,0.10412147505422993,713,1311
36081126700,Census Tract 1267; Queens County; New York,85,37,0,1.9621421975992612,-1.9597007449305162,Cold 99%,Low-Low,p <= 0.01,24,14725.774997630815,119176.4997627109,39,1.1511490175770855,12,2,0.08502772643253234,0.3409090909090909,0.1841779975278121,2295,4332
36081069000,Census Tract 690; Queens County; New York,93,42,0,2.476038338658147,-0.0956089235510467,Not significant,Not significant,Not significant,43,16606.619003250224,150110.97469080603,6,6.043645327548885,17,8,0.04739084132055378,0.48378615249780893,0.05858085808580858,2152,3756
36081140901,Census Tract 1409.01; Queens County; New York,30,12,0,3.225806451612903,-1.6691622583729904,Cold 95%,Low-Low,p <= 0.05,28,12812.359951168892,109963.09195044999,11,3.8383937819104186,1,2,0.05387931034482758,0.3198757763975155,0,388,930
36085002900,Census Tract 29; Richmond County; New York,218,121,0,3.967242948134668,-0.3139075669346138,Not significant,Not significant,Not significant,142,29962.011227898758,198848.81380819198,20,0.978412979910177,33,18,0.3321053601031497,0.6810486073184052,0.1471821145784816,2893,5495
36085027702,Census Tract 277.02; Richmond County; New York,63,26,0,1.0225612725206947,-1.5151293559151682,Cold 95%,Low-Low,p <= 0.05,126,53001.416802579224,123928.35868672408,76,3.3719346520205136,24,2,0.14190615359636305,0.2994409503843466,0.06653620352250489,3566,6161
36061023803,Census Tract 238.03; New York County; New York,54,28,0,1.651376146788991,-1.2161117164280386,Not significant,Not significant,Not significant,0,0,0,1,0.49571732783477795,0,0,0.10642201834862386,0.5477941176470589,0.1660705160960654,1808,3270
36061013201,Census Tract 132.01; New York County; New York,46,18,0,1.9458544839255498,-1.5546491826068287,Cold 95%,Low-Low,p <= 0.05,17,6286.52904538204,37088.256875614905,40,0.7441690862053549,0,0,0.024245002126754574,0.668543845534996,0.28767908309455587,1335,2364
36081120701,Census Tract 1207.01; Queens County; New York,40,15,0,1.277139208173691,-1.493578535051231,Cold 95%,Low-Low,p <= 0.05,78,12368.16771468064,170507.64465039264,34,2.564416798623896,10,1,0.07407407407407407,0.11238532110091744,0.053203040173724216,1410,3132
36081084902,Census Tract 849.02; Queens County; New York,198,87,0,5.246422893481717,3.8399590553755387,Hot 99%,High-High,p <= 0.01,22,4343.130671064691,28073.37125667256,28,0.37665505605235433,3,0,0.4056703762586116,0.7442379182156134,0.06532314107018763,2206,3774
36085007001,Census Tract 70.01; Richmond County; New York,39,19,0,1.4238773274917853,-1.726105732803174,Cold 99%,Low-Low,p <= 0.01,72,28704.24223941897,186895.42456117194,30,0.7368817583169344,42,5,0.05867158671586716,0.2222222222222222,0.04044117647058824,1246,2739
36061018000,Census Tract 180; New York County; New York,366,166,0,5.243553008595988,4.442011417474345,Hot 99%,High-High,p <= 0.01,55,7894.218667747077,65303.50152375922,66,0.3988303386604897,6,0,0.3378223495702006,0.8867161159811193,0.12196566015393724,3932,6980
36061016002,Census Tract 160.02; New York County; New York,48,18,0,1.5080113100848256,0.16940493371903406,Not significant,Not significant,Not significant,7,1835.0518622802754,14459.962441505806,8,0.32980791896717954,0,0,0.06653620352250489,0.6375617792421746,0.15459610027855153,1992,3183
36061004500,Census Tract 45; New York County; New York,317,127,0,33.12434691745037,3.483286145914731,Hot 95%,High-High,p <= 0.01,75,10014.16358268009,65505.622990107026,20,0.20712359923010068,2,1,0.13270637408568442,0.533816425120773,0.25806451612903225,492,957
36061024100,Census Tract 241; New York County; New York,249,83,0,3.145925457991156,2.324092780811239,Hot 95%,High-High,p <= 0.05,67,10732.604968285737,49983.03566222594,45,0.4971636674814772,1,1,0.21217147231436592,0.8200123915737298,0.05806828129559381,4260,7915
36005003800,Census Tract 38; Bronx County; New York,59,30,0,4.72,1.4292515446202596,Hot 95%,Low-High,p <= 0.05,15,1337.0736698648675,25129.496993863948,19,1.2967032590011733,3,0,0.3231404958677686,0.4846938775510204,0.02729528535980149,732,1250
36005045102,Census Tract 451.02; Bronx County; New York,72,30,0,3.481624758220503,0.3975059957592633,Not significant,Not significant,Not significant,60,7084.025745736489,52559.57023582244,8,0.8615941575396981,3,0,0.041586073500967116,0.37060041407867494,0.016293279022403257,1193,2068
36005039600,Census Tract 396; Bronx County; New York,253,109,0,6.7233590220568695,0.31006884296692955,Not significant,Not significant,Not significant,74,13514.665404820586,105494.34819964773,9,0.31547940379274,17,9,0.26303191489361705,0.7681058495821727,0.11901840490797547,1927,3763
36005032400,Census Tract 324; Bronx County; New York,112,47,0,3.7825059101654848,0.7235034680655691,Not significant,Not significant,Not significant,72,8247.814822649974,62729.568814191174,30,0.450770483184126,3,2,0.3273037542662116,0.9156999226604795,0.016730038022813688,1721,2961
36081003302,Census Tract 33.02; Queens County; New York,363,108,0,34.375,0.28297993413558176,Not significant,Not significant,Not significant,54,14459.608225510838,123894.78532347716,32,0.4853775547927164,4,0,0.3309716599190283,0.8269230769230769,0.4057142857142857,531,1056
36047041100,Census Tract 411; Kings County; New York,114,54,0,4.3329532497149374,-0.37024199751850123,Not significant,Not significant,Not significant,47,514.4178175645327,32257.389020146653,14,0.2798714965076792,3,6,0.26415811478525275,0.7699029126213592,0.10745233968804159,1374,2631
36081092500,Census Tract 925; Queens County; New York,147,58,0,3.8694393261384574,-0.5502919876810501,Not significant,Not significant,Not significant,64,29360.758434913714,120863.52074334632,31,2.8324621972436774,11,1,0.1721958925750395,0.6104553119730185,0.09878419452887538,1885,3799
36081015400,Census Tract 154; Queens County; New York,116,29,0,5.052264808362369,-0.718542911943393,Not significant,Not significant,Not significant,33,1091.0354649863077,67095.16882753195,10,0.8224866995984461,3,0,0.10239651416122005,0.5390199637023594,0.09225700164744646,1077,2296
36047028900,Census Tract 289; Kings County; New York,220,87,0,5.305039787798409,0.7810433385689879,Not significant,Not significant,Not significant,31,5715.148715178297,61894.97924426004,19,0.35571259854751003,16,2,0.3386511965192168,0.8625858838226109,0.07616849394114253,2408,4147
36061019500,Census Tract 195; New York County; New York,276,113,0,3.6163522012578615,1.6476782169409694,Not significant,Not significant,Not significant,77,14565.324403151944,87901.6500043636,64,0.3774629154975004,1,1,0.16268140981340704,0.6401725200246458,0.17320427916454406,4529,7632
36061009700,Census Tract 97; New York County; New York,187,71,0,3.835897435897436,3.8521644116288534,Hot 99%,High-High,p <= 0.01,69,13731.095682091145,62683.347620837114,64,0.4230128378944888,0,0,0.17244918907821802,0.4397567464842265,0.13053536021150033,2856,4875
36047034902,Census Tract 349.02; Kings County; New York,93,44,0,2.7385159010600706,0.24319561341397272,Not significant,Not significant,Not significant,12,1325.819122338327,23820.445920897924,8,0.3363892113606723,2,1,0.15636042402826855,0.9556620730976633,0.06967670011148272,2048,3396
36061012901,Census Tract 129.01; New York County; New York,347,107,0,5.098442550690567,3.1087336749007526,Hot 95%,High-High,p <= 0.05,106,32874.03347789673,99675.97556959173,18,0.8718631562458847,1,0,0.07778763679384798,0.8160865475070554,0.20105223600150318,3057,6806
36081013600,Census Tract 136; Queens County; New York,39,14,0,1.9687026754164563,-1.3211719681397327,Not significant,Not significant,Not significant,34,2730.2745082813844,42508.3220718391,20,0.682686059954042,3,0,0.12821807168096921,0.5464982778415615,0.08315789473684211,952,1981
36005005001,Census Tract 50.01; Bronx County; New York,192,79,0,3.936039360393604,2.4367524200093262,Hot 95%,High-High,p <= 0.05,57,2024.103525304331,30261.712081553596,2,0.4130142810019205,2,2,0.5593569661995054,0.8805120910384068,0.10445859872611465,2732,4878
36047049301,Census Tract 493.01; Kings County; New York,56,31,0,2.8851107676455436,0.1631408188639458,Not significant,Not significant,Not significant,20,12964.452797235015,32936.10884242567,8,0.23894336135613492,0,0,0.46470891293147865,1,0.044399596367305755,1251,1941
36047010602,Census Tract 106.02; Kings County; New York,122,43,0,5.842911877394636,-0.9877749028324062,Not significant,Not significant,Not significant,23,780.6842574614994,24721.300476169068,18,0.6715611989839902,2,3,0.1053639846743295,0.7,0.11594202898550725,1086,2088
36081114700,Census Tract 1147; Queens County; New York,27,15,0,1.4563106796116505,-1.4638287768622722,Cold 95%,Low-Low,p <= 0.05,28,14522.145918071757,138928.6845430028,21,2.5601760713418784,2,0,0.10841423948220065,0.3371150729335494,0.029874213836477988,1021,1854
36005016600,Census Tract 166; Bronx County; New York,346,182,70,14.446764091858038,0.016904195682827607,Not significant,Not significant,Not significant,268,18913.635895068885,97293.57046319448,19,1.575651177991393,11,1,0.13425925925925927,0.5037406483790524,0.10391061452513967,1565,2395
36005006800,Census Tract 68; Bronx County; New York,269,95,0,10.58221872541306,2.1369395725405007,Hot 95%,High-High,p <= 0.05,119,3394.280491867323,59925.45733339585,15,0.34494480978681885,4,1,0.34775767112509837,0.70996640537514,0.14545454545454545,1200,2542
36005045800,Census Tract 458; Bronx County; New York,46,19,0,0.832880680789426,1.0302961968266504,Not significant,Not significant,Not significant,33,19496.866987699614,58012.81253550659,3,0.973977472288703,0,0,0.4260365743255477,1,0.006238003838771593,4183,5523
36005038900,Census Tract 389; Bronx County; New York,459,168,0,8.481152993348115,3.6759246196857194,Hot 99%,High-High,p <= 0.05,67,2947.9519371651713,82522.59032943862,30,1.2043420130725755,11,0,0.3466768818234055,0.9918116683725691,0.05421103581800581,2653,5412
36061013601,Census Tract 136.01; New York County; New York,14,8,0,0.7074279939363315,-2.072360272858852,Cold 99%,Low-Low,p <= 0.01,11,1889.3685525359406,16220.572760658899,8,0.9144560617350365,0,0,0.02223345123799899,0.1388888888888889,0.07074569789674952,1068,1979
36061015501,Census Tract 155.01; New York County; New York,37,16,0,0.7446166230629906,-0.024514848478876115,Not significant,Not significant,Not significant,13,804.045619156087,15866.266066170952,2,0.31940772892984737,0,0,0.09760515194204065,0.36265223274695535,0.10990665462210178,3148,4969
36047003300,Census Tract 33; Kings County; New York,299,107,0,7.248484848484848,3.066257075241102,Hot 95%,High-High,p <= 0.05,40,14501.472966051597,71769.121966241,75,0.20631906021633706,8,9,0.09648484848484848,0.879936178699641,0.06837606837606838,2366,4125
36047048400,Census Tract 484; Kings County; New York,89,22,0,1.8118892508143323,-0.8013437080569877,Not significant,Not significant,Not significant,37,5662.0112782883925,62039.51033705723,44,0.4349762430222879,0,2,0.07514450867052024,0.8368560105680317,0.07682926829268293,2488,4912
36047064200,Census Tract 642; Kings County; New York,42,15,0,1.7654476670870114,-2.0916879739720713,Cold 99%,Low-Low,p <= 0.0001,48,15303.479195019798,90326.53132706413,17,1.0364947167983003,7,1,0.2639437856829161,0.6782407407407407,0.15707317073170732,1219,2379
36081048301,Census Tract 483.01; Queens County; New York,42,18,0,2.037845705967977,1.4262850116518058,Not significant,Low-High,p <= 0.05,12,6297.448810029435,31974.09991795043,12,0.5247948770417217,7,0,0.1489568170790878,0.5331599479843954,0.05528255528255528,1035,2061
36085013301,Census Tract 133.01; Richmond County; New York,23,14,0,1.9557823129251701,-0.37565077279306963,Not significant,Not significant,Not significant,13,5835.727409238073,24915.74960846398,4,3.7302695387242926,1,0,0.37755102040816324,0.969939879759519,0.054924242424242424,736,1176
36061008800,Census Tract 88; New York County; New York,164,65,0,2.1673054050482357,1.586185983861854,Not significant,Not significant,Not significant,46,8916.252903281242,58491.754616136954,36,0.37513823776440414,0,1,0.09964318752477865,0.6661490683229814,0.18609794628751974,4530,7567
36047099600,Census Tract 996; Kings County; New York,54,28,0,1.7538161740824942,-1.4761272234780953,Cold 95%,Low-Low,p <= 0.05,22,5186.226749436613,76700.30008454739,13,1.5507666451802251,2,1,0.09061383566092887,0.3827893175074184,0.23524962178517397,1533,3079
36047102400,Census Tract 1024; Kings County; New York,40,22,0,2.1810250817884405,-1.8445481596179565,Cold 99%,Low-Low,p <= 0.01,26,9930.154423051,61522.40413564505,20,1.6881170920920332,8,1,0.1821155943293348,0.29401408450704225,0.1497005988023952,924,1834
36047118201,Census Tract 1182.01; Kings County; New York,88,32,0,2.395209580838323,-0.2160547683536966,Not significant,Not significant,Not significant,12,5207.795147303755,51104.49257789626,13,0.23312952387854322,2,4,0.2028587135788895,0.7794715447154471,0.05475504322766571,1823,3674
36061007400,Census Tract 74; New York County; New York,348,121,0,6.49859943977591,6.040701515226923,Hot 99%,High-High,p <= 0.001,31,3826.644836506958,54621.24638860439,31,0.17032216493968674,3,1,0.13500421229991574,0.7447787610619468,0.22304730473047304,2892,5355
36005004200,Census Tract 42; Bronx County; New York,409,186,0,5.274016763378466,1.2349689836515139,Not significant,Not significant,Not significant,176,17739.652178891673,117601.37994093612,31,0.9655691112581961,3,0,0.15654416505480334,0.8760126805213103,0.014920194309507287,4339,7755
36005022101,Census Tract 221.01; Bronx County; New York,579,335,187,15.431769722814499,3.080583193319452,Hot 95%,High-High,p <= 0.05,22,3582.6177452781776,25880.261809579668,7,0.20144318429647262,0,0,0.23925886143931258,1,0,1767,3752
36005033202,Census Tract 332.02; Bronx County; New York,226,85,0,6.229327453142227,1.4656612070267876,Not significant,Not significant,Not significant,57,9574.887626046457,55065.12308214472,8,0.26705442015816183,0,0,0.2532998114393463,0.7882273342354533,0.071024512884978,2168,3628
36047094600,Census Tract 946; Kings County; New York,92,35,0,5.191873589164786,-1.2925231058690319,Not significant,Not significant,Not significant,72,22733.788598303803,116195.93791648492,36,1.8267541414946895,9,3,0.040067720090293454,0.2836990595611285,0.22478736330498178,1012,1772
36081067100,Census Tract 671; Queens County; New York,46,13,0,1.966652415562206,-1.8263262478002977,Cold 99%,Low-Low,p <= 0.01,39,1660.3435291335888,80758.39865076463,28,1.2173929914880086,4,1,0.0732777534006143,0.07439824945295405,0.020364415862808145,1175,2339
36085002002,Census Tract 20.02; Richmond County; New York,51,13,0,1.87018701870187,-1.8892328740526345,Cold 99%,Low-Low,p <= 0.01,102,61358.05680270767,219834.72655055602,45,1.1780776533499948,28,1,0.03136531365313653,0.40975987606506586,0.09530483531885074,1405,2727
36085027704,Census Tract 277.04; Richmond County; New York,31,14,0,0.5991495941244684,-1.8327821753369649,Cold 99%,Low-Low,p <= 0.01,91,17209.316105540238,117164.1051465895,23,3.104655840455352,6,3,0.19329846988185165,0.23127035830618892,0.09117821195973949,2565,5174
36085018901,Census Tract 189.01; Richmond County; New York,88,46,0,1.5135878912968697,-1.939721660519575,Cold 99%,Low-Low,p <= 0.001,216,44445.673859709284,444073.0126747507,52,4.417994175718902,43,2,0.12495685191577494,0.22038892162639953,0.10731194108364019,3123,5814
36005007100,Census Tract 71; Bronx County; New York,507,220,0,18.074866310160427,6.068218034176439,Hot 99%,High-High,p <= 0.001,83,48990.54851072295,141949.1692772596,48,0.4597515571790031,7,0,0.36438258386866523,0.7549019607843137,0.006493506493506494,1585,2805
36005021601,Census Tract 216.01; Bronx County; New York,270,100,0,6.556580864497329,2.4663847986972405,Hot 95%,High-High,p <= 0.05,152,5526.294954475459,58588.79005582731,9,0.5872419644674911,7,0,0.3013598834385624,0.8925410872313527,0.028255528255528257,1918,4118
36005041400,Census Tract 414; Bronx County; New York,502,199,0,9.155571767280685,1.4265576920122676,Not significant,Not significant,Not significant,164,11734.60790979333,140584.9238527205,18,0.29739546182211213,27,6,0.13742911153119092,0.42214727374929734,0.10015174506828528,2858,5483
36005013000,Census Tract 130; Bronx County; New York,40,19,0,2.881844380403458,-0.6584842265736622,Not significant,Not significant,Not significant,36,6778.979532277988,42651.44282226472,5,3.288823895118959,1,0,0.23414985590778098,0.4300847457627119,0.07086614173228346,799,1388
36005042300,Census Tract 423; Bronx County; New York,247,83,0,5.896395321079017,2.599320584913594,Hot 95%,High-High,p <= 0.05,76,7303.724600871947,59309.72688714707,7,0.27509954569564493,4,6,0.22535211267605634,0.9737373737373738,0.03696498054474708,1979,4189
36005026100,Census Tract 261; Bronx County; New York,109,39,0,5.324865657059111,1.1517847259970675,Not significant,Not significant,Not significant,42,6882.764623127641,24448.635499437973,15,0.5908375013717143,0,0,0.1451851851851852,0.11634103019538189,0.08081632653061224,972,2047
36047003900,Census Tract 39; Kings County; New York,488,198,0,16.342933690555927,2.383635287404949,Not significant,High-High,p <= 0.05,95,35333.019517848705,89756.65940687859,76,0.21986155955952408,4,4,0.11922304085733422,0.6924242424242424,0.04967602591792657,1754,2986
36081004200,Census Tract 42; Queens County; New York,102,33,0,2.193076757686519,-0.7057806305753923,Not significant,Not significant,Not significant,46,5124.4634859753405,88856.725805987,13,0.2852328934670075,8,3,0.275923059915985,0.5506493506493506,0.045454545454545456,2064,4651
36081016800,Census Tract 168; Queens County; New York,75,27,0,2.565856996236743,-1.0896287359814818,Not significant,Not significant,Not significant,29,6138.522802060307,93996.56285200058,21,1.0285766851042308,8,0,0.1136208076659822,0.3078730904817861,0.0384180790960452,1548,2923
36081010800,Census Tract 108; Queens County; New York,73,16,0,2.209443099273608,-0.5611227952608575,Not significant,Not significant,Not significant,25,744.1708613045469,57453.87651700237,12,0.49228622006832695,4,6,0.07538940809968847,0.2676767676767677,0.09692132269099202,1458,3304
36085004001,Census Tract 40.01; Richmond County; New York,42,20,0,1.5069967707212055,-1.0879368996346537,Not significant,Not significant,Not significant,73,17513.25109736791,86664.88998367768,5,0.45137817739014435,11,5,0.05366207396664249,0.3484573502722323,0.05731394354148845,1091,2787
36047017100,Census Tract 171; Kings County; New York,31,5,0,0.7489731819280019,-1.4656804081811894,Cold 95%,Low-Low,p <= 0.05,24,8111.289689592635,67637.54210153682,67,0.43843951361054845,7,2,0.01812031891761295,0.5267363245236631,0.06708715596330275,2200,4139
36047021000,Census Tract 210; Kings County; New York,70,17,0,1.845018450184502,-1.7251376878021436,Cold 99%,Low-Low,p <= 0.01,56,1384.227673175233,60130.27684572327,16,0.48023269431759463,6,0,0.26304691618344755,0.5655664585191793,0.12626656274356976,1701,3794
36047022800,Census Tract 228; Kings County; New York,73,19,0,2.088100686498856,-1.1022544463570736,Not significant,Not significant,Not significant,46,7800.537484463004,69271.47418805791,51,0.4384194367682223,4,0,0.3847748815165877,0.564875491480996,0.13979706877113868,1883,3496
36047007800,Census Tract 78; Kings County; New York,187,68,0,3.967748779970295,-0.0724672353506341,Not significant,Not significant,Not significant,57,4008.5777415852276,59631.91770204906,55,0.199703554905066,6,1,0.21785334750265675,0.7361211247296323,0.08084824387011266,2248,4713
36081000800,Census Tract 8; Queens County; New York,71,31,0,1.884288747346072,-0.9743506015525133,Not significant,Not significant,Not significant,35,8140.289573405762,73439.32740188041,19,0.5847809921257314,5,0,0.10058386411889597,0.35014005602240894,0,2023,3768
36081029300,Census Tract 293; Queens County; New York,58,11,0,4.7775947281713345,0.17154693249573646,Not significant,Not significant,Not significant,23,12850.183068202672,57753.658847026025,8,0.26489622453194417,3,0,0.05601317957166392,0.6642512077294686,0.02588235294117647,607,1214
36047003500,Census Tract 35; Kings County; New York,344,136,0,15.794306703397613,2.875461902585086,Hot 95%,High-High,p <= 0.05,50,14751.872683768786,58529.7795578698,43,0.11334146230711557,4,5,0.10218300046446818,0.8397600685518424,0.03712871287128713,1102,2178
36047025300,Census Tract 253; Kings County; New York,120,45,0,3.0737704918032787,-0.2572109346948287,Not significant,Not significant,Not significant,16,1740.972274940054,54367.92073842188,53,0.24205106008728625,13,18,0.305327868852459,0.680161943319838,0.04448742746615087,1835,3904
36047032900,Census Tract 329; Kings County; New York,213,97,0,3.936425799297727,-0.16718747744014645,Not significant,Not significant,Not significant,43,2374.2448164164557,56518.30224018751,17,0.21432980506413182,10,0,0.2308260949916836,0.7251296558227251,0.09936305732484077,3149,5411
36081045000,Census Tract 450; Queens County; New York,69,27,0,3.3045977011494254,-1.3707784523588267,Not significant,Not significant,Not significant,41,7714.1557031626635,74848.44218424533,24,0.7519035777692092,3,2,0.07854406130268199,0.5902864259028643,0.02666666666666667,1267,2088
36081059100,Census Tract 591; Queens County; New York,121,40,0,2.521358616378412,-0.972857158627816,Not significant,Not significant,Not significant,101,5479.07162436728,66486.89297468675,18,0.6185957421471573,1,1,0.2608876849343613,0.869198312236287,0.08768177929854576,2099,4799
36081060800,Census Tract 608; Queens County; New York,24,14,0,1.5075376884422111,-2.1279167813260758,Cold 99%,Low-Low,p <= 0.001,19,9643.29901451536,109179.67956349775,14,4.167408260315229,1,7,0.07377049180327869,0.17193675889328064,0.026923076923076925,804,1592
36047037100,Census Tract 371; Kings County; New York,178,61,0,4.130888837317243,0.489096984430997,Not significant,Not significant,Not significant,41,4397.730579590275,91178.79119700035,27,0.2688402147787995,13,12,0.19132893496701225,0.6915509259259259,0.06544077879935101,2237,4309
36047039100,Census Tract 391; Kings County; New York,177,70,0,3.260869565217391,0.40585794986291074,Not significant,Not significant,Not significant,33,8911.078036678757,76940.25674357646,27,0.33685357182001185,4,2,0.24521002210759027,0.979913351713273,0.07335766423357665,2669,5428
36047041600,Census Tract 416; Kings County; New York,47,14,0,2.6345291479820627,-1.6008300890567695,Cold 95%,Low-Low,p <= 0.05,37,8288.839823997087,48748.221921683005,23,0.7269812603572088,8,0,0.1945067264573991,0.6794326241134752,0.10759493670886076,998,1784
36047048600,Census Tract 486; Kings County; New York,112,19,0,3.5120727500783944,-1.054172734527004,Not significant,Not significant,Not significant,43,8513.331520302665,55650.899864632,21,0.31151656168418135,5,3,0.14497321147179326,0.7367724867724867,0.05970149253731343,1754,3189
36081064500,Census Tract 645; Queens County; New York,27,8,0,1.3392857142857142,-1.8402174288089812,Cold 99%,Low-Low,p <= 0.01,46,6976.906560367119,78755.48960643914,22,1.5415083178079474,6,0,0.1572420634920635,0.42752740560292324,0.06064073226544622,1051,2016
36081068300,Census Tract 683; Queens County; New York,457,165,0,11.258930771125893,0.33137990611634394,Not significant,Not significant,Not significant,76,12765.870877250378,80105.37122202224,29,0.20806239191713494,1,0,0.1160956371703229,0.5410566518141311,0.07041420118343195,2104,4059
36047049000,Census Tract 490; Kings County; New York,94,25,0,1.7501396388009682,-1.1270603817976395,Not significant,Not significant,Not significant,18,7997.120036122718,52162.23233189203,29,0.4877130152928317,4,2,0.09731543624161074,0.7606635071090048,0.060970182465509566,2724,5371
36047044300,Census Tract 443; Kings County; New York,244,79,0,5.147679324894515,1.7451684684608355,Not significant,Not significant,Not significant,29,2422.4386203558547,63348.27886240848,26,0.1573615778387482,2,5,0.10379746835443038,0.8688524590163934,0.046409379579872984,2395,4740
36047051700,Census Tract 517; Kings County; New York,150,54,0,4.859086491739553,0.8236822936808224,Not significant,Not significant,Not significant,32,3614.326438545111,55971.45220246554,24,0.4224147363816729,3,1,0.06025267249757046,0.7576866764275256,0.12435897435897436,1709,3087
36047055600,Census Tract 556; Kings County; New York,44,14,0,1.31225767968983,-1.348876932826432,Not significant,Not significant,Not significant,23,5332.332793418341,67270.53646109102,30,0.5199814216745426,5,4,0.3210981796478663,0.5902021772939346,0.051622418879056046,1717,3353
36047061200,Census Tract 612; Kings County; New York,42,13,0,3.7567084078711988,-0.6466486635231701,Not significant,Not significant,Not significant,94,4097.718599813447,86462.9830311803,24,0.761967870555718,7,4,0.0760180995475113,0.39420935412026725,0.052742616033755275,538,1118
36081144100,Census Tract 1441; Queens County; New York,53,24,0,1.765489673550966,-1.3998768544599922,Cold 95%,Low-Low,p <= 0.05,49,14337.33636264367,131918.82517649344,15,5.068820511542641,4,0,0.05896069287141906,0.221750212404418,0.05309734513274336,1765,3002
36081115100,Census Tract 1151; Queens County; New York,22,9,0,2.240325865580448,-1.431619925067411,Cold 95%,Not significant,Not significant,93,11597.805751978885,116111.78723298339,15,2.1396989337439267,8,1,0.05295315682281059,0.16094986807387862,0.13863636363636364,522,982
36047084800,Census Tract 848; Kings County; New York,62,27,0,4.290657439446367,-1.0921991122645367,Not significant,Not significant,Not significant,20,4462.833570188488,47262.275605447765,11,1.790680035347389,7,1,0.16632016632016633,0.4846846846846847,0.1590909090909091,672,1445
36047073800,Census Tract 738; Kings County; New York,49,21,0,1.393232868922377,-1.5474582138498694,Cold 95%,Low-Low,p <= 0.05,34,16129.747602949426,75276.38776880891,10,1.3657632638774355,5,2,0.04776798407733864,0.5262345679012346,0.06762589928057554,1794,3517
36081030905,Census Tract 309.05; Queens County; New York,92,26,0,2.433862433862434,-0.4968530700941327,Not significant,Not significant,Not significant,33,5118.408828052328,78514.94882326055,8,1.154397697217765,0,0,0.10989597225926914,0.6742857142857143,0.13243626062322947,1994,3780
36081100803,Census Tract 1008.03; Queens County; New York,292,123,0,6.170752324598478,-0.047957017943231914,Not significant,Not significant,Not significant,84,28475.327151058627,127656.31289991496,13,0.2051262088618232,28,4,0.20918697433685574,0.5261606484893147,0.07308743169398907,2506,4732
36005025400,Census Tract 254; Bronx County; New York,89,28,0,3.4469403563129357,-0.9202374364428918,Not significant,Not significant,Not significant,46,6428.565371505637,70462.099977187,25,0.9387711489926708,14,1,0.1332300542215337,0.595438175270108,0.06823266219239374,1277,2582
36081032000,Census Tract 320; Queens County; New York,297,111,0,5.399018360298127,-0.03146793376090147,Not significant,Not significant,Not significant,133,49629.88295967826,466236.0712349405,36,5.464397052869084,81,25,0.23670836591086786,0.3386243386243386,0.02,2879,5501
36081059502,Census Tract 595.02; Queens County; New York,96,34,0,3.587443946188341,-1.4933450487402475,Cold 95%,Low-Low,p <= 0.05,56,8168.985487287515,65736.44807625485,31,1.2950755281323716,17,2,0.22737471952131638,0.6398678414096917,0.15769944341372913,1194,2676
36005046206,Census Tract 462.06; Bronx County; New York,17,8,0,0.4281037522034752,0.09579450366414174,Not significant,Not significant,Not significant,3,543.4314205260005,3354.8130312324124,0,0.9806777129995007,0,0,0.011669203450025367,0.6088235294117647,0.056865464632454926,2162,3971
36061031703,Census Tract 317.03; New York County; New York,148,61,0,2.514013928996093,1.7794523836592397,Hot 95%,Low-High,p <= 0.05,82,28369.78145056651,64807.36028914754,19,0.6050881877783869,0,0,0.05775437404450484,0.894177645558861,0.171770503343893,2752,5887
36047050803,Census Tract 508.03; Kings County; New York,120,46,0,5.25854513584575,-0.44797708639528494,Not significant,Not significant,Not significant,14,5070.036094305303,25495.735127724412,13,0.1714608949002002,1,0,0.15914072775098642,0.9678012879484821,0.07173356105892399,991,2282
36047010601,Census Tract 106.01; Kings County; New York,132,50,0,6.17399438727783,-0.635441972516685,Not significant,Not significant,Not significant,11,779.4605187902732,23791.120756456698,12,0.630009538772136,0,1,0.36716557530402244,0.8540925266903915,0.20956399437412096,929,2138
36081004500,Census Tract 45; Queens County; New York,86,31,0,3.118201595358956,-1.1961415610418102,Not significant,Not significant,Not significant,28,17222.02817270994,76751.44411668219,12,0.7593498734394032,1,0,0.08484408992023205,0.20916334661354583,0.13448275862068965,1578,2758
36081004700,Census Tract 47; Queens County; New York,78,26,0,1.9682059046177138,-0.3126941736212311,Not significant,Not significant,Not significant,26,8008.359501160294,56779.08223039943,26,0.4911044424799189,6,2,0.30507191521574567,0.9422442244224423,0.0511482254697286,2102,3963
36081005300,Census Tract 53; Queens County; New York,131,50,0,2.525057825751735,-0.6375534330010814,Not significant,Not significant,Not significant,44,10009.744132623122,78255.68810066085,203,0.3573597057467308,8,3,0.05763299922898998,0.8432274247491639,0.15056818181818182,2406,5188
36081005700,Census Tract 57; Queens County; New York,127,38,0,3.3421052631578947,-0.3503513905699315,Not significant,Not significant,Not significant,28,3673.851604023481,75140.95482094343,259,0.32999640893876575,1,0,0.2326928138983943,0.9073972602739726,0.13053835159599808,1782,3800
36081005800,Census Tract 58; Queens County; New York,197,60,0,3.156039730855495,0.38831728348068517,Not significant,Not significant,Not significant,78,22942.7633501009,203947.30014454824,47,0.7387091353304952,32,0,0.02235086026692394,0.4391785150078989,0.046207935710698145,3322,6242
36081006900,Census Tract 69; Queens County; New York,134,58,0,2.8109922383050137,-0.4300722547721887,Not significant,Not significant,Not significant,27,19004.124112533278,99770.59958222769,34,0.38929551607103696,11,2,0.10350955131052865,0.9122401847575058,0.21981981981981982,2174,4767
36081007700,Census Tract 77; Queens County; New York,93,27,0,4.861474124411918,-1.2022257680454822,Not significant,Not significant,Not significant,37,5092.663094758704,51479.77544231735,15,0.7572033089199959,4,0,0.2707788813382122,0.8431590656284761,0.1759853345554537,896,1913
36081008100,Census Tract 81; Queens County; New York,70,26,0,4.57516339869281,-1.092415689064415,Not significant,Not significant,Not significant,43,10583.735949505255,55638.988419412,8,1.0890366767130368,4,0,0.04384816753926701,0.7831149927219796,0.27455121436114044,790,1530
36081016900,Census Tract 169; Queens County; New York,101,28,0,1.7238436593275304,-0.3397507561760419,Not significant,Not significant,Not significant,23,6454.145573989003,73049.27817828611,23,0.48050687402475384,0,1,0.06792968083290664,0.6249047981721249,0.0380952380952381,2819,5859
36081008600,Census Tract 86; Queens County; New York,127,56,0,3.8012571086501046,0.04825293044135575,Not significant,Not significant,Not significant,74,20462.6975975391,127917.28033300789,26,0.4353483184842911,5,2,0.143572098842665,0.3122448979591837,0.017051153460381142,1671,3341
36081009500,Census Tract 95; Queens County; New York,76,29,0,3.8795303726391017,-0.949753708320867,Not significant,Not significant,Not significant,32,4480.421815199986,69418.48660567304,29,0.5357623200069352,6,7,0.06636038795303727,0.732650739476678,0.2467866323907455,984,1959
36081010100,Census Tract 101; Queens County; New York,61,26,0,2.271034996276992,-0.7258305417734661,Not significant,Not significant,Not significant,36,16065.103295113604,64999.87299966793,25,0.5166366236874964,5,3,0.05547282204020849,0.625,0.09045643153526971,1357,2686
36081011400,Census Tract 114; Queens County; New York,42,11,0,2.20125786163522,-1.2754742553495002,Not significant,Not significant,Not significant,23,3213.819211220082,56035.634205393595,3,0.7759544465505062,3,0,0.11530398322851153,0.7306666666666667,0.12993039443155452,1066,1908
36081011700,Census Tract 117; Queens County; New York,117,51,0,2.9140722291407224,-0.976729609301954,Not significant,Not significant,Not significant,35,17158.462405610422,87696.92901272653,28,0.33688804571117825,2,1,0.0965965965965966,0.7762850467289719,0.03440496333897349,2366,4015
36081012602,Census Tract 126.02; Queens County; New York,109,30,0,4.92099322799097,-1.4003890590625223,Cold 95%,Low-Low,p <= 0.05,29,19724.788170828688,75940.42023439995,14,0.378340124111365,7,3,0.10654627539503386,0.48433420365535246,0.019206145966709345,1056,2215
36081012800,Census Tract 128; Queens County; New York,68,24,0,3.193987787693753,-1.1022544463570736,Not significant,Not significant,Not significant,35,529.3282457960411,54130.838836503935,10,0.3326787821508489,0,0,0.09206200093940817,0.5221238938053098,0.027259684361549498,1146,2129
36081014900,Census Tract 149; Queens County; New York,76,25,0,3.513638465094776,-0.47749335827326067,Not significant,Not significant,Not significant,13,4526.063442058574,38562.11666021152,28,0.6225203809950851,2,0,0.17568192325473878,0.9378818737270875,0.09659613615455381,1093,2163
36081015200,Census Tract 152; Queens County; New York,106,28,0,4.078491727587534,-0.30107131042109936,Not significant,Not significant,Not significant,23,10314.645324895308,72885.63069161415,19,0.8964496690614446,9,5,0.08668730650154799,0.5178571428571429,0.042735042735042736,1445,2599
36081000600,Census Tract 6; Queens County; New York,90,21,0,2.53592561284869,-0.6617156366463661,Not significant,Not significant,Not significant,29,18436.85713346526,98910.58755794878,18,0.6721217425901289,4,17,0.17499294383290998,0.5111561866125761,0.11964285714285715,1766,3549
36081003000,Census Tract 30; Queens County; New York,28,9,0,1.9858156028368794,-1.490885359417083,Cold 95%,Low-Low,p <= 0.05,44,8907.320201668817,47927.03154504417,10,0.4407476076086642,0,0,0.03829787234042553,0.4191343963553531,0.035164835164835165,736,1410
36081003100,Census Tract 31; Queens County; New York,203,100,0,11.83673469387755,0.730214099400567,Not significant,Not significant,Not significant,26,30182.21961662631,95499.9743352547,25,0.09623041011962703,5,7,0.20421686746987952,0.8429378531073446,0.23043478260869565,817,1715
36081004002,Census Tract 40.02; Queens County; New York,202,85,0,11.43827859569649,-0.20685383500586804,Not significant,Not significant,Not significant,68,8868.668033110838,70472.48026167056,14,0.14750417187910136,6,3,0.2029731275014294,0.43302752293577984,0.035398230088495575,1104,1766
36081031700,Census Tract 317; Queens County; New York,215,71,0,3.604358759430008,-0.29547634835907893,Not significant,Not significant,Not significant,137,78539.2888569191,315437.11887887283,35,1.6661734935147294,14,1,0.21319279156749404,0.4495295124037639,0.21701272605492297,2867,5965
36081035300,Census Tract 353; Queens County; New York,68,22,0,3.173121791880541,1.2554545883612538,Not significant,Not significant,Not significant,20,1920.2864867160233,70946.41438360416,9,1.2256745620846405,6,3,0.04479701353243117,0.5182767624020888,0.26346153846153847,992,2143
36081018600,Census Tract 186; Queens County; New York,86,29,0,4.559915164369035,-1.4864537805287026,Cold 95%,Low-Low,p <= 0.05,32,2960.132477633445,76858.88753390785,8,2.3694604853459404,2,6,0.13414634146341464,0.35701598579040855,0.05378151260504202,1027,1886
36081021200,Census Tract 212; Queens County; New York,685,257,0,27.21493841875248,3.6621637726127907,Hot 95%,High-High,p <= 0.05,65,9638.48422144775,107432.03664115629,43,0.30782478931516777,5,0,0.23054635761589404,0.7729970326409495,0.0480225988700565,1220,2517
36081021400,Census Tract 214; Queens County; New York,277,73,0,4.715696288729997,2.4634783339555137,Hot 95%,High-High,p <= 0.05,68,30905.99508381956,183553.73395244856,48,0.3864363573248937,6,3,0.17824310520939735,0.6429824561403509,0.04722106142916841,3052,5874
36081024500,Census Tract 245; Queens County; New York,69,21,0,1.3524108192865543,-0.6477088161416935,Not significant,Not significant,Not significant,43,38896.84225324149,120739.68996985327,13,0.716376271481935,20,2,0.04305747580485878,0.6387625113739763,0.024844720496894408,2542,5102
36081024900,Census Tract 249; Queens County; New York,134,34,0,2.5631216526396328,-0.5234595528376904,Not significant,Not significant,Not significant,39,25325.113765734408,109098.01369136893,21,0.29849690987300215,15,0,0.05174149385947252,0.8810198300283286,0.04206241519674356,2661,5228
36081026700,Census Tract 267; Queens County; New York,907,248,0,17.37880820080475,3.9858036736074243,Hot 95%,High-High,p <= 0.05,62,6515.589086661118,70390.28646314518,65,0.31323899394150245,1,0,0.1283084004602992,0.8839935327405012,0.052470317885867486,2406,5219
36081027600,Census Tract 276; Queens County; New York,52,19,0,3.352675693101225,-1.7807714682561506,Cold 99%,Low-Low,p <= 0.01,12,4849.858439799802,59120.985871266756,11,2.0449756385201936,8,2,0.10239792611795204,0.3220779220779221,0.09624413145539906,864,1551
36081027800,Census Tract 278; Queens County; New York,57,32,0,2.2827392871445733,-1.5523775924961984,Cold 95%,Low-Low,p <= 0.05,30,7122.423987400274,55599.225247829236,6,2.3517144078247236,4,3,0.2851373182552504,0.6391752577319587,0.04694323144104803,1427,2497
36081028100,Census Tract 281; Queens County; New York,356,118,0,5.845648604269294,2.3536090526892144,Hot 95%,High-High,p <= 0.05,73,4449.037073544823,74464.58977213585,39,0.5149744706311443,0,1,0.10410509031198686,0.5258517034068136,0.038535645472061654,3338,6090
36081028400,Census Tract 284; Queens County; New York,107,51,0,3.200717918037691,-0.6254868292923618,Not significant,Not significant,Not significant,58,21603.577743070364,155833.04111273037,20,2.935685275505477,19,4,0.05078597339782346,0.4401064773735581,0.10555555555555556,1650,3343
36081050700,Census Tract 507; Queens County; New York,66,20,0,1.9969742813918305,-1.6228445846849548,Cold 95%,Low-Low,p <= 0.05,87,11711.752831518092,109973.04241148832,33,1.1679027123730286,20,4,0.11467473524962178,0.4671307037896365,0.06844380403458213,1735,3305
36081050800,Census Tract 508; Queens County; New York,82,35,0,4.0294840294840295,-1.9607128474555318,Cold 99%,Low-Low,p <= 0.001,11,1504.3788640930106,73258.60479945624,12,2.478450923970601,2,4,0.10565110565110565,0.34632683658170915,0.10349462365591398,1001,2035
36081051500,Census Tract 515; Queens County; New York,66,17,0,2.155453951665578,-0.9688412983702586,Not significant,Not significant,Not significant,51,13500.102917432016,93982.10819506335,22,1.636142439825779,4,1,0.04670150228608753,0.18624161073825504,0.09422492401215805,1775,3062
36081052500,Census Tract 525; Queens County; New York,68,20,0,3.159851301115242,-1.4515303302464493,Cold 95%,Low-Low,p <= 0.05,62,13069.500785130938,69314.16018097913,17,1.6475441141769886,13,0,0.06970260223048327,0.4515738498789346,0.037296037296037296,969,2152
36081053000,Census Tract 530; Queens County; New York,57,25,0,2.270916334661355,-1.895626192997459,Cold 99%,Low-Low,p <= 0.01,25,2357.232351023017,80424.16241771671,12,3.2039630039724667,5,3,0.08764940239043825,0.22796352583586627,0.053237410071942444,1252,2510
36081035800,Census Tract 358; Queens County; New York,114,41,0,2.507147569826259,-1.2796688932705325,Not significant,Not significant,Not significant,62,18403.439545384546,206948.5292953871,34,4.9456201910167685,33,30,0.061260467166152494,0.41216730038022814,0.04779145546705286,2555,4547
36081037600,Census Tract 376; Queens County; New York,133,65,0,1.9322969635333431,-1.3669640163272427,Cold 95%,Low-Low,p <= 0.05,96,20327.356650078087,303915.94290248066,23,3.724673143217705,47,6,0.04474792968182478,0.31064483111566016,0,4298,6883
36081038100,Census Tract 381; Queens County; New York,293,91,0,4.186312330332905,1.0745706046436134,Not significant,Not significant,Not significant,77,19171.67329918687,110426.49357852881,9,0.5263312098717227,10,4,0.19912980420594634,0.6350737797956867,0.03715846994535519,3236,6999
36081041400,Census Tract 414; Queens County; New York,168,82,0,3.6834027625520718,-0.10123467581676764,Not significant,Not significant,Not significant,38,26626.647423640763,161568.39608971067,11,1.460532247272458,41,5,0.1775926331944749,0.48201438848920863,0.07085561497326204,2493,4561
36081045200,Census Tract 452; Queens County; New York,89,24,0,9.769484083424809,-1.0313953447549307,Not significant,Not significant,Not significant,32,12462.07190587054,62874.28920914386,7,0.6847814945417581,0,0,0.12542372881355932,0.5287356321839081,0,428,911
36081045800,Census Tract 458; Queens County; New York,78,29,0,3.323391563698338,0.6837421050822078,Not significant,Not significant,Not significant,20,8552.228708450093,81387.32043037488,18,0.5502444600742455,5,2,0.07243289305496378,0.5722627737226277,0.05124653739612189,1116,2347
36081046400,Census Tract 464; Queens County; New York,47,19,0,2.3523523523523524,-1.0883388191851144,Not significant,Not significant,Not significant,59,11788.414928197344,95436.8973984446,4,0.5421758014755582,3,2,0.10510688836104513,0.3980952380952381,0.05913978494623656,1104,1998
36081047000,Census Tract 470; Queens County; New York,85,29,0,2.6670850329463445,0.46456765249878795,Not significant,Not significant,Not significant,36,5459.721431806001,84547.51355036287,14,0.5707408067093742,3,1,0.16818610499842818,0.4777777777777778,0.030362389813907934,1559,3187
36081049500,Census Tract 495; Queens County; New York,29,11,0,2.279874213836478,-1.6015335215355404,Cold 95%,Low-Low,p <= 0.05,25,6224.241996393048,48447.7254021417,21,1.5583943606217772,5,3,0.15487421383647798,0.623574144486692,0.08521739130434783,647,1272
36081049600,Census Tract 496; Queens County; New York,73,27,0,2.401315789473684,-0.992037115462289,Not significant,Not significant,Not significant,72,18129.299539274783,120304.23926256676,14,2.6377903298858576,3,2,0.07796052631578948,0.13264129181084197,0.020338983050847456,1544,3040
36081049900,Census Tract 499; Queens County; New York,152,62,0,2.9681702792423357,-1.336557572132615,Cold 95%,Low-Low,p <= 0.05,154,11330.200900414304,140357.59193671466,38,0.8331986576565286,44,1,0.11760109396366478,0.5380397532556546,0.13872491145218419,2489,5121
36081059300,Census Tract 593; Queens County; New York,58,23,0,1.4356435643564356,-1.0815435806898295,Not significant,Not significant,Not significant,93,4331.958629260024,73586.47822862602,21,0.6464938350347252,3,1,0.20074257425742575,0.6543134872417983,0.04579710144927536,2147,4040
36081103202,Census Tract 1032.02; Queens County; New York,172,83,0,2.187182095625636,0.26281336535965566,Not significant,Not significant,Not significant,109,45061.68970010967,221555.76913348396,29,0.7305347088230841,40,11,0.15330557001561687,0.6822742474916388,0.06342991386061081,4179,7864
36081063000,Census Tract 630; Queens County; New York,42,21,0,2.6022304832713754,-1.5081031846792354,Cold 95%,Low-Low,p <= 0.05,22,2797.9097917057948,69426.20511726268,13,4.9481855059692075,7,1,0.03283767038413878,0.13798977853492334,0.03135313531353135,870,1614
36081065900,Census Tract 659; Queens County; New York,45,17,0,2.2796352583586628,-2.029045016771752,Cold 99%,Low-Low,p <= 0.0001,45,12971.364467186799,90783.8380245564,13,0.7560227732857262,5,3,0.0673758865248227,0.18385650224215247,0.09838274932614555,1253,1974
36081055700,Census Tract 557; Queens County; New York,158,58,0,4.666272888363851,-0.7320471762531482,Not significant,Not significant,Not significant,69,7652.902656923922,92585.20287986628,31,0.594084315734767,3,1,0.09539279385705847,0.792619926199262,0.04442877291960508,1809,3386
36081056000,Census Tract 560; Queens County; New York,161,88,59,9.498525073746313,-1.8231685782894498,Cold 99%,Low-Low,p <= 0.001,21,8180.841554125939,86412.6449273602,7,4.235687955446942,3,3,0.06804733727810651,0.18222222222222223,0.08536585365853659,861,1695
36081056100,Census Tract 561; Queens County; New York,59,25,0,491.6666666666667,-1.8861085779620443,Cold 99%,Low-Low,p <= 0.01,164,28985.75860513664,66673.33353679547,8,1.1512152234903905,2,0,0,0,0,4,12
36081056500,Census Tract 565; Queens County; New York,49,15,0,2.6486486486486487,-0.9575018660607916,Not significant,Not significant,Not significant,16,4974.737456436531,50443.64317429982,6,0.6397049436004559,13,1,0.03135135135135135,0.5427631578947368,0.03645007923930269,842,1850
36081057900,Census Tract 579; Queens County; New York,47,23,0,2.8126870137642133,-0.4510575757582661,Not significant,Not significant,Not significant,16,1639.7634854711534,27112.383875787244,3,0.5771998906263239,0,0,0.09395571514063435,0.7443609022556391,0.03762662807525326,824,1671
36081058100,Census Tract 581; Queens County; New York,234,122,88,8.420295070169125,-0.6467978924417758,Not significant,Not significant,Not significant,12,2808.432055344529,48336.12324300201,26,0.3019183049020869,4,4,0.08132421734436848,0.6858080393765381,0.040912667191188044,1539,2779
36081058500,Census Tract 585; Queens County; New York,72,23,0,1.7955112219451372,-0.4551273835214696,Not significant,Not significant,Not significant,33,3603.6829901850715,61467.13401880419,21,0.3082769044216076,5,1,0.06034912718204489,0.7375231053604436,0.025225225225225224,1909,4010
36081086300,Census Tract 863; Queens County; New York,60,17,0,0.8022462896109106,-0.9131861818094558,Not significant,Not significant,Not significant,5,382.49982625318995,29059.267440384345,9,0.8718013515450134,3,0,0.23089408900311106,0.6860367892976589,0.050793650793650794,3866,7479
36081092200,Census Tract 922; Queens County; New York,17,6,0,0.7271171941830624,-1.5679859491745392,Cold 99%,Low-Low,p <= 0.001,251,15610.444162938587,232560.63209173508,45,2.2263166136927066,14,17,0.03635585970915312,0.09178743961352658,0.0686164229471316,1306,2338
36081092900,Census Tract 929; Queens County; New York,181,67,0,2.58460659717264,-0.4163872945624243,Not significant,Not significant,Not significant,123,59296.87950178248,242532.00068587484,47,3.9229880343198666,44,3,0.07953734113951164,0.4877484974572353,0.11678236014699878,3489,7003
36081067900,Census Tract 679; Queens County; New York,99,37,0,2.300720427608645,-2.0341764299126965,Cold 99%,Low-Low,p <= 0.001,143,16050.152470168878,119418.83109069995,25,0.964242866736204,0,4,0.1518350930115636,0.797377830750894,0.07548209366391184,2109,4303
36081071900,Census Tract 719; Queens County; New York,88,30,0,2.667474992421946,-1.0517080922806492,Not significant,Not significant,Not significant,32,8974.151503981095,63780.782734741035,12,0.7376791122080171,0,2,0.2294634737799333,0.7419056429232193,0.019056261343012703,1492,3299
36081073900,Census Tract 739; Queens County; New York,62,18,0,1.1439114391143912,-0.637346501698058,Not significant,Not significant,Not significant,41,9585.217443607173,94378.04594978885,24,0.22523372713126913,2,1,0.025834433339619083,0.5807311500380807,0.09728429013406668,2914,5420
36081077905,Census Tract 779.05; Queens County; New York,69,32,0,2.1010962241169304,-1.1961415610418102,Not significant,Not significant,Not significant,36,13604.735790533776,60739.98090104874,53,1.1083309661678507,2,0,0.11264367816091954,0.3417630057803468,0.0667565745111261,1651,3284
36081083700,Census Tract 837; Queens County; New York,246,76,0,4.6821469356680625,-0.8178609548480251,Not significant,Not significant,Not significant,144,14360.046223878691,214312.9510263935,31,1.859024733626648,5,2,0.10986076673660118,0.3706422018348624,0.03823529411764706,2613,5254
36081084602,Census Tract 846.02; Queens County; New York,119,40,0,7.4375,-0.04744392035179619,Not significant,Not significant,Not significant,97,19239.554561841287,142226.0126514494,22,1.2780871576436532,7,1,0.2814285714285714,0.28936170212765955,0.20875420875420875,764,1600
36081136700,Census Tract 1367; Queens County; New York,76,30,0,1.2874809418939521,-1.5248136941976487,Cold 95%,Low-Low,p <= 0.05,100,23423.525236377012,223078.84887020345,37,4.027332635215404,10,0,0.06149415551414535,0.3173322005097706,0.03839869281045752,3262,5903
36081143500,Census Tract 1435; Queens County; New York,37,13,0,1.579172001707213,-1.8696032883672373,Cold 99%,Low-Low,p <= 0.01,27,28421.878718240507,161812.51237501547,14,4.616558685771442,1,4,0.04225352112676056,0.12121212121212122,0.12758620689655173,1160,2343
36081096400,Census Tract 964; Queens County; New York,189,83,0,2.7530954115076476,-0.9251756347648857,Not significant,Not significant,Not significant,134,27995.056768234408,208078.58944243303,9,0.49118428873303244,49,1,0.2236382946442118,0.44810690423162586,0.018793706293706292,3485,6865
36081101700,Census Tract 1017; Queens County; New York,134,52,0,1.9630823322590096,-1.4949782057884684,Cold 95%,Low-Low,p <= 0.05,134,27764.771373975243,344838.5302617851,50,3.4923569165363872,18,4,0.0848404646375533,0.07661770543866614,0.027788498649170205,3807,6826
36081104700,Census Tract 1047; Queens County; New York,172,67,0,2.5752358137445723,-1.3460924364209348,Cold 95%,High-Low,p <= 0.05,144,48003.05735248807,247637.7724160726,54,1.8764283972256752,19,2,0.15765833208564156,0.37628318584070797,0.041398031896844247,4069,6679
36081113300,Census Tract 1133; Queens County; New York,48,19,0,3.361344537815126,-1.527942441786134,Cold 95%,Low-Low,p <= 0.05,45,16363.54361242296,102809.71833882677,28,3.989771705719509,6,2,0.11414565826330532,0.2,0.10762942779291552,717,1428
36081118100,Census Tract 1181; Queens County; New York,37,18,0,1.8954918032786885,-1.6668845193957826,Cold 95%,Low-Low,p <= 0.05,34,9207.74758908595,81060.1958157075,18,3.6052238220965087,3,2,0.08709016393442623,0.6444121915820029,0.032303370786516857,878,1952
36081119500,Census Tract 1195; Queens County; New York,23,7,0,1.6874541452677916,-1.4415912392206593,Cold 95%,Low-Low,p <= 0.05,65,3009.873505271775,75068.27274103063,10,2.6341828780106846,2,0,0.09317681584739546,0.38588235294117645,0.09574468085106383,586,1363
36081120300,Census Tract 1203; Queens County; New York,26,14,0,1.6763378465506125,-1.4163332319029736,Not significant,Not significant,Not significant,7,1996.7809765646027,72275.46269514126,23,1.8999818325023228,14,0,0.11476466795615732,0.4595070422535211,0.08387096774193549,800,1551
36081124700,Census Tract 1247; Queens County; New York,71,30,0,1.8153924827409869,-1.277391154293325,Not significant,Not significant,Not significant,50,7273.166256767715,192652.59029349464,43,1.9695452921057743,2,0,0.04168797953964194,0.12727272727272726,0.06116642958748222,2067,3911
36081148300,Census Tract 1483; Queens County; New York,41,15,0,1.378614660390047,-1.3723348784591358,Cold 95%,Low-Low,p <= 0.05,78,51452.346842152394,389972.28601831425,129,7.016683907623703,74,2,0.04909213180901143,0.06406685236768803,0.025339366515837104,1526,2974
36081157101,Census Tract 1571.01; Queens County; New York,129,44,0,1.597918989223337,-1.595140202590716,Cold 99%,Low-Low,p <= 0.01,157,52928.80547384911,498488.87300444575,69,6.140250291091838,9,10,0.09005326396630745,0.2952305873078439,0.019327406262079627,4005,8073
36081157903,Census Tract 1579.03; Queens County; New York,74,34,0,2.0157995096703893,-1.1460715486202426,Not significant,Not significant,Not significant,68,30653.605603111766,321932.88862977753,31,6.851932146763983,19,6,0.042222827567420324,0.24848484848484848,0.07377706495589414,1991,3671
36085000600,Census Tract 6; Richmond County; New York,143,48,0,5.568535825545172,-0.5242274554133882,Not significant,Not significant,Not significant,122,48374.06474381233,178510.3626678902,19,0.7816241745510988,45,3,0.1795171339563863,0.572435395458105,0.14237743451981194,1589,2568
36085000800,Census Tract 8; Richmond County; New York,87,44,0,1.6801853997682503,-1.7739382513245283,Cold 99%,Low-Low,p <= 0.01,139,57136.31055768493,255910.07306561078,48,1.0886625272246255,96,6,0.12205484743144071,0.2529601722282024,0.13258636788048553,2822,5178
36085006400,Census Tract 64; Richmond County; New York,73,35,0,2.1313868613138687,-1.6190520008744282,Cold 95%,Low-Low,p <= 0.05,106,50731.372920394795,223795.63502461734,30,0.7576348115836289,10,0,0.19795620437956205,0.4701064701064701,0.05641421947449768,1728,3425
36085011401,Census Tract 114.01; Richmond County; New York,38,15,0,1.3022618231665524,-1.7712899422578496,Cold 99%,Low-Low,p <= 0.01,68,16721.013072529822,106497.45236447391,17,0.4289110506324243,27,0,0.15278733654507914,0.5930397727272727,0.04217687074829932,1826,2918
36085012200,Census Tract 122; Richmond County; New York,65,29,0,1.358979719841104,-1.188343572667835,Not significant,Not significant,Not significant,172,36152.26882421884,336527.8119613674,55,0.36458429738896364,20,5,0.0790298975538365,0.2668112798264642,0.05597269624573379,2319,4783
36085020804,Census Tract 208.04; Richmond County; New York,55,24,0,1.0733801717408276,-2.019230359264062,Cold 99%,Low-Low,p <= 0.001,165,46985.19471332004,433081.0428431548,87,0.693291833410743,49,2,0.04800936768149883,0.18970047293746717,0.08597502401536984,2470,5124
36085015603,Census Tract 156.03; Richmond County; New York,47,17,0,0.8676389145283367,-1.7090867436906034,Cold 99%,Low-Low,p <= 0.01,162,92801.77138360572,317102.1616253806,40,1.4919557273947712,124,5,0.12386930035074764,0.15602443087173792,0.03586723768736617,2626,5417
36085019700,Census Tract 197; Richmond County; New York,21,10,0,1.0632911392405062,-1.361579757259615,Not significant,Not significant,Not significant,50,29288.256865528325,162076.56583104463,11,4.566689711345118,11,0,0.014177215189873417,0.112375533428165,0.05,988,1975
36085020100,Census Tract 201; Richmond County; New York,66,27,0,1.966626936829559,-1.2626876174598518,Not significant,Not significant,Not significant,129,54052.993352375146,240539.5620248598,32,4.834372625019546,35,10,0.10488676996424315,0.323943661971831,0.1069182389937107,1637,3356
36085027301,Census Tract 273.01; Richmond County; New York,50,21,0,1.1125945705384959,-2.2732323917853128,Cold 99%,Low-Low,p <= 0.0001,133,64013.31122369936,205127.99790306552,44,4.136212761288,37,1,0.09452380952380952,0.1806914546640574,0.05018587360594796,2303,4494
36085029104,Census Tract 291.04; Richmond County; New York,104,42,0,1.51184765227504,-1.2264588101058473,Not significant,Not significant,Not significant,178,106161.49974553395,325711.9661401118,66,5.941737266219517,44,10,0.13897368803605176,0.31138246838203226,0.12380588460068781,3603,6879
36085014604,Census Tract 146.04; Richmond County; New York,52,21,0,0.7387412984798977,-2.3034730064803197,Cold 99%,Low-Low,p <= 0.0001,119,47226.68199043246,390523.77526460815,72,0.7195754670720292,64,12,0.043756215371501636,0.22544080604534006,0.10819917633845001,3746,7039
36047087000,Census Tract 870; Kings County; New York,112,54,0,3.7258815701929473,-0.011959600655544318,Not significant,Not significant,Not significant,37,2614.126961005259,47019.40212075462,6,1.4293009196243363,2,3,0.22320819112627988,0.6281070745697896,0.21647940074906366,1655,3006
36047072200,Census Tract 722; Kings County; New York,84,30,0,3.746654772524532,-1.8070830481802982,Cold 99%,Low-Low,p <= 0.01,45,10832.671079435251,91544.08830213007,15,1.9710261100114705,4,4,0.10749330954504906,0.17551462621885158,0.2151360544217687,1167,2242
36047073200,Census Tract 732; Kings County; New York,33,19,0,1.7581246670218433,-1.8204837287211417,Cold 99%,Low-Low,p <= 0.01,29,12854.052881423779,67039.99015625998,5,1.3051481344855667,8,2,0.14544485881726157,0.3440702781844802,0.0707482993197279,881,1877
36047074800,Census Tract 748; Kings County; New York,50,16,0,3.324468085106383,-1.8809919832532742,Cold 99%,Low-Low,p <= 0.01,18,0,60840.5837076413,24,1.1596150503860663,5,1,0.15691489361702127,0.5085536547433903,0.10195530726256984,677,1504
36047091200,Census Tract 912; Kings County; New York,143,86,0,2.269481034756388,1.1734559851817894,Not significant,Not significant,Not significant,86,7823.836941866138,47730.59081906608,28,0.3072600711870038,0,0,0.3724805586414855,1,0.02068446784505453,3649,6301
36047091600,Census Tract 916; Kings County; New York,225,104,0,4.00427122263748,0.771331188657465,Not significant,Not significant,Not significant,48,2175.06857093247,90769.11806079597,10,0.3828561236389307,20,2,0.30069432081182124,0.8448093220338984,0.06811451135241856,2829,5619
36047095400,Census Tract 954; Kings County; New York,117,57,0,3.0193548387096776,-0.6857935630840313,Not significant,Not significant,Not significant,35,9084.212944708665,74460.70604693201,24,1.3774448365114558,1,2,0.05463619648016811,0.494949494949495,0.15480933409220263,2186,3875
36047097400,Census Tract 974; Kings County; New York,149,65,0,6.169772256728779,-0.972857158627816,Not significant,Not significant,Not significant,20,22635.704070701606,92100.67711282863,18,0.1799555837948723,11,3,0.25231820400195215,0.5064935064935064,0.2469437652811736,1263,2415
36047099400,Census Tract 994; Kings County; New York,61,19,0,4,-1.827430790919333,Cold 99%,Low-Low,p <= 0.01,26,10345.882696002138,75406.07326806754,5,1.2258288449193167,5,1,0.12655737704918033,0.32771535580524347,0.27148703956343795,798,1525
36047102000,Census Tract 1020; Kings County; New York,36,15,0,1.6736401673640167,-2.124710053814461,Cold 99%,Low-Low,p <= 0.0001,26,640.0676829207633,48145.49582448965,10,1.5550416313429223,1,2,0.008833100883310088,0.2847571189279732,0.1062874251497006,1005,2151
36047102600,Census Tract 1026; Kings County; New York,43,13,0,1.465076660988075,-1.7614511849651913,Cold 99%,Low-Low,p <= 0.01,15,13336.937253361115,66509.3808772516,9,1.9146199705659541,0,2,0.12273504273504274,0.4380630630630631,0.13111545988258316,1653,2935
36047112600,Census Tract 1126; Kings County; New York,286,156,0,6.4911484339537,1.1894001580222406,Not significant,Not significant,Not significant,30,3368.608666568577,65173.27915155908,11,0.15357879196212582,3,4,0.3047597042513863,0.7618490345231129,0.06663025669033315,2346,4406
36047113000,Census Tract 1130; Kings County; New York,227,100,0,5.055679287305122,1.9364985425462535,Hot 95%,High-High,p <= 0.05,37,2447.2979944493054,78709.47412722545,8,0.304525205878324,9,4,0.1755845323741007,0.746952988972722,0.041179744017807454,2605,4490
36047087800,Census Tract 878; Kings County; New York,155,61,0,5.979938271604938,-0.6851790202194125,Not significant,Not significant,Not significant,24,4186.527455823432,51585.67988691879,20,0.9656580605394312,3,1,0.1836925960637301,0.9162946428571429,0.16573556797020483,1412,2592
36047088400,Census Tract 884; Kings County; New York,186,95,0,3.5714285714285716,0.7926791818684964,Not significant,Not significant,Not significant,30,1116.2844011052982,59923.99549504472,7,0.32145081924154695,1,2,0.3504224270353303,0.7582710779082177,0.06673306772908366,2815,5208
36047089200,Census Tract 892; Kings County; New York,348,147,0,12.100139082058414,1.2964538899509865,Not significant,Not significant,Not significant,32,13144.269632783082,80517.31405160342,12,0.16892124834017044,5,0,0.5097357440890126,0.9587628865979382,0.07911392405063292,1516,2876
36047089600,Census Tract 896; Kings County; New York,158,74,0,3.993933265925177,0.3145266037857465,Not significant,Not significant,Not significant,17,1515.6375112493772,64437.12374010987,9,0.5059151528947962,8,6,0.3827098078867543,0.9150731158605174,0.07154046997389034,1665,3956
36047113200,Census Tract 1132; Kings County; New York,198,93,0,7.508532423208191,1.4352929772560092,Not significant,Not significant,Not significant,63,13741.865224474703,91956.21629690724,14,0.28475170009166845,6,5,0.2142586272279105,0.7344045368620038,0.016728624535315983,1885,2637
36047115600,Census Tract 1156; Kings County; New York,256,112,0,6.2317429406037,1.7755820617455296,Not significant,Not significant,Not significant,35,4145.826818722266,52443.26139487928,30,0.4185911202617898,3,1,0.369188921859545,0.889821029082774,0.011061946902654867,2475,4108
36047116200,Census Tract 1162; Kings County; New York,87,42,0,3.38389731621937,0.9957923449596159,Not significant,Not significant,Not significant,32,1.564152555892423,59438.76044717798,15,0.419073809601885,16,13,0.29363529871144084,0.4875675675675676,0.04540763673890609,1410,2571
36047117602,Census Tract 1176.02; Kings County; New York,96,26,0,2.8293545534924847,-0.3944866709904308,Not significant,Not significant,Not significant,9,3454.8945150412137,33185.61544590641,14,0.34159690465347164,4,6,0.12492563950029745,0.5580524344569289,0.08404802744425385,1574,3393
36047118800,Census Tract 1188; Kings County; New York,242,70,0,5.064880703223106,-0.21596479091469756,Not significant,Not significant,Not significant,50,2693.60518782026,61450.54282904747,13,0.2372484546719958,2,7,0.16302521008403362,0.7506678539626002,0.14340198321891687,2389,4778
36047004600,Census Tract 46; Kings County; New York,60,25,0,5.2493438320209975,-1.5031838060329061,Cold 95%,Low-Low,p <= 0.05,64,4384.0044987696465,84727.28972610952,15,0.8088651747602755,2,0,0.09886264216972879,0.341796875,0.1157167530224525,655,1143
36047005602,Census Tract 56.02; Kings County; New York,47,18,0,2.6242322724734786,-1.192556797427604,Not significant,Not significant,Not significant,34,7294.875016884048,60744.10355803455,12,0.5810975966014831,0,0,0.027917364600781685,0.37409326424870465,0.07655502392344497,922,1791
36047015000,Census Tract 150; Kings County; New York,38,7,0,2.6443980514961725,-2.044989189612204,Cold 99%,Low-Low,p <= 0.001,35,2347.841791532361,56290.79641902462,10,0.8837457128014164,2,3,0.14057063326374392,0.35359116022099446,0.12135922330097088,796,1437
36005024800,Census Tract 248; Bronx County; New York,242,79,0,6.542308732089754,0.5036712355130809,Not significant,Not significant,Not significant,134,20266.608579141426,111391.46605469093,25,0.20816400927145548,14,8,0.15161290322580645,0.7336,0.003189792663476874,1924,3699
36005002500,Census Tract 25; Bronx County; New York,476,163,0,9.30232558139535,2.808872570816671,Hot 95%,High-High,p <= 0.05,31,12652.648188261366,70412.68672749777,65,0.15112043087327326,5,1,0.44844453140285656,0.9764957264957265,0.022964509394572025,2898,5117
36005037900,Census Tract 379; Bronx County; New York,475,174,0,6.8237322223818415,3.0503037097595875,Hot 95%,High-High,p <= 0.05,42,23150.598325968007,74358.66142647881,16,0.5269458629068183,6,0,0.3054187192118227,0.9290235081374322,0.05105105105105105,4080,6961
36005036300,Census Tract 363; Bronx County; New York,520,222,0,7.730043109855805,3.018424556719747,Hot 95%,High-High,p <= 0.05,147,7384.6606928433075,111860.9985226969,9,0.5226218350937186,12,1,0.40646410485552575,0.9788445890968267,0.0983125458547322,3739,6727
36005012300,Census Tract 123; Bronx County; New York,384,141,0,8.149405772495756,4.454569167668867,Hot 99%,High-High,p <= 0.01,107,39379.073903400604,120060.05862903484,15,0.2327154351015166,9,8,0.3206706281833616,0.881489841986456,0.011712214166201896,2652,4712
36047016200,Census Tract 162; Kings County; New York,51,17,0,2.2496691662990735,-1.3935558421309,Not significant,Not significant,Not significant,47,8183.980338387076,50609.88876896191,7,0.37306573742871246,2,5,0.1490319675821702,0.6030741410488246,0.1008130081300813,1058,2267
36047016500,Census Tract 165; Kings County; New York,79,32,0,1.3758272378962033,-1.0850366210949212,Not significant,Not significant,Not significant,42,7980.049820607941,67254.13810922125,63,0.6362744581276384,6,1,0.02072448624172762,0.5140343527440302,0.06830601092896176,3185,5742
36047020100,Census Tract 201; Kings County; New York,154,67,0,3.8567493112947657,0.23958300452677367,Not significant,Not significant,Not significant,44,22572.46933514293,85475.84133160343,99,0.21689389303532916,10,12,0.03681442524417731,0.7079414838035528,0.08245445829338446,2106,3993
36047021300,Census Tract 213; Kings County; New York,135,61,0,2.9847446385142606,0.324365361078405,Not significant,Not significant,Not significant,39,5189.389703811415,48335.867069383094,24,0.24361213855553054,10,0,0.24054830864470483,0.9064184223419892,0.0196926032660903,2406,4523
36047021800,Census Tract 218; Kings County; New York,59,15,0,2.13768115942029,-1.7954641961952114,Cold 99%,Low-Low,p <= 0.01,35,2941.1805965355043,53885.49936998567,34,0.33254313711532457,0,0,0.16521739130434782,0.7896678966789668,0.21751684311838307,1463,2760
36047022900,Census Tract 229; Kings County; New York,103,40,0,2.8219178082191783,0.1546467977800464,Not significant,Not significant,Not significant,81,1554.6190770119556,62555.85643916606,35,0.4166573406167044,26,21,0.11001371742112483,0.8034544371649791,0.0759493670886076,1865,3650
36047023000,Census Tract 230; Kings County; New York,49,12,0,1.1661113755354593,-1.522861320618223,Cold 95%,Low-Low,p <= 0.05,60,750.4062888137613,52406.439707967445,39,0.5501539706120648,1,1,0.52284626368396,0.7705078125,0.045666356011183594,1780,4202
36047023800,Census Tract 238; Kings County; New York,36,5,0,0.6446991404011462,-2.012837040319238,Cold 99%,Low-Low,p <= 0.001,72,1469.911336859653,55657.1942005679,59,0.3567858826499188,23,3,0.2827722063037249,0.8517587939698492,0.1975806451612903,2899,5584
36047024000,Census Tract 240; Kings County; New York,47,21,0,0.8395855662736692,-1.4846654012191942,Cold 95%,Low-Low,p <= 0.05,80,1815.662545916317,51830.41625225077,21,0.34794551356599623,9,1,0.4826401446654611,0.852112676056338,0.13887204366282596,2670,5598
36047018000,Census Tract 180; Kings County; New York,53,21,0,1.7978290366350067,-1.8240485088230902,Cold 99%,Low-Low,p <= 0.01,18,15247.755876244977,71502.93389660706,7,0.45994532733282606,3,1,0.164850136239782,0.6086508753861998,0.09842154131847725,1405,2948
36047018300,Census Tract 183; Kings County; New York,97,40,0,3.4384969868840836,-0.873503339302764,Not significant,Not significant,Not significant,44,3524.538880243679,60143.294646570386,65,0.5358090740362382,1,3,0.024104927330733782,0.6600732600732601,0.07894736842105263,1585,2821
36047018400,Census Tract 184; Kings County; New York,28,7,0,1.3282732447817838,-1.8878252001848963,Cold 99%,Low-Low,p <= 0.01,19,1819.120887034469,44537.876584667865,11,0.5534284678246432,2,0,0.058349146110056926,0.23236514522821577,0.03856382978723404,1152,2108
36047018700,Census Tract 187; Kings County; New York,69,29,0,5.088495575221239,-0.686566950742253,Not significant,Not significant,Not significant,13,853.2624389866621,26588.040630242525,11,0.7966582478680312,11,4,0.0929889298892989,0.5472727272727272,0.10714285714285714,793,1356
36047019500,Census Tract 195; Kings County; New York,76,27,0,1.8518518518518519,-0.558663105937693,Not significant,Not significant,Not significant,50,1735.770973126347,44879.66352823092,59,0.3730041995696728,4,5,0.11842105263157894,0.36985569214323893,0.1215962441314554,2104,4104
36047007000,Census Tract 70; Kings County; New York,178,108,73,6.869934388267079,-0.6145691119259844,Not significant,Not significant,Not significant,62,21780.730869671224,72359.47929986955,21,0.367344617216357,0,0,0.0567348514087225,0.5487603305785124,0.03122497998398719,1299,2591
36047007500,Census Tract 75; Kings County; New York,137,51,0,2.8745279060008393,-0.8400652706695128,Not significant,Not significant,Not significant,70,3602.9936330219634,78197.35418501028,108,0.2814412678451262,2,3,0.16701636592530425,0.5392670157068062,0.07931638913234006,2368,4766
36005038600,Census Tract 386; Bronx County; New York,378,169,0,4.717923115327009,0.8545542413232445,Not significant,Not significant,Not significant,107,24036.444306022666,179063.97489763334,13,0.8316771755691328,15,20,0.204257983719474,0.6350644823980481,0.055006587615283264,4274,8012
36005034500,Census Tract 345; Bronx County; New York,124,58,0,3.071587812732227,-0.7392998048134268,Not significant,Not significant,Not significant,154,27966.990413162028,115268.98249251157,18,1.6452064332391734,33,4,0.1010126582278481,0.4529761904761905,0,1904,4037
36005016700,Census Tract 167; Bronx County; New York,339,148,0,11.243781094527364,1.8683495197229814,Not significant,Not significant,Not significant,83,26408.660410467466,96750.93809990158,10,0.9003679580869468,1,3,0.3698074974670719,0.9644714038128249,0,1628,3015
36005017500,Census Tract 175; Bronx County; New York,389,166,0,6.2100893997445725,1.6381147365320898,Not significant,Not significant,Not significant,35,894.3511364310507,67278.47684839267,13,0.5199603623925939,4,3,0.39065510597302505,1,0.02714192282537606,3945,6264
36005018900,Census Tract 189; Bronx County; New York,528,213,0,6.404657933042213,5.1009726493135705,Hot 99%,High-High,p <= 0.01,141,19705.07001092365,81949.92233583608,146,0.5555791787648104,18,5,0.2587752053771471,0.9078688524590164,0.010703859876743431,4447,8244
36005013200,Census Tract 132; Bronx County; New York,229,90,0,3.2330933220386844,-0.8390676887784593,Not significant,Not significant,Not significant,352,18078.6647659538,225647.64983115616,31,3.5997598730526397,30,10,0.056049696456303824,0.2959692898272553,0.018832391713747645,3482,7083
36005020200,Census Tract 202; Bronx County; New York,136,42,0,5.226748654880861,0.8797056125898597,Not significant,Not significant,Not significant,85,4137.301887932784,50233.9197201859,6,0.2290744112886382,8,0,0.2576166602391053,0.8194871794871795,0.029850746268656716,1188,2602
36005006900,Census Tract 69; Bronx County; New York,219,102,0,3.6037518512423894,3.799841839653358,Hot 99%,High-High,p <= 0.01,76,2664.457925061384,76466.68297447264,19,0.6577157091586118,7,1,0.39131150238604573,0.9682070240295748,0.0665976535541753,2992,6077
36005004100,Census Tract 41; Bronx County; New York,300,117,0,4.868549172346641,4.139072133505765,Hot 99%,High-High,p <= 0.01,23,8148.049276373808,80967.33523935404,22,0.4243500287419759,8,5,0.5389874654077812,0.9825769854132901,0.044151820294345466,3350,6162
36005014300,Census Tract 143; Bronx County; New York,217,71,0,13.175470552519732,3.8156331987423213,Hot 99%,High-High,p <= 0.01,47,15000.485514704185,62228.5361447601,9,0.8683348388770219,0,1,0.49474335188620905,1,0.010652463382157125,767,1647
36005013300,Census Tract 133; Bronx County; New York,148,66,0,2.431411204205684,1.9251098476602166,Hot 95%,Low-High,p <= 0.05,17,9251.837282602624,52334.2685051499,39,0.38777785245205665,5,1,0.46936093313619187,0.9497576024680476,0.02240413614821198,3434,6087
36005022000,Census Tract 220; Bronx County; New York,212,62,0,11.324786324786325,1.9091656748197652,Hot 95%,High-High,p <= 0.05,127,15592.34451348887,51868.01172462223,13,0.16300752679634695,15,0,0.6139561057962859,0.9138461538461539,0.11444141689373297,976,1872
36005042800,Census Tract 428; Bronx County; New York,85,35,0,3.5699286014279714,-0.359428270761359,Not significant,Not significant,Not significant,66,4832.56718151678,59661.95500427193,14,0.8483030852854657,15,1,0.08649339582445675,0.15327564894932014,0.03575685339690107,1381,2381
36005042901,Census Tract 429.01; Bronx County; New York,178,67,0,5.239917574330291,2.4148237277597984,Hot 95%,High-High,p <= 0.05,23,17725.858949190275,49307.1119780703,17,0.3855447036793464,8,0,0.3355902266705917,0.9831865492393915,0.03996925441967717,1848,3397
36005029600,Census Tract 296; Bronx County; New York,373,187,55,15.758343895226025,0.15741865406380018,Not significant,Not significant,Not significant,210,29714.473185737672,115312.91385878158,20,0.95848451361939635,12,0,0.18582755203171458,0.8879781420765027,0,1257,2367
36005031600,Census Tract 316; Bronx County; New York,82,30,0,4.832056570418385,-0.3151538629443957,Not significant,Not significant,Not significant,86,2161.434685576757,59609.61085339957,14,0.6502859393747327,5,0,0.1785503830288745,0.35443037974683544,0.04048582995951417,908,1697
36047010200,Census Tract 102; Kings County; New York,139,46,0,2.6725629686598733,0.10335153041761043,Not significant,Not significant,Not significant,100,0,54258.51897218693,15,0.4772987716410455,3,1,0.23388975155279504,0.7293754818812644,0.06556195965417867,2496,5201
36047012200,Census Tract 122; Kings County; New York,128,44,0,2.749731471535983,-0.4102450914832764,Not significant,Not significant,Not significant,121,3632.2802863499146,56936.33950541703,17,0.356260828584418,0,1,0.2857142857142857,0.7264665757162346,0.1565017261219793,2438,4655
36047012700,Census Tract 127; Kings County; New York,105,37,0,2.4498366775548295,0.6199654137204019,Not significant,Not significant,Not significant,45,14651.089713176632,52438.13724884267,19,0.40258587088462594,7,5,0.12032212221695879,0.8808724832214765,0.03559870550161812,2578,4286
36047013700,Census Tract 137; Kings County; New York,97,44,0,3.128023218316672,-1.0133481786117033,Not significant,Not significant,Not significant,58,4933.038630605373,66366.80170646812,59,0.25642051795426096,6,2,0.0495703899537343,0.7429906542056075,0.144,1500,3101
36047024500,Census Tract 245; Kings County; New York,120,41,0,2.737850787132101,0.8158509657602347,Not significant,Not significant,Not significant,56,1718.907923577507,48979.01750994424,43,0.29915696289263854,15,25,0.10472279260780287,0.6868993424380374,0.025628388368654508,2559,4383
36047025100,Census Tract 251; Kings County; New York,163,69,0,4.0852130325814535,0.26288317469023675,Not significant,Not significant,Not significant,52,1961.4424240282683,46557.429213161326,12,0.40106468394236255,12,5,0.37418546365914784,0.8576290414066932,0.022727272727272728,2256,3990
36005029700,Census Tract 297; Bronx County; New York,172,68,0,4.1375992302140965,-0.49225149421224834,Not significant,Not significant,Not significant,73,34338.6492635104,104558.27365009404,44,0.9011451167819235,6,1,0.03387671930718288,0.4276629570747218,0.004221635883905013,2168,4157
36005037800,Census Tract 378; Bronx County; New York,417,179,0,11.897289586305279,1.6803702034742745,Not significant,Not significant,Not significant,89,17543.76334991559,67438.94234789755,20,0.21702955465722867,1,0,0.22723355357655847,0.8170320404721754,0.10287443267776097,1861,3505
36005037100,Census Tract 371; Bronx County; New York,352,159,0,8.345187292555714,2.2804371281045643,Hot 95%,High-High,p <= 0.05,72,3198.041063586425,79867.01086324398,18,0.9870423380326826,18,5,0.24059971442170394,0.8778971170152629,0.04636118598382749,2340,4218
36005005600,Census Tract 56; Bronx County; New York,186,58,0,7.4370251899240305,2.1754487170340875,Hot 95%,High-High,p <= 0.05,57,11143.5645074732,46223.506308333905,15,0.44909999897523595,0,0,0.4370251899240304,0.8459244532803181,0.10736468500443656,1293,2501
36005002702,Census Tract 27.02; Bronx County; New York,211,95,0,4.397665694039183,3.143700200466152,Hot 95%,High-High,p <= 0.05,26,3314.174764601242,61372.80985549268,17,0.12223230789039038,3,0,0.46073517126148705,0.9299738219895288,0.017994858611825194,2480,4798
36005038500,Census Tract 385; Bronx County; New York,460,161,0,8.815638175546185,4.6743407931494945,Hot 99%,High-High,p <= 0.01,59,26968.68637612278,111684.6117766659,23,0.693892439317978,13,5,0.7233019049451607,0.9867303609341825,0.02079002079002079,2919,5218
36005024100,Census Tract 241; Bronx County; New York,536,216,0,8.818690358670615,3.807214305785831,Hot 95%,High-High,p <= 0.05,88,9070.298682640581,64160.048918312794,12,0.13076005886840517,1,5,0.403988791824625,1,0,3722,6078
36005023301,Census Tract 233.01; Bronx County; New York,316,126,0,8.227024212444675,2.4654880099000485,Hot 95%,High-High,p <= 0.05,57,25529.94232144228,71532.87914949124,5,0.2831653384241846,2,1,0.3117461982170949,0.9463625154130703,0.04588235294117647,2285,3841
36005041100,Census Tract 411; Bronx County; New York,200,82,0,5.851375073142188,2.501377808893677,Hot 95%,High-High,p <= 0.05,52,18586.242684552344,52216.39325078786,11,0.26098691431893933,6,9,0.20251682762657303,0.8911521323997453,0.024829298572315334,1644,3418
36005023900,Census Tract 239; Bronx County; New York,600,226,0,6.984053078803399,4.972929460058797,Hot 99%,High-High,p <= 0.01,89,16290.513364077575,81158.83346873165,15,0.09936043817062985,4,5,0.39334889148191365,0.989159891598916,0.016,4294,8591
36005044901,Census Tract 449.01; Bronx County; New York,75,33,0,3.667481662591687,-0.7209487592633634,Not significant,Not significant,Not significant,53,1200.715769986773,48352.5883523356,17,1.3457704310960497,12,1,0.06901615271659324,0.5230769230769231,0.04911180773249739,865,2045
36005019700,Census Tract 197; Bronx County; New York,573,211,0,7.511798636601993,3.447057338560727,Hot 95%,High-High,p <= 0.05,65,23419.24789923303,81768.23231983335,9,0.12545871483760937,2,1,0.5684168655529037,1,0.023938223938223938,3820,7628
36005027900,Census Tract 279; Bronx County; New York,295,128,0,3.5291302787414764,1.7390445945393573,Not significant,Not significant,Not significant,142,45498.25888591829,119680.23067730763,31,0.38239640304299516,13,1,0.17158143585915142,0.7895260192243951,0.054231974921630094,4331,8359
36005046000,Census Tract 460; Bronx County; New York,186,88,0,6.642857142857143,1.7087246448255182,Hot 95%,High-High,p <= 0.05,77,12238.586287020895,75144.54226001997,8,0.5379642109371031,14,4,0.3129860031104199,0.8274760383386581,0.11163670766319773,1333,2800
36005007200,Census Tract 72; Bronx County; New York,376,116,0,7.760577915376677,2.8212006520826547,Hot 95%,High-High,p <= 0.05,140,5345.137920520248,64778.6967697114,22,0.23157797882578687,13,0,0.1867905056759546,0.668923076923077,0.1393008474576271,2472,4845
36005007000,Census Tract 70; Bronx County; New York,222,80,0,5.036297640653357,1.833329435819083,Hot 95%,High-High,p <= 0.05,116,1796.0981072716559,73788.74356673654,19,0.2524936322741745,2,1,0.34984098137210357,0.7221838286109191,0.1493239271017049,2221,4408
36005014900,Census Tract 149; Bronx County; New York,278,113,0,5.8973271107339835,1.838072070779941,Not significant,Not significant,Not significant,44,11019.585137428801,61880.80259854684,4,0.8648245014471276,12,3,0.4396458648240121,0.7781371280724451,0.03915475450590429,1716,4714
36047026400,Census Tract 264; Kings County; New York,180,60,0,3.952569169960474,-1.308683413935742,Cold 95%,High-Low,p <= 0.05,62,454.9285405534851,80071.67152383288,153,0.30499056586028034,2,0,0.201291471832554,0.7294654498044328,0.021059349074664963,2542,4554
36047029500,Census Tract 295; Kings County; New York,93,40,0,2.3002720751916894,-0.5636847461590598,Not significant,Not significant,Not significant,27,955.4974550739662,53214.84350661054,38,0.5942046944861574,14,7,0.23720009893643335,0.6002120890774125,0.061691542288557215,2315,4043
36047029800,Census Tract 298; Kings County; New York,126,46,0,3.2499355171524376,-1.1539079221435302,Not significant,Not significant,Not significant,34,6689.846736110159,85581.81207906925,53,0.3577337733964925,1,7,0.19906928645294725,0.7342342342342343,0.12667191188040913,2033,3877
36047030800,Census Tract 308; Kings County; New York,136,46,0,7.589285714285714,0.4208863713438844,Not significant,Not significant,Not significant,45,34374.771182012366,107308.70337782842,17,0.43477499865675023,43,2,0.12053571428571429,0.3267605633802817,0.21460176991150443,1043,1792
36047031300,Census Tract 313; Kings County; New York,217,98,0,4.9150622876557195,0.41449305239906065,Not significant,Not significant,Not significant,67,3852.979562902191,54719.912114368984,24,0.4722864202963965,2,5,0.17463235294117646,0.8559508124725516,0.12624712202609362,2129,4415
36047032800,Census Tract 328; Kings County; New York,178,94,0,6.09380349195481,0.08501909323217345,Not significant,Not significant,Not significant,30,6074.1233831662985,79574.94609959131,17,1.397780548733449,2,2,0.27291886195995785,0.6283422459893048,0.07196029776674938,1570,2921
36047027400,Census Tract 274; Kings County; New York,63,20,0,2.140672782874618,-1.1735854367288472,Not significant,Not significant,Not significant,61,38.65080673717429,53526.00203339718,30,0.5317808248595786,1,2,0.10483321987746766,0.6062753036437247,0.08178438661710037,1636,2943
36047027600,Census Tract 276; Kings County; New York,106,32,0,2.880434782608696,-1.2008855343265499,Not significant,Not significant,Not significant,44,3957.3725773400547,61415.3125891947,13,0.3042904623579006,0,0,0.16480218281036835,0.7387944358578052,0.028528528528528527,2137,3680
36047027800,Census Tract 278; Kings County; New York,89,34,0,2.839821314613912,-1.1020052530483586,Not significant,Not significant,Not significant,10,5280.185866247096,60168.90024313338,31,0.12909384346976827,2,4,0.1244416081684748,0.727433628318584,0,1609,3134
36047028000,Census Tract 280; Kings County; New York,49,22,0,2.8688524590163933,-1.0260040773389703,Not significant,Not significant,Not significant,42,2081.470760048489,55701.692624910516,19,0.7083785941424047,6,0,0.1094847775175644,0.49747899159663866,0.06003159557661927,856,1708
36047028501,Census Tract 285.01; Kings County; New York,134,47,0,22.750424448217316,-0.2205202688691121,Not significant,Not significant,Not significant,14,5816.538237374355,21585.888771484402,25,0.1228956060578453,1,0,0.3238938053097345,0.9813084112149533,0,268,589
36047035900,Census Tract 359; Kings County; New York,242,104,0,3.561966440977333,1.3018856380145731,Not significant,Not significant,Not significant,25,4533.480464492935,61397.550383584145,4,0.6435222307711853,20,11,0.21582203889216264,0.8704305442729489,0.01598721023181455,3880,6794
36047036100,Census Tract 361; Kings County; New York,160,60,0,4.7647409172126265,0.4190568166232008,Not significant,Not significant,Not significant,68,10042.006374833156,66957.02530662714,8,0.5821833000547907,12,3,0.36878165028299076,0.9124605678233438,0.017815646785437646,2060,3358
36047037900,Census Tract 379; Kings County; New York,190,78,0,4.735792622133599,0.1803617911193824,Not significant,Not significant,Not significant,65,4124.564333972101,65808.81437726873,27,0.2226251667521929,13,2,0.3524426719840479,0.7203282828282829,0.046357615894039736,2180,4012
36047038700,Census Tract 387; Kings County; New York,311,162,49,5.854668674698795,0.37169186520480035,Not significant,Not significant,Not significant,54,3718.9754022698635,65347.76340259605,25,0.3238989588296528,10,10,0.25946149501035587,0.5303392259913999,0.10094501718213059,2253,5312
36047039000,Census Tract 390; Kings County; New York,41,15,0,1.5292801193584484,-1.7849766127904187,Cold 99%,Low-Low,p <= 0.05,34,4204.077129680081,62587.471250392526,30,0.8240595692999605,3,0,0.28347631480790747,0.39090909090909093,0.10672853828306264,1440,2681
36047039600,Census Tract 396; Kings County; New York,31,16,0,1.8149882903981265,-1.8125130467147426,Cold 99%,Low-Low,p <= 0.01,8,2367.863531556187,52350.749873324625,24,0.3423451180797716,4,0,0.1680327868852459,0.47703703703703704,0.14122137404580154,941,1708
36005002800,Census Tract 28; Bronx County; New York,387,172,0,7.085316733797144,2.617542496731253,Hot 95%,High-High,p <= 0.05,186,10491.613630658192,79027.47730170263,20,0.7790245441128193,6,0,0.08220432076162577,0.8300071275837491,0.0209351011863224,3499,5462
36005015500,Census Tract 155; Bronx County; New York,390,186,0,12.931034482758621,3.3957639484545346,Hot 95%,High-High,p <= 0.05,60,31183.25667467897,96628.74588555461,8,0.27609835698553004,1,0,0.27818302387267907,0.9530075187969925,0.05422222222222222,1525,3016
36005015300,Census Tract 153; Bronx County; New York,340,152,0,9.436580627255065,2.951278268135829,Hot 95%,High-High,p <= 0.05,83,28867.331263824446,124572.3461009839,20,0.42993332636514797,17,4,0.24916573971078976,0.9146546883773161,0.052155401809473124,1920,3603
36005025700,Census Tract 257; Bronx County; New York,164,53,0,9.732937685459941,1.6771944888189447,Hot 95%,Low-High,p <= 0.05,61,15282.505417733375,37668.92991027171,4,0.61632238031639075,8,0,0.39940652818991096,0.9253048780487805,0.042335766423357665,856,1685
36047034300,Census Tract 343; Kings County; New York,133,57,0,2.9243623570800352,-0.16729897157995227,Not significant,Not significant,Not significant,51,6564.8522637006345,46081.44740764647,29,0.5356335134846509,12,5,0.433377308707124,0.888477801268499,0.076171875,2341,4548
36047034700,Census Tract 347; Kings County; New York,158,87,0,4.238197424892704,0.3633465008404656,Not significant,Not significant,Not significant,8,0,39706.25095029652,9,0.5924567262004592,1,14,0.2167381974248927,0.7801075268817205,0.12056737588652482,2121,3728
36047040400,Census Tract 404; Kings County; New York,53,16,0,2.035330261136713,-1.4195543690453092,Cold 95%,Low-Low,p <= 0.05,22,15623.361556207012,83809.8824751423,25,0.47229821424691726,0,1,0.10138248847926268,0.5301062573789846,0.1027542372881356,1315,2604
36047041300,Census Tract 413; Kings County; New York,179,69,0,4.648143339392366,-0.3685733023875901,Not significant,Not significant,Not significant,44,919.0054327298319,75140.53996909347,18,0.567782814084221,3,10,0.19813035575175278,0.665976535541753,0.042932628797886396,1795,3851
36047042100,Census Tract 421; Kings County; New York,145,44,0,3.077249575551783,1.31923127972306,Not significant,Not significant,Not significant,23,173.1006452270546,45229.84066119778,23,0.2983322085177031,8,6,0.2671901528013582,0.8250696378830084,0.08277976494634645,2215,4712
36047042400,Census Tract 424; Kings County; New York,94,38,0,2.5248455546602204,-1.4895542489438471,Cold 95%,Low-Low,p <= 0.05,47,2079.4075697000876,64361.571283850775,30,0.35366312026138436,3,1,0.21129032258064517,0.7072617246596067,0,1935,3723
36047045600,Census Tract 456; Kings County; New York,42,11,0,1.7781541066892463,-1.9616904887606432,Cold 99%,Low-Low,p <= 0.01,27,5020.530176482383,61558.10476356025,15,0.5078352203814318,5,0,0.2201524132091448,0.7968176254589964,0.09121245828698554,1310,2362
36047047800,Census Tract 478; Kings County; New York,103,34,0,1.9615311369262998,-1.3159652753333877,Not significant,Not significant,Not significant,73,9706.919011935288,86563.22385686066,47,0.307947100469172,5,1,0.2656129529683886,0.6755186721991702,0.056382145653876274,2709,5251
36047048200,Census Tract 482; Kings County; New York,134,34,0,2.401433691756272,-1.1049857501541853,Not significant,Not significant,Not significant,58,22355.7849066725,95246.75769116233,50,0.606733438187269,1,5,0.19623655913978494,0.6560627017058552,0.07347287483981205,2925,5580
36047049500,Census Tract 495; Kings County; New York,166,52,0,5.054811205846528,-0.29568565511695477,Not significant,Not significant,Not significant,38,10725.444297495324,61853.49727526491,24,0.23262588083235056,4,4,0.09348355663824603,0.8200531208499336,0.029639175257731958,1843,3284
36047042600,Census Tract 426; Kings County; New York,121,36,0,2.67226148409894,-1.4413220262750193,Cold 95%,Low-Low,p <= 0.05,22,4205.5594779317435,79290.57206485828,15,0.19503811332798637,3,0,0.22420723537293435,0.6545217957059206,0.05531653349723417,2263,4528
36047043800,Census Tract 438; Kings County; New York,106,28,0,4.189723320158103,-1.6612044983539007,Cold 99%,Low-Low,p <= 0.01,71,12221.027950352494,89860.26809590866,24,0.22436258534310746,1,0,0.17351778656126482,0.7931793179317932,0.1334604385128694,1316,2530
36047044100,Census Tract 441; Kings County; New York,332,95,0,7.158257869771453,2.396601815942139,Hot 95%,High-High,p <= 0.05,56,1467.1258463385047,78228.15606994108,25,0.2620175761423016,0,7,0.2592832469775475,0.913451511991658,0.03666499246609744,1825,4638
36047050900,Census Tract 509; Kings County; New York,136,56,0,2.612370341913177,-0.012442429710990124,Not significant,Not significant,Not significant,51,8682.823083335328,79947.67282597977,38,0.27468269723207883,2,2,0.48424894352669995,0.8225190839694656,0.023299161230195712,2604,5206
36047051300,Census Tract 513; Kings County; New York,323,103,0,5.410385259631491,0.8471076343321722,Not significant,Not significant,Not significant,76,53395.99124962517,155524.01819599073,68,0.13044359699504612,10,11,0.1603757758765308,0.7809212912586144,0.031271960646521435,3232,5970
36047055200,Census Tract 552; Kings County; New York,248,92,0,7.383149746948496,-1.4774961932766402,Cold 99%,High-Low,p <= 0.01,37,2389.7571719072844,66414.23023206065,33,0.1311264804908818,4,2,0.17743376004763323,0.8338368580060423,0.1463571889103804,1600,3359
36047056400,Census Tract 564; Kings County; New York,40,11,0,1.5203344735841886,-2.3557245810382166,Cold 99%,Low-Low,p <= 0.0001,36,12081.17771880892,101043.88329804776,24,1.2310122855461658,5,9,0.04142911440516914,0.1188118811881188,0.030541012216404886,1450,2631
36047056500,Census Tract 565; Kings County; New York,208,84,0,6.24249699879952,-0.04741210660135321,Not significant,Not significant,Not significant,60,8427.087848454796,92588.56844986662,45,0.3086733476076906,2,5,0.047418967587034816,0.8463583200425305,0.07156959526159921,1640,3332
36047057800,Census Tract 578; Kings County; New York,90,20,0,3.079028395484092,-1.6548111794090765,Cold 99%,Low-Low,p <= 0.01,24,3485.7462388803788,68700.88797590703,20,0.3741720390977057,1,3,0.12009803921568628,0.7144128113879004,0.08319738988580751,1343,2923
36047058600,Census Tract 586; Kings County; New York,74,28,0,3.2685512367491167,-1.2409473306580072,Not significant,Not significant,Not significant,50,5447.6621466660135,76704.98573196401,32,0.08870865676860953,5,5,0.3299469964664311,0.5285714285714286,0.13966480446927373,1018,2264
36047058800,Census Tract 588; Kings County; New York,49,10,0,1.3845719129697656,-1.2104807765763166,Not significant,Not significant,Not significant,13,12402.968248784971,67586.5173062705,78,0.4797205749308794,4,1,0.10794009607233682,0.6619144602851323,0.07764558547276143,1825,3539
36047059200,Census Tract 592; Kings County; New York,78,27,0,2.0816653322658127,-1.3870607757725877,Not significant,Not significant,Not significant,58,8726.085151554707,100060.68512046267,42,0.4505464533942493,4,0,0.19935948759007205,0.526829268292683,0.06499429874572406,1941,3747
36047059800,Census Tract 598; Kings County; New York,74,26,0,2.303860523038605,-0.6851790202194125,Not significant,Not significant,Not significant,36,11756.428261876881,87824.59705293595,34,1.522474985602694,32,1,0.09246575342465753,0.5579598145285936,0.03863298662704309,1492,3212
36047060000,Census Tract 600; Kings County; New York,163,61,0,2.526740040303829,-0.9449320679749976,Not significant,Not significant,Not significant,81,11274.985194416578,166755.83814459122,56,0.7155992380706333,17,4,0.15920012401178113,0.5452065471551052,0.044676098287416234,3532,6451
36047052900,Census Tract 529; Kings County; New York,243,88,0,6.526994359387591,-0.2482810115477269,Not significant,Not significant,Not significant,50,15054.52834857359,91225.49375303705,54,0.14354633480468257,2,0,0.16447191615157217,1,0.03176043557168784,1762,3723
36047054800,Census Tract 548; Kings County; New York,66,30,0,2.8645833333333335,-2.148727958751163,Cold 99%,Low-Low,p <= 0.001,26,1953.8126619950717,64444.843076766905,12,0.7945382968011477,2,1,0.0999131190269331,0.5659203980099502,0.05076741440377804,1185,2304
36047062200,Census Tract 622; Kings County; New York,94,37,0,3.330970942593905,-0.9038419620313186,Not significant,Not significant,Not significant,110,29738.503505419674,76540.3929815128,83,1.5929007318197348,24,7,0.2651685393258427,0.6334256694367497,0.1532447224394058,1463,2822
36047063600,Census Tract 636; Kings County; New York,17,5,0,1.555352241537054,-1.8922687210340703,Cold 99%,Low-Low,p <= 0.001,14,2080.685838461419,33241.47569106063,15,1.8222196274710207,0,0,0.039341262580054895,0.05172413793103448,0.2564102564102564,521,1093
36047064800,Census Tract 648; Kings County; New York,30,9,0,1.6411378555798688,-2.0518224065438257,Cold 99%,Low-Low,p <= 0.001,19,7357.704512243326,55808.54763325301,13,1.9298780055005913,7,2,0.07275711159737418,0.19008264462809918,0.06779661016949153,915,1828
36047068000,Census Tract 680; Kings County; New York,41,14,0,2.3308698123934053,-1.9037693730253478,Cold 99%,Low-Low,p <= 0.01,15,1260.5427250319037,43491.35829704041,6,2.2865882662027768,6,3,0.05741898806139852,0.12477718360071301,0.13425925925925927,816,1759
36047077600,Census Tract 776; Kings County; New York,65,23,0,1.8851508120649652,-1.4242783235851562,Not significant,Not significant,Not significant,19,3786.995126894758,44338.41185656933,7,0.5898888810159445,9,4,0.0765661252900232,0.3971119133574007,0.1178343949044586,1710,3448
36047078400,Census Tract 784; Kings County; New York,89,31,0,3.613479496548924,-1.5277806992645524,Cold 99%,Low-Low,p <= 0.05,46,4153.56552974621,74453.63479968446,27,0.4269104324217692,2,3,0.07720588235294118,0.5323660714285714,0.10667996011964108,1099,2463
36047082400,Census Tract 824; Kings County; New York,320,180,73,6.2439024390243905,0.46563960395765497,Not significant,Not significant,Not significant,38,6888.894833589372,80224.49776703869,16,0.2222813230116463,9,0,0.23781446540880502,0.8364779874213837,0.1326059588753672,2554,5125
36047083600,Census Tract 836; Kings County; New York,48,21,0,2.4193548387096775,-1.6548111794090765,Cold 95%,Low-Low,p <= 0.05,28,830.1783685838436,56748.126590573476,13,1.1598513971958198,6,0,0.08518145161290322,0.27099841521394613,0.1961783439490446,1200,1984
36061019701,Census Tract 197.01; New York County; New York,174,77,0,18.08731808731809,0.6021495327963201,Not significant,Not significant,Not significant,156,11091.886909762698,52994.00444209533,9,0.38124708797420476,2,0,0.3399168399168399,1,0.14451827242524917,536,962
36061028500,Census Tract 285; New York County; New York,258,109,0,3.6368762334367073,2.03138975135465,Hot 95%,High-High,p <= 0.05,50,9548.39748971604,34891.62316013699,10,0.23513703527345883,4,1,0.30234208658623135,1,0.15955882352941175,3520,7094
36061003601,Census Tract 36.01; New York County; New York,303,88,0,9.934426229508198,5.227831364610881,Hot 99%,High-High,p <= 0.01,36,10388.296378980198,45054.23220681871,24,0.15707900839565406,0,0,0.19901639344262295,0.7909677419354839,0.06962785114045618,1524,3050
36061004800,Census Tract 48; New York County; New York,210,89,0,3.0120481927710845,1.902005260228184,Hot 95%,High-High,p <= 0.05,95,8313.520493982405,60208.33477801632,41,0.23094418659163107,0,6,0.09797072521623419,0.4708158658497259,0.19746376811594202,3583,6972
36061008100,Census Tract 81; New York County; New York,523,227,0,8.44774672912292,3.7283633721329976,Hot 95%,High-High,p <= 0.05,65,1182.3470077532352,47938.939908602995,63,0.1567919397207718,2,4,0.07221681272314184,0.5993723849372385,0.2665899501342539,3088,6191
36061006500,Census Tract 65; New York County; New York,1139,370,0,20.393912264995524,5.145549071569054,Hot 99%,High-High,p <= 0.05,83,24156.50237486824,96580.46514155212,77,0.2760241472226723,2,0,0.058160504959422904,0.8412228796844181,0.20491374803972817,3315,5585
36061007600,Census Tract 76; New York County; New York,1084,403,0,45.89331075359865,10.084169515630338,Hot 99%,High-High,p <= 0.0001,45,8563.481212002707,60250.02084930122,53,0.2288796740245008,8,2,0.10208421948107188,0.703678001387925,0.12877871825876663,1239,2362
36061007200,Census Tract 72; New York County; New York,544,232,0,7.647968508364966,2.7388039383567406,Hot 95%,High-High,p <= 0.05,67,4139.9641284764275,85266.64575559438,58,0.16951153745814077,6,7,0.06464705029714451,0.8092202059833251,0.203515625,3761,7113
36061001600,Census Tract 16; New York County; New York,802,267,0,11.106494945298435,5.162597922088585,Hot 99%,High-High,p <= 0.01,183,18329.916440553192,112610.3902500903,82,0.2611938124291275,4,2,0.17265787647467037,0.7364961417547871,0.13391089108910892,3615,7221
36061003800,Census Tract 38; New York County; New York,552,225,97,7.580335072782202,2.7577131532718497,Hot 95%,High-High,p <= 0.05,57,7517.034883165372,82913.72120895055,72,0.3707478120663552,4,4,0.1774009689370191,0.8658833961427621,0.15095049877658573,3608,7282
36061020000,Census Tract 200; New York County; New York,510,213,0,18.458197611292075,2.736794262412206,Hot 95%,High-High,p <= 0.05,132,13185.187982236888,80699.41125049592,54,0.21963963713537427,6,21,0.18353969410050983,0.8364627498485766,0.16065073716319267,1584,2763
36061022600,Census Tract 226; New York County; New York,361,155,0,6.363476114930372,2.476322680144397,Hot 95%,High-High,p <= 0.05,74,8627.22786278784,71555.2019106767,72,0.3523070380683585,8,9,0.16634120362151605,0.7506787330316742,0.11209321012454801,2652,5673
36061014700,Census Tract 147; New York County; New York,98,29,0,3.4507042253521125,0.4867048564072697,Not significant,Not significant,Not significant,15,2515.937396923504,27645.525941159118,4,0.6041112818481154,0,0,0.0676056338028169,0.847667638483965,0.27941176470588236,1452,2840
36061023300,Census Tract 233; New York County; New York,356,116,0,4.832360526673002,2.733076206888464,Hot 95%,High-High,p <= 0.05,93,5088.033106005692,70564.6243539679,33,0.47583149326964097,2,5,0.19602234028061571,0.8847691748455108,0.06935047361299053,3757,7367
36061029700,Census Tract 297; New York County; New York,118,37,0,907.6923076923077,0.9140181807194143,Not significant,Not significant,Not significant,54,20669.288656637746,44391.752862263056,9,0.9155876286428843,3,0,NA,NA,NA,6,13
36061014000,Census Tract 140; New York County; New York,152,68,0,1.8879642280462055,-0.5409872031235634,Not significant,Not significant,Not significant,93,7738.476135045335,85378.12275660376,86,0.29092561154835683,0,3,0.05367372353673724,0.4691202419964709,0.13099671412924424,4298,8051
36061014802,Census Tract 148.02; New York County; New York,418,180,0,5.846153846153846,-0.6672100990925746,Not significant,Not significant,Not significant,57,5389.263874030996,61319.82212146622,62,0.20280958131323495,1,1,0.03762237762237762,0.5857642940490082,0.1723804925156929,4032,7150
36061014602,Census Tract 146.02; New York County; New York,118,44,0,1.4489194499017681,-0.4507361114671636,Not significant,Not significant,Not significant,32,2043.4908731588462,38511.01108375809,156,0.12337561602918082,0,2,0.06741159135559921,0.7558535121072644,0.14317558299039781,4305,8144
36061013800,Census Tract 138; New York County; New York,197,75,0,1.6972516584819506,-1.1559480421511201,Cold 95%,Not significant,Not significant,43,710.5219590700694,68563.16980164504,56,0.37154809246922665,2,8,0.05456500313591972,0.5368167444661949,0.20295247239558328,6301,11607
36061010900,Census Tract 109; New York County; New York,1927,784,0,926.4423076923077,16.54909896282069,Hot 99%,High-High,p <= 0.0001,54,5420.064633652823,56848.182268271354,43,0.23722143566317336,7,0,0.28365384615384615,0.8849557522123894,0.096,105,208
36061011600,Census Tract 116; New York County; New York,134,40,0,4.9246600514516725,-0.9308643363632562,Not significant,Not significant,Not significant,33,13120.240698203956,62089.47362595038,26,0.4302528416124155,12,0,0.12121212121212122,0.8443620963472737,0.3360281195079086,1525,2721
36061027100,Census Tract 271; New York County; New York,671,310,65,8.667011108240764,3.0314916071471467,Hot 95%,High-High,p <= 0.05,111,11430.49796201939,79584.40798487092,36,0.2772657513133008,3,0,0.15047791268406097,0.8952500786410821,0.03928679359323058,4037,7742
36061026900,Census Tract 269; New York County; New York,370,134,0,4.867780555190107,2.884037957064513,Hot 95%,High-High,p <= 0.05,69,5951.554512723736,56969.475479555236,33,0.25040445014107254,7,4,0.14418667386026437,0.9052631578947369,0.13545677283864194,3526,7601
36061016600,Census Tract 166; New York County; New York,512,256,55,7.4332171893147505,1.8252854328902925,Not significant,Not significant,Not significant,71,12478.664307895542,85555.56245273004,89,0.15633028362558188,7,2,0.3636094674556213,0.9041652556721977,0.11877051626380185,3501,6888
36061024700,Census Tract 247; New York County; New York,186,60,0,3.048180924287119,2.6253221025687776,Hot 95%,High-High,p <= 0.05,52,7268.829671192332,44596.83931934054,8,0.7744298876933507,1,0,0.19206817436905932,0.7800369685767098,0.08583981074687394,3299,6102
36061018900,Census Tract 189; New York County; New York,410,227,85,3.993376838414337,1.4853387216121048,Not significant,Not significant,Not significant,71,9912.003729889482,72911.10285487855,88,0.2730654343255557,0,2,0.3190752622466646,0.8073513513513514,0.10316075237541206,5372,10267
36061021000,Census Tract 210; New York County; New York,217,97,0,3.3119658119658117,5.455885815367385,Hot 99%,High-High,p <= 0.001,64,14206.457866993174,47762.62073144542,23,0.4215417299093439,0,0,0.3669837373427432,0.8546056592414208,0.07465181058495822,4159,6552
36061004300,Census Tract 43; New York County; New York,382,133,0,10.839954597048807,4.692208956444274,Hot 99%,High-High,p <= 0.01,97,29191.86214044977,101671.2711289617,54,0.1815559305474941,1,1,0.17338251986379113,0.8996526437668854,0.1046993780234969,1768,3524
36061023700,Census Tract 237; New York County; New York,313,127,0,4.6877340122809645,1.7313076539285663,Not significant,Not significant,Not significant,134,11080.423035431575,71686.0280860144,17,0.5682628033988595,0,0,0.29490159615682626,0.8596755941154282,0.10469436001350894,3006,6677
36061003400,Census Tract 34; New York County; New York,461,179,0,6.595135908440629,2.8225390046799146,Hot 95%,High-High,p <= 0.05,104,28303.823376273285,109736.39533004301,81,0.21631149303457978,3,3,0.17167381974248927,0.8734787018255578,0.10829753560931495,3833,6990
36061030300,Census Tract 303; New York County; New York,231,95,0,6.980961015412511,1.5468309546912204,Not significant,Not significant,Not significant,110,14114.819182610689,49982.11203324395,42,0.1614776393849719,0,0,0.12722877002115443,0.9097605893186004,0.14979123173277661,1520,3309
36061022302,Census Tract 223.02; New York County; New York,97,34,0,3.3797909407665507,1.7483048912567198,Hot 95%,Low-High,p <= 0.05,42,5422.844525743105,23874.741269759175,10,0.5736785736193619,3,0,0.19616724738675959,0.9667697063369397,0.16137394685677253,1527,2870
36061021900,Census Tract 219; New York County; New York,533,264,67,9.888682745825603,1.7239285859590723,Not significant,Not significant,Not significant,169,16943.682153515256,98242.06472087227,65,0.37444111839413347,6,4,0.386962289179458,0.9936647173489279,0.08637577916295637,2949,5390
36061016900,Census Tract 169; New York County; New York,222,83,0,2.73972602739726,0.9515861384853826,Not significant,Not significant,Not significant,71,10784.12441094423,85977.84284787321,84,0.3625702376811621,2,0,0.06403879631932355,0.7485278080697928,0.12349455171095393,4175,8103
36061017500,Census Tract 175; New York County; New York,252,94,0,2.400228593199352,0.6515040410592993,Not significant,Not significant,Not significant,83,7480.267741084786,83582.0506034916,48,0.5041779348011117,0,0,0.03295011291315952,0.6265217391304347,0.21057147760425604,5912,10499
36061017100,Census Tract 171; New York County; New York,223,81,0,2.63468809073724,0.9515861384853826,Not significant,Not significant,Not significant,65,5720.03760764,75851.12418833227,36,0.5336882823097867,1,0,0.17082579867389994,0.5760456273764258,0.1873310158362302,4832,8464
36061017402,Census Tract 174.02; New York County; New York,84,39,0,2.9095947350190507,2.449536936292635,Hot 95%,Low-High,p <= 0.05,27,1316.2810774069674,16321.74946375515,9,0.3152927286582478,0,2,0.11603740907516454,0.8620401337792643,0.12316715542521994,1570,2887
36061008603,Census Tract 86.03; New York County; New York,61,20,0,1.227364185110664,-0.9595924656135256,Not significant,Not significant,Not significant,19,5603.643636766136,30287.107655017826,22,0.723801569042924,1,4,0.04024144869215292,0.3066420664206642,0.2874046805153826,2936,4970
36061023100,Census Tract 231; New York County; New York,250,105,0,3.5053280987100393,2.794938806188647,Hot 95%,High-High,p <= 0.05,143,5578.045045316551,67177.41506605192,61,0.11670294346651211,4,17,0.20998593530239099,0.8230543318649045,0.09290709290709291,4458,7132
36005043400,Census Tract 434; Bronx County; New York,386,144,0,9.844427441979088,1.201401840787848,Not significant,Not significant,Not significant,120,22114.856726547612,130654.13701023227,18,0.1676298260933698,17,1,0.2598826829890334,0.6086412022542267,0.011145510835913313,1827,3921
36005044400,Census Tract 444; Bronx County; New York,158,82,0,3.680409969718146,0.01198481703649852,Not significant,Not significant,Not significant,66,12896.472464777336,92956.67758723028,29,0.7038328853357435,14,3,0.1563009550430934,0.39325842696629215,0.01995870612525809,2101,4293
36005045600,Census Tract 456; Bronx County; New York,163,55,0,4.588963963963964,1.3538236715964793,Not significant,Not significant,Not significant,212,26726.348812890476,132430.7106403843,29,0.8008963242408099,68,0,0.01829954954954955,0.3294987674609696,0,1594,3552
36005005100,Census Tract 51; Bronx County; New York,654,258,0,9.007023825919294,7.964587949978596,Hot 99%,High-High,p <= 0.0001,149,71327.93021281516,239732.83119537868,24,0.1867173233962584,18,6,0.38176559702520313,0.9351535836177475,0.017108352901710835,4495,7261
36005018302,Census Tract 183.02; Bronx County; New York,256,113,0,7.7693474962063735,1.109233711069969,Not significant,Not significant,Not significant,32,9363.532641554644,54707.196005342725,11,0.5818873168350711,3,3,0.23884673748103186,0.8539944903581267,0.006160164271047228,1834,3295
36005020501,Census Tract 205.01; Bronx County; New York,295,108,0,3.5131594617125166,1.0989083676165885,Not significant,Not significant,Not significant,74,3062.1349307920837,21138.81445076747,17,0.8248534729835126,6,0,0.4384899368822198,0.9201790376725103,0.004455997029335313,4997,8397
36005029302,Census Tract 293.02; Bronx County; New York,179,70,0,3.291046148189005,-0.18527456094095673,Not significant,Not significant,Not significant,169,42616.282166413985,121399.3201105359,95,0.7324373254423128,10,1,0.017672494829855237,0.33295625942684764,0.03598691384950927,3085,5439
36005032600,Census Tract 326; Bronx County; New York,156,59,0,4.4042913608131,0.12253148725208314,Not significant,Not significant,Not significant,127,11934.853457399555,124542.26129108749,27,0.3607329798582988,16,5,0.1552538370720189,0.507981220657277,0,1743,3542
36005020000,Census Tract 200; Bronx County; New York,371,144,0,8.395564607377235,0.9898917574332488,Not significant,Not significant,Not significant,314,24919.369124107263,133397.21266662073,62,0.393791235548767,7,12,0.2628467485220555,0.8013986013986014,0.03247631935047361,2259,4419
36005030900,Census Tract 309; Bronx County; New York,138,50,0,3.620146904512067,-1.3605218252893583,Cold 95%,Low-Low,p <= 0.05,148,63802.11871200915,139573.73519176617,32,1.998743766527869,69,0,0.031228784792939578,0.41539528432732314,0.02699055330634278,2280,3812
36005033400,Census Tract 334; Bronx County; New York,527,215,0,1646.875,3.5182301430435774,Hot 99%,High-High,p <= 0.01,338,68328.78048619001,123136.96350307109,12,0.6639216110711983,2,0,0.0625,1,0,12,32
36047046000,Census Tract 460; Kings County; New York,88,24,0,2.9362696029362696,-2.034264761146619,Cold 99%,Low-Low,p <= 0.01,53,18854.196057584057,71848.33489563213,59,0.4272856223404528,2,13,0.20053386720053387,0.578391551584078,0.04942084942084942,1470,2997
36047051602,Census Tract 516.02; Kings County; New York,112,48,0,3.2211676732815646,-1.0284637666621348,Not significant,Not significant,Not significant,12,9140.347905418601,48646.66627810976,8,0.49462362930598536,4,2,0.10823812387251955,0.9669711876317639,0.07175472928897586,1763,3477
36047111600,Census Tract 1116; Kings County; New York,237,107,0,6.2204724409448815,1.3581565644615385,Not significant,Not significant,Not significant,101,8448.64289088901,184132.13636137766,26,0.7575712808634715,26,7,0.22250639386189258,0.6517857142857143,0.0967741935483871,2226,3810
36047152200,Census Tract 1522; Kings County; New York,148,63,0,5.080672845863371,-0.8833506934002755,Not significant,Not significant,Not significant,97,17671.271180753396,158575.2590273818,58,0.22775021184237915,11,5,0.036744505494505496,0.2836979534227241,0,1239,2913
36047048500,Census Tract 485; Kings County; New York,341,114,0,14.394259181089067,-0.16758321038462376,Not significant,Not significant,Not significant,80,49866.89957765394,252760.4612012721,56,0.29678360523398567,11,6,0.25223309230114843,0.8891013384321224,0.005703422053231939,1264,2369
36047080800,Census Tract 808; Kings County; New York,219,85,0,10.714285714285714,-0.6134874044283797,Not significant,Not significant,Not significant,25,7668.779020284417,49870.314531406715,31,0.909175141882822,2,4,0.7117465224111282,1,0.05590851334180432,1077,2044
36081030600,Census Tract 306; Queens County; New York,246,89,0,4.459753444525018,0.5594082818150782,Not significant,Not significant,Not significant,166,43027.55730192776,341932.02110972407,29,4.240872560553455,27,2,0.11725417439703154,0.35906271536871126,0.04852459016393443,2679,5516
36081042400,Census Tract 424; Queens County; New York,48,30,0,1.8099547511312217,-0.997116403468435,Not significant,Not significant,Not significant,61,21762.580426399047,177088.62869973667,62,2.153913542858712,24,5,0.017444065225635193,0.17476851851851852,0.05573770491803279,1478,2652
36081071304,Census Tract 713.04; Queens County; New York,47,15,0,0.7399244332493703,-1.3639452354272046,Not significant,Not significant,Not significant,18,955.6695697305006,55281.95180254569,5,0.28402885706810926,0,0,0.12594458438287154,0.5309677419354839,0.023006618342262843,3634,6352
36081071701,Census Tract 717.01; Queens County; New York,84,25,0,1.6870857601928098,-1.3950994795507259,Not significant,Not significant,Not significant,37,6122.487616523183,56372.27933746518,27,0.22137472373844813,3,0,0.17014865407794294,0.516008316008316,0.11904761904761904,2657,4979
36081127700,Census Tract 1277; Queens County; New York,124,33,0,4.1610738255033555,-1.67846378773009,Cold 99%,Low-Low,p <= 0.01,141,36099.03422957453,345339.59538276895,55,1.3063132187041266,17,2,0.08341742347796838,0.11037735849056604,0.10245554614733277,1364,2980
36081020500,Census Tract 205; Queens County; New York,65,20,0,4.909365558912387,-1.047131097491981,Not significant,Not significant,Not significant,91,44644.633567315774,153509.40261927084,6,1.4403870202217932,35,1,0.054380664652567974,0.413953488372093,0.029345372460496615,583,1324
36081043701,Census Tract 437.01; Queens County; New York,144,60,0,4.1522491349480966,-0.2905569697127494,Not significant,Not significant,Not significant,34,9175.225155461938,65226.63968901287,6,1.3627529898543675,5,1,0.23265306122448978,0.7644927536231884,0.04936854190585534,1605,3468
36081093401,Census Tract 934.01; Queens County; New York,30,12,0,0.7090522335145356,-1.143487773334101,Not significant,Not significant,Not significant,190,5929.8431349971415,192616.4026405704,36,0.9381814238555477,16,5,0.12694174757281554,0.35636856368563685,0.056265984654731455,2364,4231
36081099801,Census Tract 998.01; Queens County; New York,190,96,0,2.105729801618087,0.1497274191337169,Not significant,Not significant,Not significant,66,23000.62045291246,141616.16679272242,15,0.3925126273153373,19,9,0.1653832892770946,0.7254977029096478,0.04041146216017634,4861,9023
36081108500,Census Tract 1085; Queens County; New York,58,22,0,2.075134168157424,-1.6503283245066074,Cold 95%,Low-Low,p <= 0.05,72,20957.006558928635,178244.71458342648,12,3.743715263614883,8,0,0.08953068592057761,0.2335216572504708,0.06596306068601583,1512,2795
36081109300,Census Tract 1093; Queens County; New York,70,17,0,2.414625733011383,-1.7347347141770564,Cold 95%,Low-Low,p <= 0.01,129,27988.454290221,354312.1476340734,69,5.011578960856635,22,10,0.06196581196581197,0.05416248746238716,0.028265107212475632,1459,2899
36081077908,Census Tract 779.08; Queens County; New York,59,24,0,1.9274746814766417,-0.8833420965954224,Not significant,Not significant,Not significant,9,3736.194112567172,47292.898200282136,12,1.9195025969519957,0,1,0.16850730317064483,0.9321608040201005,0.09201520912547528,1358,3061
36081079702,Census Tract 797.02; Queens County; New York,134,38,0,3.6945133719327266,1.348841886426756,Not significant,Not significant,Not significant,54,7389.127169104624,54607.74867840869,9,0.9184765892415752,2,1,0.3416046319272126,0.8062982768865122,0.01,1608,3627
36081099705,Census Tract 997.05; Queens County; New York,34,10,0,1.2086740135087095,-1.4208445146354427,Cold 95%,Low-Low,p <= 0.05,53,20608.25157426221,62464.10576294564,5,4.824350930690571,4,0,0.13153217205830076,0.20695364238410596,0.1303095752339813,1396,2813
36085018100,Census Tract 181; Richmond County; New York,47,23,0,1.305918310641845,-2.7179128648718267,Cold 99%,Low-Low,p <= 0.0001,183,88928.53602923872,389948.6742824881,74,1.467645320668697,93,3,0.18508454106280192,0.3859773371104816,0.027548209366391185,1953,3599
36085017014,Census Tract 170.14; Richmond County; New York,34,12,0,0.8210577155276503,-2.1201545758600466,Cold 99%,Low-Low,p <= 0.0001,69,36365.931190585645,148050.8646447024,38,1.6226121687493171,17,4,0.049021975368268536,0.2111801242236025,0.05516431924882629,2164,4141
36085020702,Census Tract 207.02; Richmond County; New York,250,105,0,8.53825136612022,0.2597063186167707,Not significant,Not significant,Not significant,83,29948.38811133668,158596.95734141575,31,4.807359092220652,39,19,0.3048696844993141,0.4857142857142857,0.13855970829535097,1303,2928
36085012805,Census Tract 128.05; Richmond County; New York,19,7,0,0.7969798657718121,-1.6041931297042369,Cold 99%,Low-Low,p <= 0.01,55,41230.95924206077,175618.3213841986,51,1.3685960641388535,546,10,0.040268456375838924,0.21660181582360571,0.043424317617866005,1147,2384
36005001902,Census Tract 19.02; Bronx County; New York,408,135,0,19.624819624819626,1.2645655442700838,Not significant,Not significant,Not significant,139,148269.63505054178,329781.79995829664,16,0.244953727625848,21,6,0.39558823529411763,0.9182692307692307,0.0502283105022831,911,2079
36005046207,Census Tract 462.07; Bronx County; New York,97,44,0,1.4843152257077277,0.9392876918695595,Not significant,Not significant,Not significant,80,29941.698698446682,64442.65637854204,5,0.602494322570145,0,0,0.16159143075745983,0.5042911088225197,0.01120162932790224,3447,6535
36005006301,Census Tract 63.01; Bronx County; New York,1514,562,0,21.466042818658728,5.0022202067423,Hot 95%,High-High,p <= 0.05,338,52788.90771654311,197116.63925907091,60,0.40703432454570176,29,6,0.3445581131003126,0.8229885057471265,0.014881915237787124,3382,7053
36005038303,Census Tract 383.03; Bronx County; New York,163,58,0,4.451119606772256,1.2541511251007695,Not significant,Not significant,Not significant,14,11297.659860581902,33195.65827969267,5,0.39687775394945246,2,3,0.2579582875960483,0.9838318512530315,0.019809825673534072,2080,3662
36005002001,Census Tract 20.01; Bronx County; New York,52,22,0,1.238390092879257,0.0015096623844164953,Not significant,Not significant,Not significant,51,3799.6148079331015,24327.094382605967,15,1.451090448450599,3,0,0.523948456114758,1,0.013690815744438107,2683,4199
36005046204,Census Tract 462.04; Bronx County; New York,51,27,0,0.9697661152310325,0.3169180948980291,Not significant,Not significant,Not significant,20,1629.9312402277233,15743.383258350499,6,1.230547472413082,0,0,0.10291040517405364,0.5804081632653061,0,3121,5259
36005038304,Census Tract 383.04; Bronx County; New York,73,29,0,3.2720753025549083,4.027462923622606,Hot 99%,Low-High,p <= 0.01,3,1480.871792987107,12028.550895651695,11,0.48767929638448687,0,0,0.48136067101584346,1,0.028768699654775604,1142,2231
36047059403,Census Tract 594.03; Kings County; New York,49,16,0,1.6002612671456564,-1.3826590291978398,Not significant,Not significant,Not significant,29,2240.2610956280064,67536.98996197693,41,0.5900504956526538,0,1,0.09242325277596342,0.48874887488748875,0.16779026217228465,1322,3062
36047009002,Census Tract 90.02; Kings County; New York,18,5,0,1.1620400258231116,-1.4244737476916385,Not significant,Not significant,Not significant,3,0,12008.94986212372,0,0.16252715891174174,2,1,0.05551969012265978,0.8816120906801007,0.09360730593607305,690,1549
36047079002,Census Tract 790.02; Kings County; New York,96,37,0,3.468208092485549,-0.9891449387547568,Not significant,Not significant,Not significant,62,4013.1782492364277,51934.05776611412,7,0.38251294993927215,0,1,0.1795520231213873,0.9185303514376997,0.18754055807916936,1520,2768
36047014901,Census Tract 149.01; Kings County; New York,31,11,0,2.012987012987013,-1.8103819403998012,Cold 99%,Low-Low,p <= 0.01,11,364.12026176815226,20810.464139888194,33,0.41530649468686437,1,1,0.08376623376623377,0.5637795275590551,0.020061728395061727,844,1540
36047014902,Census Tract 149.02; Kings County; New York,64,18,0,1.5786877158362111,-1.9075668454070234,Cold 99%,Low-Low,p <= 0.01,46,11794.078068056491,76278.17492609636,40,0.544932823002771,8,2,0.06018746916625555,0.6778846153846154,0.028037383177570093,1877,4054
36047034901,Census Tract 349.01; Kings County; New York,85,29,0,3.657487091222031,0.1598621403245161,Not significant,Not significant,Not significant,0,3080.7191913398246,35945.023414544376,7,0.31002487217828517,3,2,0.18502581755593803,0.9742962056303549,0.05983889528193326,1276,2324
36047056302,Census Tract 563.02; Kings County; New York,120,40,0,4.899959167006942,-0.4209612988633592,Not significant,Not significant,Not significant,18,22562.770375735738,55488.94614812923,15,0.6580004578191053,11,0,0.09881584320130665,0.9874476987447699,0.040160642570281124,1399,2449
36047050001,Census Tract 500.01; Kings County; New York,53,15,0,2.322524101665206,-1.8422704206407492,Cold 99%,Low-Low,p <= 0.01,42,5084.255202785706,52391.45588038346,29,0.26349937182262,0,2,0.1200701139351446,0.4052910052910053,0.055944055944055944,1110,2282
36047010802,Census Tract 108.02; Kings County; New York,103,26,0,4.2579578338156265,-1.326620806908095,Not significant,Not significant,Not significant,28,736.6489458943788,32913.699274798266,9,0.704438639644502,1,0,0.27378964941569284,0.8144329896907216,0.1689106487148103,1233,2419
36047058901,Census Tract 589.01; Kings County; New York,79,20,0,3.7565382786495483,-0.9736649817087446,Not significant,Not significant,Not significant,25,14859.949256877053,127799.66639631598,19,0.7707773499751484,1,0,0.11602472658107466,0.8041349292709467,0.018162393162393164,1133,2103
36047011901,Census Tract 119.01; Kings County; New York,173,57,0,12.554426705370101,-0.8712561948626155,Not significant,Not significant,Not significant,63,29920.73584397614,163718.06864514216,44,0.34662511768973153,17,7,0.11764705882352941,0.6649305555555556,0.1615720524017467,615,1378
36047050002,Census Tract 500.02; Kings County; New York,21,6,0,1.3565891472868217,-1.2619072107639053,Not significant,Not significant,Not significant,0,1582.1556470524472,14802.666646033811,24,0.39061027642157675,0,0,0.03359173126614987,0.6828528072837633,0.10217983651226158,755,1548
36081017102,Census Tract 171.02; Queens County; New York,146,53,0,42.44186046511628,-0.23551645955431932,Not significant,Not significant,Not significant,36,71014.26131099355,141392.61367006533,15,0.5604964424106001,8,0,0.0641399416909621,1,0.2009132420091324,158,344
36081021601,Census Tract 216.01; Queens County; New York,101,33,0,4.020700636942675,-0.5857502061578738,Not significant,Not significant,Not significant,38,21761.445569931282,74060.46546175434,27,0.4049917014273373,0,1,0.030624744793793384,0.3718130311614731,0.13954905545399146,1228,2512
36081053901,Census Tract 539.01; Queens County; New York,176,71,0,4.262533301041414,0.05588655240318339,Not significant,Not significant,Not significant,113,11854.90277830084,139174.80352326288,34,0.5896142689472804,6,0,0.1189437984496124,0.6492307692307693,0.05137186223000584,2187,4129
36081084901,Census Tract 849.01; Queens County; New York,182,53,0,5.990783410138249,3.3472746015106756,Hot 99%,High-High,p <= 0.01,15,8912.377689102297,49501.12105011542,23,0.711736505504219,2,0,0.3423304805793285,0.8529680365296803,0.052768166089965395,1455,3038
36081021602,Census Tract 216.02; Queens County; New York,29,9,0,1.9607843137254901,0.8204064437146493,Not significant,Not significant,Not significant,19,6720.992012642297,46196.91332804084,4,0.285291968650281,4,0,0.11487889273356401,0.6018691588785047,0.07279029462738301,865,1479
36081116301,Census Tract 1163.01; Queens County; New York,76,26,0,1.7547910413299468,-0.9607854364615026,Not significant,Not significant,Not significant,12,5023.472053487371,39576.633428123096,21,0.9722211106041508,1,0,0.28506301957629393,0.7975279576221307,0.0986737400530504,2259,4331
36081019901,Census Tract 199.01; Queens County; New York,69,19,0,15.032679738562091,-0.7123612787335053,Not significant,Not significant,Not significant,31,26340.973192885278,137896.44112969388,37,0.6807460194089678,2,1,0.42686567164179107,0.5964912280701754,0.4153846153846154,181,459
36081027702,Census Tract 277.02; Queens County; New York,106,32,0,3.12040035325287,0.9712636530706994,Not significant,Not significant,Not significant,23,3374.48927563454,44316.20498349421,24,0.6770410103769431,0,2,0.1597738768223743,0.4345583494519665,0.09930313588850175,1754,3397
36081066401,Census Tract 664.01; Queens County; New York,51,20,0,2.2757697456492636,-1.1555323578143657,Not significant,Not significant,Not significant,46,17002.8276940146,79027.22354594966,16,4.794792555117053,112,1,0.1137589928057554,0.4891304347826087,0,1097,2241
36081000701,Census Tract 7.01; Queens County; New York,516,279,160,13.979951232728258,0.528519574901068,Not significant,Not significant,Not significant,110,34495.09016145481,109177.7983261705,67,0.06785181252151463,4,7,0.051205635329179086,0.5828402366863905,0.12886597938144329,1787,3691
36061012601,Census Tract 126.01; New York County; New York,132,53,0,1.8819503849443968,-0.7216228438547302,Not significant,Not significant,Not significant,48,1230.7648771003085,33528.149988973826,63,0.12399135003849839,3,5,0.043912175648702596,0.4140145170295924,0.2888624181060155,3872,7014
36061015502,Census Tract 155.02; New York County; New York,79,22,0,1.4363636363636363,-0.2732633036307835,Not significant,Not significant,Not significant,40,11896.610356732166,43317.42446709731,6,0.8324444114743798,4,0,0.12672727272727272,0.4417024320457797,0.14390691977954684,2693,5500
36061015302,Census Tract 153.02; New York County; New York,220,95,0,4.038179148311307,-0.12257749284919586,Not significant,Not significant,Not significant,45,5042.928246759432,48178.49695649727,27,0.22392117500757397,0,0,0.06149045521292217,0.6365703150373498,0.24847449353185258,2591,5448
36061007002,Census Tract 70.02; New York County; New York,160,59,0,4.599022707674619,1.4265576920122676,Not significant,Not significant,Not significant,28,4674.722194725506,23002.20595428476,61,0.427099707627621,1,0,0.0799080195458465,0.8656934306569343,0.12141941000427534,2094,3479
36085022801,Census Tract 228.01; Richmond County; New York,27,13,0,72.97297297297297,-1.9379354576834582,Cold 99%,Low-Low,p <= 0.01,27,36184.038442857265,95380.61810361924,7,3.4630680765023785,7,0,0,0.6,0,9,37
36047033702,Census Tract 337.02; Kings County; New York,101,27,0,5.067737079779227,-0.7535111895356332,Not significant,Not significant,Not significant,20,8525.30818992845,48791.15392434909,28,0.0523418995140369,0,0,0.15206611570247933,0.6452173913043479,0.03361344537815126,1031,1993
36061015403,Census Tract 154.03; New York County; New York,77,34,0,1.52324431256182,-0.23398411527996335,Not significant,Not significant,Not significant,12,782.7895692117817,21534.961328712943,4,0.30609076265949886,0,0,0.10979228486646884,0.5617259288853376,0.12298528381219341,2680,5055
36061013602,Census Tract 136.02; New York County; New York,55,18,0,0.8630158481092107,-1.9213309909708913,Cold 99%,Low-Low,p <= 0.0001,22,747.2066456012111,22245.828496212573,11,0.7225182088326312,0,1,0.013023693707829907,0.5766233766233766,0.06391108023619312,3632,6373
36061006000,Census Tract 60; New York County; New York,86,37,0,1.69391372857987,1.4681208963499526,Hot 95%,Not significant,Not significant,21,13711.934368103268,32209.579968456586,8,0.9657734009943142,0,0,0.048453811305889306,1,0.08920919361121932,2547,5077
36061009000,Census Tract 90; New York County; New York,194,70,0,2.6799281668738777,2.4003431498293426,Hot 95%,High-High,p <= 0.05,47,5551.062221512766,62703.52609857901,90,0.5173109632231385,0,7,0.08683007893643539,0.7354868913857678,0.3060428849902534,3935,7239
36061015001,Census Tract 150.01; New York County; New York,44,17,0,2.055114432508174,-0.3225329309138897,Not significant,Not significant,Not significant,32,505.207968661147,16510.486651425977,4,0.3215162969982385,0,0,0.03456328818309201,0.5929456625357483,0.2337472607742878,1202,2141
36061025500,Census Tract 255; New York County; New York,272,98,0,4.890327220424308,3.027229394517264,Hot 95%,High-High,p <= 0.05,159,2354.773958639072,45344.98597892518,23,0.6877811063680853,3,0,0.20004372540446,0.8485324947589099,0.12557286892758937,3550,5562
36061015602,Census Tract 156.02; New York County; New York,234,105,0,10.427807486631016,0.9920228637481904,Not significant,Not significant,Not significant,34,5768.494054921653,43271.045411506835,23,0.118648706967678,0,0,0.17759928603302097,0.9050847457627119,0.09090909090909091,1203,2244
36061026700,Census Tract 267; New York County; New York,48,14,0,2.1553659631791646,0.9557322375687464,Not significant,Not significant,Not significant,7,2227.0100603299366,12002.985709782859,9,0.4078912491581262,1,0,0.1727810650887574,1,0.0794392523364486,875,2227
36061028700,Census Tract 287; New York County; New York,292,100,0,7.913279132791328,0.7820892727320153,Not significant,Not significant,Not significant,170,27692.950709399578,86513.47211625507,22,0.7483919712662414,2,2,0.16585365853658537,0.9290085679314566,0.08612975391498881,1854,3690
36061028300,Census Tract 283; New York County; New York,243,78,0,3.0223880597014925,1.4750470389561265,Not significant,Not significant,Not significant,135,23553.307127213004,59696.06853910697,15,0.32299533037118106,0,1,0.1651802537369677,0.7138005557270762,0.05733410942956926,4544,8040
36061013100,Census Tract 131; New York County; New York,445,156,0,12.769010043041607,7.423571738638771,Hot 99%,High-High,p <= 0.001,47,3464.5692279636487,57448.54656607363,87,0.0833492658818237,0,1,0.09020172910662824,0.8875555555555555,0.17035398230088494,1801,3485
36061009800,Census Tract 98; New York County; New York,225,76,0,2.535496957403651,1.7246688176659695,Not significant,Not significant,Not significant,106,3919.86490265077,66378.09209147576,76,0.22368763804379269,1,12,0.12117447769621682,0.557279489904357,0.19296740994854203,5148,8874
36061012500,Census Tract 125; New York County; New York,1190,425,0,44.00887573964497,10.511674772591594,Hot 99%,High-High,p <= 0.0001,67,5052.265930576848,63082.65572011179,102,0.007346388923113641,0,0,0.1208955223880597,0.9214876033057852,0.2913616398243045,1287,2704
36061015900,Census Tract 159; New York County; New York,362,163,0,3.9373504459430064,0.17580631316496784,Not significant,Not significant,Not significant,94,18013.216905177418,87360.61288409085,63,0.5165665403413561,7,1,0.052316728301065915,0.4660475914103308,0.18017446471054718,4780,9194
36061010602,Census Tract 106.02; New York County; New York,128,52,0,2.4549290372075183,-0.8924532671452818,Not significant,Not significant,Not significant,63,14888.67640382523,60504.2010217206,35,0.41082957044040935,0,1,0.08886324293133295,0.7087604846225536,0.19504876219054765,2578,5214
36061013900,Census Tract 139; New York County; New York,261,93,0,2.622588424437299,3.491810571174498,Hot 99%,High-High,p <= 0.01,42,7168.399406420966,66783.0317822357,49,0.37351848922057834,0,4,0.039927404718693285,0.7047068538398018,0.15421148205056573,4121,9952
36061011300,Census Tract 113; New York County; New York,2175,837,0,1599.264705882353,17.361050468813378,Hot 99%,High-High,p <= 0.0001,47,7258.93850586323,56777.382256797486,73,0.06549546933087555,0,0,0.5441176470588235,0.7142857142857143,0.6016260162601627,34,136
36061019800,Census Tract 198; New York County; New York,377,154,0,15.013938669852648,5.250898869024864,Hot 99%,High-High,p <= 0.01,210,7098.932337925722,66974.72766456254,30,0.4027212273128386,3,2,0.12748835239305378,0.5519922254616132,0.08938053097345133,1276,2511
36061010100,Census Tract 101; New York County; New York,801,265,0,43.01825993555317,10.580517961048166,Hot 99%,High-High,p <= 0.0001,46,16705.250838649918,52767.75068421734,37,0.08257286879027834,0,0,0.18796992481203006,1,0.09590100541376644,986,1862
36061016001,Census Tract 160.01; New York County; New York,64,30,0,2.0525978191148173,-0.3717267173771817,Not significant,Not significant,Not significant,55,4523.547131271408,46159.34517268753,26,0.35899082897063656,0,0,0.027581783194355357,0.17796610169491525,0.23491271820448878,1687,3118
36061019900,Census Tract 199; New York County; New York,200,79,0,2.242655303879794,0.09152997100829566,Not significant,Not significant,Not significant,73,8910.227945105515,54540.70296435771,87,0.4112141470475918,2,1,0.19702970297029704,0.66270337922403,0.20477730778800696,4278,8918
36061024500,Census Tract 245; New York County; New York,661,223,0,4.534540714824724,2.305492256853845,Not significant,Not significant,Not significant,91,7362.746813137383,93478.4056020787,30,0.19609996475866362,2,1,0.31549701584688206,0.9792355751561925,0.07464716884883524,6677,14577
36061018300,Census Tract 183; New York County; New York,585,245,0,6.931279620853081,1.0647318473509548,Not significant,Not significant,Not significant,98,8937.15996027844,76916.13017602044,49,0.4982138274865059,0,4,0.17334123222748815,0.6537758035014372,0.18418247708377744,4113,8440
36061022200,Census Tract 222; New York County; New York,548,254,0,15.243393602225312,3.296308711939045,Hot 95%,High-High,p <= 0.05,109,2167.9117478663757,53847.79234988226,52,0.28551033367927486,2,3,0.18720445062586927,0.697644812221515,0.13204419889502764,1779,3595
36061022500,Census Tract 225; New York County; New York,444,156,0,3.9198375562814514,3.1694803293831932,Hot 95%,High-High,p <= 0.05,87,6864.889867642562,64209.27260064171,33,0.38274501777045183,1,9,0.2477357485348961,0.829133064516129,0.021213616181549086,5634,11327
36061011100,Census Tract 111; New York County; New York,971,620,443,20.611335172999365,13.275719663070642,Hot 99%,High-High,p <= 0.0001,38,14085.940127228187,54797.35959721093,69,0.31181257763107534,4,7,0.1501597444089457,0.8905325443786982,0.09926715522984676,2189,4711
36061000201,Census Tract 2.01; New York County; New York,57,19,0,2.1380345086271566,0.5591371522387931,Not significant,Not significant,Not significant,22,2999.620822222088,22144.920472655736,18,0.5912236392603273,1,3,0.5136260408781226,1,0.12164948453608247,1047,2666
36061017800,Census Tract 178; New York County; New York,275,91,0,7.263602746962493,1.9706646272043638,Hot 95%,Not significant,Not significant,109,1667.6131319450667,44511.252818047535,62,0.9589547931451722,17,8,0.2987321711568938,0.8750670241286863,0.13817005545286506,2022,3786
36061000202,Census Tract 2.02; New York County; New York,147,47,0,2.173591601360343,0.1029933219935894,Not significant,Not significant,Not significant,88,29333.29947127891,82969.87774329253,26,0.9524295842915415,2,0,0.28662323890319646,0.6822636737274739,0.09988616960728515,3158,6763
36061004100,Census Tract 41; New York County; New York,358,147,0,5.196690375961678,6.324050863731669,Hot 99%,High-High,p <= 0.001,95,6709.242375606459,91569.90940719294,51,0.2655302970148637,9,1,0.13410315627405697,0.9295638126009693,0.17708056367987238,3680,6889
36061024301,Census Tract 243.01; New York County; New York,237,81,0,5.063020722067934,2.364018399593538,Hot 95%,High-High,p <= 0.05,34,6532.316169673468,50552.171637551546,14,0.09554736355971763,3,0,0.1669971359330249,0.9001895135818067,0.05717689100655152,2369,4681
36061002700,Census Tract 27; New York County; New York,64,16,0,5.812897366030881,2.5676020238045365,Hot 95%,Low-High,p <= 0.05,36,17136.753922198397,38418.52307880817,8,0.379315051052355,2,0,0.09041095890410959,0.19516129032258064,0.17553191489361702,509,1101
36061008000,Census Tract 80; New York County; New York,187,71,0,3.515698439556308,2.9683142992211855,Hot 95%,High-High,p <= 0.05,34,3946.8090637272867,68957.65114023606,43,0.27696364806739765,0,9,0.06596153846153846,0.5604240282685512,0.2473404255319149,2428,5319
36061003100,Census Tract 31; New York County; New York,401,163,0,13.780068728522338,4.2018480259778554,Hot 99%,High-High,p <= 0.01,143,28327.85457194831,106901.94334265271,114,0.23349102259826215,2,0,0.14090368608799048,0.7399756986634265,0.2899050905953408,1442,2910
36061012700,Census Tract 127; New York County; New York,616,228,0,9.766925638179801,8.324166924792873,Hot 99%,High-High,p <= 0.0001,76,4657.962443649854,64480.83895816827,54,0.32787509365205125,0,8,0.11241477723164738,0.7328151566674763,0.12701441899915183,2253,6307
36061007100,Census Tract 71; New York County; New York,481,168,0,9.195182565475053,6.709781106736069,Hot 99%,High-High,p <= 0.001,106,9190.6523191475,82109.93536569478,110,0.2634988828029328,2,8,0.038908246225319396,0.6553784860557769,0.31062894809118374,2876,5231
36061029500,Census Tract 295; New York County; New York,229,82,0,3.0270984798413747,1.80755802294667,Not significant,High-High,p <= 0.05,84,10091.122796512896,45381.83988648812,41,0.2941460788307129,4,0,0.05539397144368059,0.8621823617339313,0.04401257502143469,3623,7565
36061022800,Census Tract 228; New York County; New York,433,209,55,7.57920532119727,2.4101819071220008,Hot 95%,High-High,p <= 0.05,65,5541.980222292134,65702.64278282937,59,0.28157549183984937,15,10,0.24439343104361647,0.6823234134098243,0.16371814092953524,2732,5713
36061013700,Census Tract 137; New York County; New York,571,223,0,8.651515151515152,4.6128418407648955,Hot 99%,High-High,p <= 0.01,100,10357.211299440518,86712.47511392986,59,0.0710543771108862,1,0,0.07671191093487875,0.621482683982684,0.3404710920770878,2608,6600
36061006600,Census Tract 66; New York County; New York,329,114,0,2.9816929490665216,2.503655547870885,Hot 95%,High-High,p <= 0.05,40,6051.502988561664,55255.19759813166,46,0.5400010423439527,0,0,0.16091736163760426,0.708754470533354,0.10593632698456833,5963,11034
36061018600,Census Tract 186; New York County; New York,69,27,0,1.1304062909567496,0.9001273079169069,Not significant,Not significant,Not significant,25,5511.03623626089,34196.51902209933,33,0.17836941437193343,0,0,0.294532917419143,0.9601010101010101,0.05172413793103448,3156,6104
36061019000,Census Tract 190; New York County; New York,166,65,0,4.444444444444445,2.093662531973561,Hot 95%,Low-High,p <= 0.05,28,4653.151628159994,47940.01295759571,29,0.16991557665381915,6,1,0.12449799196787148,0.5927051671732523,0.13421052631578947,2158,3735
36061018800,Census Tract 188; New York County; New York,416,160,0,8.87940234791889,5.059278680297537,Hot 99%,High-High,p <= 0.01,169,57.35506687777477,52926.543731052414,63,0.3853032627630685,11,3,0.30538922155688625,0.9682539682539683,0.1346153846153846,2028,4685
36061018700,Census Tract 187; New York County; New York,234,84,0,2.361966286464116,2.1808364222500716,Hot 95%,High-High,p <= 0.05,66,10421.935173742153,69806.0462865834,32,0.5664459560552209,0,1,0.09653214358142365,0.7415485278080698,0.11826923076923077,5344,9907
36061006900,Census Tract 69; New York County; New York,211,51,0,7.870197687430063,3.137154098087288,Hot 95%,High-High,p <= 0.05,116,22288.354490195445,83653.86781136914,43,0.7486949149471239,1,0,0.03600514359194171,0.5775225594749795,0.2099805573558004,1400,2681
36061014500,Census Tract 145; New York County; New York,419,151,0,5.71701459953609,1.234954937566388,Not significant,Not significant,Not significant,64,13739.22992661752,63967.02397064665,48,0.2615993598016318,1,1,0.06129568106312292,0.7288980070339977,0.22718006795016987,3932,7329
36061005700,Census Tract 57; New York County; New York,231,80,0,8.884615384615385,4.489843935995698,Hot 99%,High-High,p <= 0.01,69,6800.140554033633,53704.51539090601,26,0.10360938827634668,1,0,0.08265739667825416,0.6236162361623616,0.22792022792022792,1435,2600
36061003602,Census Tract 36.02; New York County; New York,110,35,0,3.1939605110336817,4.111962508822456,Hot 99%,Low-High,p <= 0.01,29,8392.62244455091,39832.10018506571,16,0.13094806192236605,1,0,0.2413904087544255,0.8474240422721269,0.14074914869466515,1326,3444
36061000700,Census Tract 7; New York County; New York,311,120,0,3.4048609590540835,2.7102640045480846,Hot 95%,High-High,p <= 0.05,113,33886.46622726617,104976.9979866164,158,0.18143869531264534,0,0,0.037661484563170575,0.8135528330781011,0.236592137951191,4501,9134
36061001001,Census Tract 10.01; New York County; New York,35,13,0,2.005730659025788,-0.6447522322484543,Not significant,Not significant,Not significant,61,6505.633087208826,9581.549236320127,0,1.3651277264240278,6,0,0.03954154727793696,0.17733990147783252,0.053613053613053616,967,1745
36061010000,Census Tract 100; New York County; New York,555,316,136,34.30160692212608,2.1818073502573427,Not significant,Not significant,Not significant,53,4143.8729072406895,82516.76521888921,51,0.12128127332406782,3,3,0.0754017305315204,0.7801231310466139,0.27533460803059273,729,1618
36061027900,Census Tract 279; New York County; New York,231,85,0,2.409512882027746,2.479535071577314,Hot 95%,High-High,p <= 0.05,79,12050.50564285496,61667.03583326013,24,0.19889011221670194,11,4,0.10775007823093773,0.8795908879590888,0.022272727272727274,4389,9587
36061002100,Census Tract 21; New York County; New York,406,157,0,5.456255879586077,3.565081911249513,Hot 95%,High-High,p <= 0.01,101,27096.974633758015,129934.15250848007,108,0.12635757559752198,1,4,0.00927294718451821,0.634484794803661,0.10325655281969817,4093,7441
36061016200,Census Tract 162; New York County; New York,308,125,0,3.3047210300429186,1.1253443871115234,Not significant,Not significant,Not significant,109,9154.169691532345,67896.81409318396,26,0.9668947850656252,13,0,0.4781115879828326,0.9571366405570061,0.08718967229394241,4923,9320
36061004900,Census Tract 49; New York County; New York,351,155,0,8.35117773019272,4.478512794992383,Hot 99%,High-High,p <= 0.01,92,7047.40643945201,102231.60010213954,27,0.247219807231044,1,3,0.07611548556430446,0.6349137931034483,0.2602040816326531,2299,4203
36061007500,Census Tract 75; New York County; New York,178,62,0,4.56644433042586,2.463690946089248,Hot 95%,High-High,p <= 0.05,53,21369.002018674702,87227.48928268388,25,0.8551588112001579,4,1,0.07029245767060031,0.527898866608544,0.12576219512195122,1948,3898
36061000900,Census Tract 9; New York County; New York,355,128,0,18.05696846388606,1.9545528031787305,Not significant,Not significant,Not significant,97,26968.755031264667,97420.83905355672,219,0.39343889503693635,3,1,0.06604747162022703,0.7010078387458006,0.1646398503274088,817,1966
36061011700,Census Tract 117; New York County; New York,142,36,0,2.6477717695319782,4.392691501592683,Hot 99%,Low-High,p <= 0.01,26,19119.119827441275,44572.44648132483,35,0.5823628929781812,3,0,0.09043445832556404,0.9945165945165945,0.12742382271468145,2363,5363
36061006200,Census Tract 62; New York County; New York,191,78,0,4.915079773546063,0.6981824669948024,Not significant,Not significant,Not significant,54,14316.271811344199,51137.53724186179,46,1.2520744656424914,6,1,0.19095163806552262,1,0.21392722710163112,2012,3886
36005023702,Census Tract 237.02; Bronx County; New York,160,76,0,15.670910871694417,3.5072033452534206,Hot 99%,Low-High,p <= 0.01,5,1713.7952990676615,21990.25042321844,3,0.08169756377741581,3,0,0.33202742409402547,0.9400630914826499,0,445,1021
36005025200,Census Tract 252; Bronx County; New York,122,44,0,4.725019364833463,-0.8858017859185869,Not significant,Not significant,Not significant,117,6325.541548024273,78925.30256007737,38,0.9298767606373333,20,0,0.04981773997569866,0.7122692725298588,0.057318321392016376,1179,2582
36005016500,Census Tract 165; Bronx County; New York,411,197,57,31.35011441647597,2.421995201073895,Hot 95%,High-High,p <= 0.05,203,16360.50988682959,75944.08403031573,11,0.8931095732565711,3,2,0.21739130434782608,1,0,669,1311
36005003500,Census Tract 35; Bronx County; New York,283,109,0,8.129847744900891,1.6821138674652738,Not significant,Not significant,Not significant,56,17416.642693945014,81472.01415928201,11,0.2652805089997341,3,3,0.2240735420856076,0.9733893557422969,0.03838383838383838,1903,3481
36005021100,Census Tract 211; Bronx County; New York,305,127,0,5.150287065180682,2.346229984719721,Hot 95%,High-High,p <= 0.05,94,9212.765978282221,57841.72996861097,23,0.4853537120770983,10,1,0.3024776324845148,0.9285714285714286,0.015732546705998034,3164,5922
36005000400,Census Tract 4; Bronx County; New York,267,108,0,4.015641449842081,0.382526457674939,Not significant,Not significant,Not significant,182,35260.28755505488,170609.1633493349,14,2.870206179662783,73,5,0.04466837118363664,0.3976555455365194,0.016407982261640797,3353,6649
36005007400,Census Tract 74; Bronx County; New York,152,51,0,4.634146341463414,0.5014629923462574,Not significant,Not significant,Not significant,126,4871.2357583225285,57336.34151690487,3,1.6475441343024515,1,0,0.1926829268292683,0.7354793561931421,0.014482758620689656,1883,3280
36005040100,Census Tract 401; Bronx County; New York,552,204,0,11.623499684144031,3.9084353380758188,Hot 99%,High-High,p <= 0.01,87,22061.010744961895,83920.57360449948,13,0.34811709874712043,1,0,0.4467805519053876,0.9834254143646409,0.04317180616740088,2209,4749
36005001600,Census Tract 16; Bronx County; New York,340,151,0,6.059525931206559,1.2093957078722168,Not significant,Not significant,Not significant,173,22703.493220863984,144361.22838447776,53,1.6132828967125372,22,3,0.15162319384499906,0.7796447431589054,0.027544351073762838,3111,5611
36005006100,Census Tract 61; Bronx County; New York,185,100,0,5.491243692490353,6.707913928812378,Hot 99%,High-High,p <= 0.001,46,10854.148274812185,44588.63427470855,25,0.5458518412291146,3,0,0.10713219934347956,0.5616,0.062031015507753876,2006,3369
36005021501,Census Tract 215.01; Bronx County; New York,161,64,0,3.704555913483663,0.9737233423938639,Not significant,Not significant,Not significant,45,7078.442701081895,33467.50333765104,10,0.5543774880550156,0,0,0.3965151871909583,0.9599406528189911,0.012454212454212455,2339,4346
36005042600,Census Tract 426; Bronx County; New York,339,153,0,5.0832208726945565,0.12679369988196623,Not significant,Not significant,Not significant,213,14312.883748848548,179693.44340855564,32,0.9790350944734831,52,3,0.16428033157498115,0.33394919168591225,0.06317611423626136,3617,6669
36005015700,Census Tract 157; Bronx County; New York,554,252,0,9.00520156046814,3.2530316713721046,Hot 95%,High-High,p <= 0.05,120,25341.8850145846,113485.7338037751,60,0.5156659592602715,16,2,0.2982769830949285,0.9138302455838001,0.026017624842635333,2996,6152
36005028300,Census Tract 283; Bronx County; New York,317,139,0,13.634408602150538,2.0555141172150106,Not significant,High-High,p <= 0.05,182,18700.220558690904,67960.51765356598,41,0.26208912597565404,3,1,0.6520430107526882,0.9434865900383141,0.01509433962264151,1297,2325
36005019400,Census Tract 194; Bronx County; New York,132,51,0,6.235238545111006,1.2093957078722168,Not significant,Not significant,Not significant,305,30151.61565471007,114960.96271592728,13,0.9180183287750096,25,4,0.07841284837033538,0.48563218390804597,0.09961190168175937,1030,2117
36005016000,Census Tract 160; Bronx County; New York,145,57,0,3.768191268191268,-0.9311748297578071,Not significant,Not significant,Not significant,348,19230.389428173447,195132.74920552853,20,2.101234626113652,35,2,0.15031315240083507,0.36489151873767256,0.07929782082324455,2109,3848
36005009800,Census Tract 98; Bronx County; New York,293,114,0,7.181372549019608,1.731956290144956,Not significant,Not significant,Not significant,174,27128.4999498533,161829.88794684352,21,0.9885595683849061,20,4,0.12380250552689757,0.47393648891551826,0.07122982749026155,2028,4080
36005042500,Census Tract 425; Bronx County; New York,714,336,137,10.484581497797357,4.1290113593419875,Hot 95%,High-High,p <= 0.05,148,34131.05601729347,97886.01255732072,41,0.42055784375798394,7,0,0.33004631704766174,0.9316167159138877,0.05842607313195548,3737,6810
36005013100,Census Tract 131; Bronx County; New York,417,168,0,7.885779122541604,2.4376011175318717,Hot 95%,High-High,p <= 0.05,124,19853.097969992647,117201.14547951998,27,0.4335230155324302,22,9,0.39473185522076937,0.9015730337078651,0,3079,5288
36005008300,Census Tract 83; Bronx County; New York,466,191,0,7.412120248131064,2.5256495560730676,Hot 95%,High-High,p <= 0.05,79,21457.780401419815,101013.93047713256,13,0.2560388540783609,4,0,0.3015115354017502,0.8924536827835517,0.03150984682713348,3262,6287
36005021800,Census Tract 218; Bronx County; New York,354,125,0,5.851239669421488,2.148328267426537,Hot 95%,High-High,p <= 0.05,153,35967.604374369395,125288.12353007302,50,0.6000170294675473,23,5,0.25307820299500833,0.802490339201374,0.073587907716786,2703,6050
36005028100,Census Tract 281; Bronx County; New York,92,41,0,2.5806451612903225,1.994126483774929,Hot 95%,Low-High,p <= 0.05,26,8501.983259145241,52666.95353643859,25,0.6742530077029606,4,0,0.05451295799821269,0.548714883442917,0.06484069312465064,2218,3565
36005026300,Census Tract 263; Bronx County; New York,354,116,0,5.547719793135872,1.6910257350489817,Not significant,Not significant,Not significant,82,19344.414933138003,64962.34721058581,12,0.362021390130104,0,1,0.23628765453595682,1,0.03808301240907146,3186,6381
36005027700,Census Tract 277; Bronx County; New York,208,78,0,4.64908359409924,2.240101179625899,Hot 95%,High-High,p <= 0.05,115,24959.244474608444,81959.7912817869,28,0.28798263699592147,17,0,0.30442556995976755,0.8960893854748604,0.04431393486385478,2347,4474
36005026400,Census Tract 264; Bronx County; New York,332,133,0,5.65587734241908,0.9707372162103346,Not significant,Not significant,Not significant,333,23622.021236071196,228333.87522573594,25,0.4256236389769597,31,1,0.12504317789291883,0.7153120790300853,0.05153321976149915,3790,5870
36005029500,Census Tract 295; Bronx County; New York,175,64,0,3.819292885202968,0.2456553027371373,Not significant,Not significant,Not significant,129,23067.302364184372,100157.12591720573,31,0.6557671043859256,4,1,0.1615015277171541,0.35948361469712015,0.06238361266294227,2245,4582
36005003100,Census Tract 31; Bronx County; New York,219,82,0,7.855093256814921,2.0387688193241433,Hot 95%,High-High,p <= 0.05,27,19747.196017854916,75393.02884111997,4,0.21096723495125214,6,7,0.21951219512195122,0.8502581755593803,0.01775147928994083,1380,2788
36005033000,Census Tract 330; Bronx County; New York,313,127,0,6.0227054069655575,0.8798536896623279,Not significant,Not significant,Not significant,96,15378.562746299045,74652.14774051862,13,0.4376053022279784,3,5,0.23950712360415866,0.9027311931001437,0.07573073516386182,2769,5197
36005027300,Census Tract 273; Bronx County; New York,278,111,0,4.322811382366662,1.919054110747716,Not significant,Not significant,Not significant,88,19030.028313077048,80976.32855335888,24,0.5574394786765486,12,1,0.2672885172081055,0.9224572004028198,0.008652246256239601,3496,6431
36005042200,Census Tract 422; Bronx County; New York,153,69,0,4.767840448737925,1.1795602194630368,Not significant,Not significant,Not significant,44,13121.19863034326,77367.55812544515,25,0.29722334632384845,10,1,0.07977563103770645,0.5162538699690402,0.013740458015267175,1849,3209
36005042100,Census Tract 421; Bronx County; New York,375,154,0,6.4878892733564015,2.0106916822901972,Not significant,Not significant,Not significant,64,27050.85268524969,91333.23789647318,11,0.24908883249511954,0,0,0.3050173010380623,0.9275109170305676,0,2991,5780
36005039000,Census Tract 390; Bronx County; New York,177,81,0,5.7956777996070725,0.7703878069942807,Not significant,Not significant,Not significant,34,8682.184768162773,60250.24617380067,72,0.3353087448498035,10,4,0.18729535036018335,0.7943840579710145,0.06835443037974684,1499,3054
36005039300,Census Tract 393; Bronx County; New York,238,99,0,2.6901774612863116,4.95346682923376,Hot 99%,High-High,p <= 0.01,42,8293.476360650562,57426.46620598815,24,1.3047682052229748,4,4,0.37670920692798543,0.9841526520051747,0.029504080351537978,5572,8847
36005039901,Census Tract 399.01; Bronx County; New York,493,211,0,10.154479917610711,3.5986881835016447,Hot 95%,High-High,p <= 0.05,81,20790.395939189268,85201.14044559236,22,0.3845898606861982,3,6,0.20333745364647712,0.9851013110846245,0.03452243958573072,2447,4855
36005022901,Census Tract 229.01; Bronx County; New York,291,87,0,4.90973511051122,1.1893437851206412,Not significant,Not significant,Not significant,40,29395.219509585466,80282.78823104638,12,0.24679743013222827,5,7,0.30297397769516726,0.9847715736040609,0.03573176700930005,2948,5927
36005000200,Census Tract 2; Bronx County; New York,161,63,0,3.18118948824343,0.27147135020767676,Not significant,Not significant,Not significant,119,19912.30132906021,139024.37181284867,25,2.8790027650157497,81,16,0.12882829480339852,0.3997175141242938,0.04582210242587601,2583,5061
36005035000,Census Tract 350; Bronx County; New York,122,57,0,6.465288818229995,0.0948271051578446,Not significant,Not significant,Not significant,80,7950.184267184374,72734.22977147518,7,0.19341928218448937,11,4,0.07578166401695813,0.6227848101265823,0.09714285714285714,1050,1887
36005006500,Census Tract 65; Bronx County; New York,1108,502,0,22.054140127388536,6.0637615692459805,Hot 99%,High-High,p <= 0.01,132,41408.9007348715,144250.33809428324,50,0.35837835683196523,8,2,0.542570281124498,0.9612472160356348,0.010141093474426807,2522,5024
36005023100,Census Tract 231; Bronx County; New York,145,47,0,10.211267605633802,2.9273149976314525,Hot 95%,Low-High,p <= 0.05,45,7438.225291238329,38151.199990276895,9,0.5208916417817149,4,1,0.29106858054226475,0.9381188118811881,0.04716981132075472,664,1420
36005007500,Census Tract 75; Bronx County; New York,217,90,0,3.415709113804502,3.4683684017101415,Hot 99%,High-High,p <= 0.01,63,21122.584447338428,115349.90006649376,61,0.2714934743019579,3,11,0.4333385801983315,0.8555555555555555,0.01778496362166532,3510,6353
36005035800,Census Tract 358; Bronx County; New York,416,176,0,6.234077626255058,1.4182441267364776,Not significant,Not significant,Not significant,209,27751.838340875885,233644.50940806177,30,0.5885493304540358,39,17,0.09276187621759328,0.2732426303854875,0.07611731843575419,3465,6673
36005039400,Census Tract 394; Bronx County; New York,172,67,0,3.9787184825352764,0.8679567014977854,Not significant,Not significant,Not significant,34,8693.335522812187,62317.23593171758,13,0.29476340945937657,1,2,0.28582089552238804,0.9006466784244562,0.06794520547945206,2219,4323
36005039902,Census Tract 399.02; Bronx County; New York,358,155,0,7.586353040898495,2.18932756901627,Hot 95%,High-High,p <= 0.05,53,11210.789143844448,59113.32796549057,15,0.2696144979998124,2,1,0.2384190395240119,0.9901563404748118,0.05214050493962678,2295,4719
36005024600,Census Tract 246; Bronx County; New York,107,37,0,5.2528227785959745,0.21264127607687416,Not significant,Not significant,Not significant,78,14321.204857807148,72093.20005000205,17,0.3051976234844304,12,2,0.07156959526159921,0.6214470284237726,0.13228699551569506,917,2037
36005036400,Census Tract 364; Bronx County; New York,213,90,0,9.244791666666666,1.0550135583670068,Not significant,Not significant,Not significant,94,8113.714677465086,84231.64383490555,23,0.5153619033533338,5,8,0.09765625,0.49474912485414235,0.06543075245365322,1160,2304
36005005902,Census Tract 59.02; Bronx County; New York,206,85,0,6.823451473998013,4.390231812269517,Hot 99%,High-High,p <= 0.01,79,6398.946622178653,30012.675675580318,4,0.46136161707095225,0,0,0.3411725736999006,0.6436335403726708,0.06463326071169208,1621,3019
36005035100,Census Tract 351; Bronx County; New York,99,40,0,2.860444958104594,-0.29750797710271304,Not significant,Not significant,Not significant,166,44615.86180021598,107180.94581086416,28,0.6606963811648996,45,1,0.0731437015145918,0.5437201907790143,0.04042715484363082,1894,3461
36005031800,Census Tract 318; Bronx County; New York,91,36,0,5,0.18170338033485717,Not significant,Not significant,Not significant,118,10416.667277829732,96174.09167385368,6,0.45065619752213737,2,10,0.04209260372820205,0.32656826568265684,0.09364548494983277,897,1820
36005043000,Census Tract 430; Bronx County; New York,92,34,0,3.062583222370173,0.608576718834365,Not significant,Not significant,Not significant,135,10263.855563157696,68004.93564966423,12,0.5754816574982512,26,3,0.11651131824234354,0.37452901281085155,0.019216555801921657,1924,3004
36005020400,Census Tract 204; Bronx County; New York,153,67,0,5.408271474019088,0.9515318437643026,Not significant,Not significant,Not significant,122,10494.305769641562,62407.073058952075,3,0.5858369637279095,9,13,0.26461211477151964,0.7560728744939271,0.10344827586206896,1279,2829
36005038800,Census Tract 388; Bronx County; New York,93,47,0,3.379360465116279,0.6677979322417563,Not significant,Not significant,Not significant,27,4037.2032773758233,62337.815672555436,4,0.7771086946305685,11,3,0.20966569767441862,0.4202020202020202,0.06515580736543909,1358,2752
36005024000,Census Tract 240; Bronx County; New York,375,149,0,9.727626459143968,1.2275276280667966,Not significant,Not significant,Not significant,156,15710.115817327427,93363.82200553524,38,0.3898991839334301,28,5,0.1880674448767834,0.5481425322213799,0.09222298692360634,2022,3855
36005041300,Census Tract 413; Bronx County; New York,271,94,0,3.6976395142584253,1.2123132067408322,Not significant,Not significant,Not significant,96,25533.776798478426,91457.90697984005,18,0.18926390130238666,9,5,0.28092676872155564,0.9587371053454204,0.059670781893004114,3666,7329
36005036100,Census Tract 361; Bronx County; New York,392,161,0,8.35820895522388,2.7471593443955533,Hot 95%,High-High,p <= 0.05,67,10756.660802293567,58431.14944294397,9,0.22105650911696695,7,4,0.48888413852073537,0.9649568308786186,0.10945273631840796,2522,4690
36085001700,Census Tract 17; Richmond County; New York,39,11,0,2.380952380952381,-0.16012149409511325,Not significant,Not significant,Not significant,80,21785.2796117219,101716.3611557137,20,0.6196975185980999,45,0,0.09277708592777086,0.4117647058823529,0.1172106824925816,1010,1638
36085002001,Census Tract 20.01; Richmond County; New York,37,19,0,1.2741046831955922,-1.7589914956420265,Cold 99%,Low-Low,p <= 0.01,111,27341.468816632,150798.77768565036,25,1.1856492652455417,14,1,0.0371900826446281,0.2804476629361422,0.01299545159194282,1779,2904
36085002100,Census Tract 21; Richmond County; New York,401,156,0,7.1314245064911965,-0.04156369899840745,Not significant,Not significant,Not significant,300,77188.44311624991,299211.8961673474,48,0.34598854369283927,76,79,0.23944414751469803,0.8004629629629629,0.09509844993715962,2906,5623
36085003600,Census Tract 36; Richmond County; New York,43,17,0,1.644359464627151,-1.951034957185936,Cold 99%,Low-Low,p <= 0.01,90,42132.9769060215,158622.90835551714,25,1.1179843597082761,27,0,0.13228527607361965,0.33218390804597703,0.11495422177009156,1147,2615
36085004700,Census Tract 47; Richmond County; New York,61,24,0,2.074124447466848,-1.8123913470401665,Cold 99%,Low-Low,p <= 0.01,158,75921.11619229321,267176.6310555638,22,1.5235700385679474,38,7,0.07512315270935961,0.41594827586206895,0.1294559099437148,1357,2941
36085005000,Census Tract 50; Richmond County; New York,63,26,0,1.3493253373313343,-2.1813465480777374,Cold 99%,Low-Low,p <= 0.001,194,44439.3968423321,198571.5513990666,41,0.2007962268844575,51,2,0.10646958011996573,0.272,0.00727994705493051,2274,4669
36085010500,Census Tract 105; Richmond County; New York,166,75,0,2.9448288096505233,-1.1771706392962014,Cold 95%,Low-Low,p <= 0.05,126,58797.27025698448,301762.23229428055,35,3.1544058939560538,43,2,0.17444543034605148,0.4847285067873303,0.0937980522808816,2567,5637
36085012100,Census Tract 121; Richmond County; New York,56,20,0,1.7868538608806637,-1.2621342523627737,Not significant,Not significant,Not significant,133,49221.21203099865,294149.9750119722,37,2.9285756760041486,39,5,0.01148691767708998,0.021081576535288724,0.1229903536977492,1703,3134
36085012804,Census Tract 128.04; Richmond County; New York,126,46,0,2.6141078838174274,-1.195722640637329,Not significant,Not significant,Not significant,121,82715.26161071398,206534.98192294856,67,1.4451980698311577,64,19,0.04348730753225135,0.27147540983606555,0.030514939605848695,2396,4820
36085014606,Census Tract 146.06; Richmond County; New York,42,21,0,0.6511627906976745,-1.9336294375867142,Cold 99%,Low-Low,p <= 0.001,124,59143.54957963875,247802.82044701168,67,0.8355218255492624,34,1,0.06697674418604652,0.14241348713398402,0.049747048903878585,3047,6450
36085014700,Census Tract 147; Richmond County; New York,70,27,0,2.079002079002079,-1.9779055034657307,Cold 99%,Low-Low,p <= 0.01,204,35870.32146243082,273255.38485348684,51,3.2748689002601354,12,2,0.05405405405405406,0.2603626943005181,0.01718650541056652,1588,3367
36085015100,Census Tract 151; Richmond County; New York,56,21,0,1.1045364891518739,-1.8785773424779273,Cold 99%,Low-Low,p <= 0.01,183,43325.16690651021,352007.99082954886,47,4.1082745549241535,37,1,0.05725039619651347,0.22573363431151242,0.13009327442317134,2540,5070
36085017600,Census Tract 176; Richmond County; New York,44,16,0,0.8512284774617914,-1.8855474612076888,Cold 99%,Low-Low,p <= 0.01,200,130702.27417285858,667306.296040538,208,1.208261067605637,497,40,0.013735732249951635,0.06692406692406692,0.07555026769779893,2808,5169
36085018701,Census Tract 187.01; Richmond County; New York,36,15,0,1.8798955613577024,-1.951034957185936,Cold 99%,Low-Low,p <= 0.01,47,14070.713297857346,113196.70983313456,16,3.587844887477916,23,2,0.09521247982786445,0.2727272727272727,0.0071633237822349575,913,1915
36085021300,Census Tract 213; Richmond County; New York,191,86,0,3.362676056338028,-0.7359257697434098,Not significant,Not significant,Not significant,159,48329.14425854293,239276.37061848896,55,5.406116847820441,40,15,0.14429352619509614,0.3870346598202824,0.04240934234787953,2596,5680
36085023900,Census Tract 239; Richmond County; New York,132,70,0,4.2471042471042475,-0.8926804934171009,Not significant,Not significant,Not significant,75,34613.64166989057,134449.28190547295,28,6.258544535608842,34,6,0.10941061543471182,0.27490421455938696,0.08501314636283962,1628,3108
36085024800,Census Tract 248; Richmond County; New York,119,60,15,2.4952820297756344,-0.8657943875737901,Not significant,Not significant,Not significant,95,43899.797345374114,290690.7971529595,38,0.1496832081840567,83,2,0.12182847557139861,0.21307779030439683,0.06876640419947506,2361,4769
36085027302,Census Tract 273.02; Richmond County; New York,32,14,0,0.6568144499178982,-2.029045016771752,Cold 99%,Low-Low,p <= 0.001,104,45572.81317318643,227187.34971753703,50,3.0545593318592137,9,3,0.1132346896835183,0.2532258064516129,0.0875643855776306,2884,4872
36085031902,Census Tract 319.02; Richmond County; New York,110,45,0,2.362035645265192,-1.0598682651644937,Not significant,Not significant,Not significant,34,21817.816614279713,125165.70172538623,15,7.697181095433386,42,14,0.2048140984311197,0.4449395289624443,0.16524973432518597,2296,4657
36085014605,Census Tract 146.05; Richmond County; New York,32,11,0,0.8592910848549946,-1.8868953404465865,Cold 99%,Low-Low,p <= 0.001,137,26864.504885697726,275896.44750263833,60,0.83745010284896515,59,4,0.026932399676811204,0.1721556886227545,0.09300746775288526,2021,3724
36085020803,Census Tract 208.03; Richmond County; New York,62,29,0,0.8129015340238626,-1.5671357284351863,Cold 95%,Low-Low,p <= 0.05,204,51748.44257155999,379583.859421762,70,1.2111074997415825,62,7,0.07580987785448752,0.2343313373253493,0.06946508172362556,4056,7627
36085017009,Census Tract 170.09; Richmond County; New York,25,12,0,0.5122950819672131,-2.187587758144436,Cold 99%,Low-Low,p <= 0.0001,192,18942.488205981557,288121.24627310026,42,1.0026223849890454,79,3,0.029568788501026694,0.20966729441305712,0.07113702623906705,2382,4880
36047008800,Census Tract 88; Kings County; New York,95,31,0,2.949394597950947,-0.7015858683015367,Not significant,Not significant,Not significant,39,6785.7001544101695,41145.335705186655,15,0.5768893386867668,2,0,0.16171410697528935,0.6144174350377201,0.04940239043824701,1506,3221
36047010100,Census Tract 101; Kings County; New York,298,160,95,6.469821971341728,0.4012301862598839,Not significant,Not significant,Not significant,52,8181.619728111191,107189.38273566983,52,0.26661317175842,7,4,0.16728624535315986,0.6928435718809373,0.07008244994110718,2146,4606
36047011200,Census Tract 112; Kings County; New York,153,39,0,2.3143246104976556,-1.5056337373631756,Cold 99%,Low-Low,p <= 0.01,67,3563.421871517782,76351.62481951923,48,0.18856330977609906,9,5,0.23390036452004861,0.8334923664122137,0.06303084488153778,3279,6611
36047012801,Census Tract 128.01; Kings County; New York,54,14,0,2.7176648213387016,-1.5525180762918873,Cold 95%,Low-Low,p <= 0.05,53,2381.086614409251,51269.26072725378,10,0.49144877019150895,1,0,0.22628107559614408,0.7188328912466844,0.11084905660377359,971,1987
36047012902,Census Tract 129.02; Kings County; New York,133,51,0,3.47985347985348,0.9889591280279937,Not significant,Not significant,Not significant,45,12787.465996898674,42339.22533597999,42,0.08200138181917813,4,1,0.0630559916274202,0.8564668769716088,0.13387978142076504,1880,3822
36047013300,Census Tract 133; Kings County; New York,109,36,0,2.5562851782363976,-1.0473395175953821,Not significant,Not significant,Not significant,59,1148.2486344136182,67085.61220486507,48,0.28160814595926276,2,0,0.014802631578947368,0.5993359158826784,0.09195979899497488,1963,4264
36047014200,Census Tract 142; Kings County; New York,93,37,0,2.6315789473684212,-1.4246516973954009,Cold 95%,Low-Low,p <= 0.05,66,9304.48180592378,72797.06805461817,38,0.5043780225407742,4,0,0.2502132499289167,0.805379746835443,0.08272859216255443,2040,3534
36047014300,Census Tract 143; Kings County; New York,105,46,0,2.857142857142857,-1.3275014117918869,Cold 95%,Low-Low,p <= 0.05,57,11402.20464527787,82066.05584675302,60,0.19757879112664967,10,7,0.0949904188338352,0.6936050597329585,0.03328804347826087,1802,3675
36047072600,Census Tract 726; Kings County; New York,52,20,0,1.9461077844311376,-2.0154399094609756,Cold 99%,Low-Low,p <= 0.01,35,6806.678159888152,85334.62398656731,13,1.165598384085253,6,2,0.2028443113772455,0.20656634746922026,0.031788079470198675,1750,2672
36081000200,Census Tract 2; Queens County; New York,79,26,0,3.2390323903239033,-0.5593254260412489,Not significant,Not significant,Not significant,36,12054.841087456429,54648.890861627275,26,0.23401066359977094,9,3,0.15088150881508816,0.5398126463700235,0.06971677559912855,1029,2439
36081001200,Census Tract 12; Queens County; New York,131,44,0,2.8459700195524658,-0.8858017859185869,Not significant,Not significant,Not significant,53,11897.471547525225,85770.78539197455,17,0.21667203667892926,4,0,0.05532563711609671,0.5848,0.08088235294117647,2141,4603
36081001800,Census Tract 18; Queens County; New York,121,41,0,4,-1.2181699408859337,Not significant,Not significant,Not significant,29,16337.470231355494,91336.7746315506,25,0.3994014614424912,2,0,0.16925619834710745,0.43291995490417134,0.019889502762430938,1375,3025
36081002800,Census Tract 28; Queens County; New York,84,32,0,2.91363163371488,-1.7588508255114703,Cold 99%,Low-Low,p <= 0.01,40,12934.078232371308,82509.97602523763,17,0.3105439601497166,5,3,0.10936408106219427,0.5361010830324909,0.07280334728033473,1472,2883
36081003200,Census Tract 32; Queens County; New York,69,26,0,3.6277602523659307,-1.618173509394055,Cold 95%,Low-Low,p <= 0.05,47,16821.301941022368,78302.5936803865,9,0.8037235870389905,8,2,0.223342175066313,0.3805309734513274,0.03583617747440273,941,1902
36047050100,Census Tract 501; Kings County; New York,153,53,0,4.953059242473293,0.19072688933020915,Not significant,Not significant,Not significant,76,18912.145553313763,95561.28738652196,30,0.21764770756453974,3,8,0.1498866947232114,0.7564526803441429,0.061490683229813665,1569,3089
36047042800,Census Tract 428; Kings County; New York,85,29,0,2.337733773377338,-1.6121890531102476,Cold 95%,Low-Low,p <= 0.05,48,7211.033691725184,72567.00316781485,12,0.3868707013352031,1,0,0.05088008800880088,0.6437054631828979,0.13847203274215553,1791,3636
36047043100,Census Tract 431; Kings County; New York,424,157,0,10.973084886128364,2.3175709916417646,Not significant,High-High,p <= 0.05,46,1836.638295129318,60044.76358899576,24,0.11066775428774336,1,2,0.10144927536231885,0.9495232753785754,0.08234688625836335,2260,3864
36047043600,Census Tract 436; Kings County; New York,83,25,0,1.9120018428933425,-1.4955832767774506,Cold 95%,Low-Low,p <= 0.05,60,9243.27008759045,58678.10440314132,17,0.3680604977217931,3,3,0.2054826076940797,0.6945373467112598,0.06659729448491156,2390,4341
36047044000,Census Tract 440; Kings County; New York,57,19,0,2.2041763341067284,-1.5007241167097414,Cold 95%,Low-Low,p <= 0.05,23,10110.88296655925,79890.75770870218,56,0.36724765131601556,2,0,0.16473317865429235,0.6889495225102319,0.10935601458080195,1306,2586
36047044200,Census Tract 442; Kings County; New York,20,13,0,0.8818342151675485,-1.9115861972960921,Cold 99%,Low-Low,p <= 0.01,21,3377.1599529728396,50650.0920369213,17,0.7363187573786227,6,0,0.1970899470899471,0.5116279069767442,0.09282700421940929,1140,2268
36047050600,Census Tract 506; Kings County; New York,204,65,0,3.898337473724441,-1.0755610043697403,Not significant,Not significant,Not significant,49,9430.898123662917,85957.76178496677,33,0.3706338103090097,2,4,0.17830667186890362,0.8002995506739891,0.029554263565891473,2683,5233
36047051100,Census Tract 511; Kings County; New York,155,64,0,4.0607807178412365,0.8535009532769967,Not significant,Not significant,Not significant,35,7396.073271374507,69258.56028891377,13,0.21846912224957207,2,4,0.19570343201467122,0.8872651356993737,0.06763990267639902,2039,3817
36047051200,Census Tract 512; Kings County; New York,68,40,0,1.0920186285530753,-0.3864848533161698,Not significant,Not significant,Not significant,35,5569.112377990625,41098.00950425498,27,0.3041109370731436,4,1,0.11562550184679621,0.8852157943067034,0.11571254567600488,3200,6227
36047051800,Census Tract 518; Kings County; New York,42,17,0,1.2385726924211147,-1.3543251890023336,Not significant,Not significant,Not significant,59,0,54830.18559868951,19,0.364706989511198,0,2,0.09214412285883047,0.6816431322207959,0.07756068679692125,1641,3391
36047055000,Census Tract 550; Kings County; New York,60,17,0,1.7605633802816902,-1.5035026310482342,Cold 95%,Low-Low,p <= 0.05,14,4756.859151596548,63221.88810448168,38,0.4586613923737935,3,12,0.2517605633802817,0.7264214046822742,0.04716379859783301,1629,3408
36047055100,Census Tract 551; Kings County; New York,238,93,0,3.8480194017784966,0.6489147470426186,Not significant,Not significant,Not significant,54,17372.764713423796,94869.54501024442,70,0.7336488002616867,11,3,0.1665588615782665,0.8148825861543153,0.0674061433447099,3253,6185
36047055400,Census Tract 554; Kings County; New York,120,31,0,3.0082727500626723,-1.5156800362227958,Cold 95%,Low-Low,p <= 0.05,36,4409.726489523826,70963.43712426843,23,0.21701042448389873,2,0,0.12785159187766357,0.8671782762691853,0.08679245283018867,2223,3989
36047055700,Census Tract 557; Kings County; New York,205,54,0,12.044653349001175,1.0879226479205546,Not significant,Not significant,Not significant,34,32433.839138988063,111831.70658195336,14,0.5619635272639207,4,4,0.01645123384253819,0.905,0.057492931196983975,963,1702
36047056600,Census Tract 566; Kings County; New York,41,11,0,1.7927415828596414,-1.6417404284907995,Cold 99%,Low-Low,p <= 0.01,34,688.2104148297908,60534.66076726603,11,1.2911921462557836,13,0,0.2960352422907489,0.607981220657277,0.08288482238966631,1294,2287
36047057000,Census Tract 570; Kings County; New York,70,26,0,2.0114942528735633,-1.8975184656843507,Cold 99%,Low-Low,p <= 0.01,49,16226.431719044578,127079.12464287039,17,1.608515186085121,3,2,0.13538833484436386,0.04867529266789895,0.034503271861986914,1958,3480
36047053700,Census Tract 537; Kings County; New York,51,19,0,1.061836352279825,-1.4754865173321057,Cold 95%,Low-Low,p <= 0.05,99,22342.473701832725,85610.34075048537,42,0.8212032211390092,6,0,0.4492753623188406,0.6407407407407407,0.026442307692307692,2200,4803
36081029100,Census Tract 291; Queens County; New York,262,71,0,4.185972200031954,1.2030665918854853,Not significant,Not significant,Not significant,62,22640.829672661737,107024.18308032275,66,0.33175395468559243,5,0,0.10902381751090238,0.677495107632094,0.04628592758491975,3043,6259
36081029700,Census Tract 297; Queens County; New York,186,56,0,7.779171894604768,-1.4191600949684238,Cold 95%,High-Low,p <= 0.05,104,48421.981839281936,182140.10540061555,21,0.6912168075165166,9,2,0.14057239057239057,0.6016713091922006,0.03494623655913978,1123,2391
36081032700,Census Tract 327; Queens County; New York,83,31,0,2.2180652057723145,1.2520178341710455,Not significant,Not significant,Not significant,37,748.0675628880758,51998.72044828999,13,1.2056326745387989,5,2,0.04703367183324426,0.6573033707865169,0.22496371552975328,1816,3742
36081032900,Census Tract 329; Queens County; New York,169,58,0,4.549125168236878,0.08014127612225887,Not significant,Not significant,Not significant,93,17288.25417525583,173497.12211752328,35,1.8553043638980324,12,2,0.14628699050809604,0.4148211243611584,0.19808743169398907,1973,3715
36081033000,Census Tract 330; Queens County; New York,183,91,0,2.6357482356330117,0.00404434680513,Not significant,Not significant,Not significant,66,33919.41125637851,324462.49719230854,29,4.75396500064853,49,10,0.08265895953757225,0.27538970240906946,0.08156182212581345,3726,6943
36081035200,Census Tract 352; Queens County; New York,140,56,0,4.941757853865161,-0.60843797877283,Not significant,Not significant,Not significant,52,26719.36707819826,187815.03300154724,32,4.296432660350701,30,9,0.09688826025459689,0.22066326530612246,0.09468822170900693,1552,2833
36081018700,Census Tract 187; Queens County; New York,103,25,0,3.7318840579710146,-1.2818117669480906,Cold 95%,Low-Low,p <= 0.05,66,42508.52735841568,139602.64425945625,25,0.7973810094911087,17,3,0.1469282013323464,0.6419878296146044,0.17142857142857143,1485,2760
36081019000,Census Tract 190; Queens County; New York,101,26,0,3.6915204678362574,-1.6865024915082283,Cold 99%,Low-Low,p <= 0.01,23,5419.592553552862,72201.75875992898,21,1.924456053127394,6,6,0.1074561403508772,0.25177304964539005,0.023094688221709007,1244,2736
36081020200,Census Tract 202; Queens County; New York,54,26,0,3.199052132701422,-0.8243515113029277,Not significant,Not significant,Not significant,34,13058.332314285866,62875.36198967447,7,1.1907232929134413,8,8,0.12050359712230216,0.284037558685446,0.0718954248366013,892,1688
36081022001,Census Tract 220.01; Queens County; New York,192,73,0,2.999062792877226,-0.1655091993110974,Not significant,Not significant,Not significant,83,19933.47724330301,139368.54601533982,25,0.49191451585778756,9,2,0.1661980631052796,0.7233082706766917,0.04178674351585014,3296,6402
36081022002,Census Tract 220.02; Queens County; New York,133,62,0,2.181042964906527,-0.6122913729487771,Not significant,Not significant,Not significant,62,25061.239910614648,143714.7312424599,28,0.6769932995357205,4,1,0.15466622929309495,0.4430051813471503,0.03465523401214719,3239,6098
36081025500,Census Tract 255; Queens County; New York,101,39,0,7.266187050359712,-0.8663018428807442,Not significant,Not significant,Not significant,68,47687.930010055454,136622.88259704117,19,0.32793792261159593,15,2,0.06762589928057554,0.6862348178137652,0.12099644128113879,778,1390
36047039400,Census Tract 394; Kings County; New York,54,17,0,2.3904382470119523,-2.0623118931361795,Cold 99%,Low-Low,p <= 0.001,45,5261.459087743848,73008.52005401853,22,0.7516163586004833,10,2,0.3023461708720673,0.613960113960114,0.07509881422924901,1039,2259
36047039800,Census Tract 398; Kings County; New York,80,28,0,3.0935808197989174,-1.303948970856572,Not significant,Not significant,Not significant,28,10227.345206569884,77519.9367608609,45,0.19247796327758335,13,2,0.10982211910286156,0.33498145859085293,0.10508849557522124,1387,2586
36047033000,Census Tract 330; Kings County; New York,138,60,0,2.9231095106968863,0.44330149009513037,Not significant,Not significant,Not significant,69,9798.583781626365,54733.25129563079,9,1.440080566816906,0,0,0.409870790086846,0.9557613168724279,0.007150153217568948,2451,4721
36047033900,Census Tract 339; Kings County; New York,158,54,0,3.1524341580207502,-0.3271319452005601,Not significant,Not significant,Not significant,114,2836.3576717662054,48599.17857484338,70,0.20170128234263482,10,10,0.25289421157684633,0.6918177364037237,0.04358013120899719,3183,5012
36047034000,Census Tract 340; Kings County; New York,72,33,0,3.314917127071823,0.036529746288314346,Not significant,Not significant,Not significant,49,7438.43776990803,63053.94259272835,7,1.4273615933656014,16,1,0.3796630565583634,1,0.04096045197740113,1139,2172
36047035000,Census Tract 350; Kings County; New York,369,161,0,11.644051751341117,2.4759098629855285,Hot 95%,High-High,p <= 0.05,44,16031.614377058431,47859.54217442973,14,0.19414726665331464,3,0,0.13284947933101926,0.7212911235257604,0.06878612716763005,1505,3169
36047035200,Census Tract 352; Kings County; New York,226,83,0,14.780902550686724,1.12288480351569,Not significant,Not significant,Not significant,50,20026.53052191082,73985.06360790851,9,0.46156965429995545,35,0,0.6011804384485666,0.9951278928136419,0.042007001166861145,976,1529
36047040000,Census Tract 400; Kings County; New York,124,37,0,4.824902723735408,-1.759235388841207,Cold 99%,Low-Low,p <= 0.01,32,13385.549877877966,114814.81562407066,36,0.2568618519252581,10,5,0.20047077285209886,0.636259977194983,0.1501937984496124,1475,2570
36047040600,Census Tract 406; Kings County; New York,30,7,0,0.8051529790660226,-1.3981113200853148,Not significant,Not significant,Not significant,22,854.7408111536874,62998.114237634276,23,0.4138663388171525,0,0,0.12196438208310847,0.6701520912547528,0.09075194468452895,2270,3726
36047041000,Census Tract 410; Kings County; New York,45,17,0,2.3696682464454977,-1.354834279518375,Not significant,Not significant,Not significant,19,5970.7286628075,68451.3673210811,59,0.36074389630845893,2,4,0.15481832543443919,0.427536231884058,0.02127659574468085,1042,1899
36047041200,Census Tract 412; Kings County; New York,81,27,0,2.904266762280387,-1.3373350837876858,Cold 95%,Low-Low,p <= 0.05,28,6936.945267348547,65984.27875763363,14,0.1868653102430711,5,0,0.14521333811401937,0.5863586358635864,0.054110301768990635,1401,2789
36047041900,Census Tract 419; Kings County; New York,147,57,0,4.225352112676056,0.986681389050786,Not significant,Not significant,Not significant,37,84.50020202488409,53202.46422831676,9,0.3866609863659772,2,2,0.32451853981029033,0.8525382755842063,0.036490683229813664,2093,3479
36047053800,Census Tract 538; Kings County; New York,179,51,0,3.4516004627844197,-1.2572148737164444,Cold 95%,High-Low,p <= 0.05,51,7759.469614718258,69112.61302430826,46,0.22638521262492742,7,0,0.14225053078556263,0.8557851239669422,0.02379991932230738,2856,5186
36081025900,Census Tract 259; Queens County; New York,207,69,0,6.764705882352941,-0.33237168820654783,Not significant,Not significant,Not significant,59,17995.825105830183,99834.9239513646,30,0.3288810120132645,4,4,0.08104575163398693,0.756717501815541,0.0350385423966363,1601,3060
36081026300,Census Tract 263; Queens County; New York,331,107,0,7.260364114937486,0.40809973345423617,Not significant,Not significant,Not significant,86,40614.616698407095,122494.19547624506,31,0.08164756687967295,9,1,0.13557076617354824,0.7605300520586843,0.15412329863891114,2325,4559
36081051800,Census Tract 518; Queens County; New York,31,18,0,1.4181152790484903,-1.722096155794557,Cold 99%,Low-Low,p <= 0.01,14,1982.50918427858,61677.16702202548,13,2.9437359338999456,2,4,0.06404391582799634,0.13562091503267973,0.07692307692307693,1238,2186
36081052200,Census Tract 522; Queens County; New York,51,25,0,2.283922973578146,-1.969823803364361,Cold 99%,Low-Low,p <= 0.001,14,4337.918980059519,76791.99042443921,10,2.6137386069313617,3,5,0.1715181370353784,0.22363636363636363,0,1187,2233
36081052600,Census Tract 526; Queens County; New York,44,15,0,1.870748299319728,-1.896734097739245,Cold 99%,Low-Low,p <= 0.001,26,6071.498115342263,82885.3368754689,34,2.6628530511433177,1,9,0.10886402753872633,0.33156498673740054,0.04918032786885246,1120,2352
36047042300,Census Tract 423; Kings County; New York,222,79,0,4.908246738890117,0.7748516641705021,Not significant,Not significant,Not significant,32,3287.964437533971,60909.99364344581,23,0.12758665253322915,18,5,0.09222507588139155,0.8887434554973822,0.06886045094454601,2235,4523
36047044500,Census Tract 445; Kings County; New York,261,103,0,6.617647058823529,2.02647037270832,Hot 95%,High-High,p <= 0.05,41,883.0459219675913,70063.0303583915,45,0.17201555141340993,4,19,0.14553752535496958,0.8592233009708737,0.05014409221902017,1931,3944
36047045000,Census Tract 450; Kings County; New York,23,4,0,2.005231037489102,-1.6740666597867053,Cold 99%,Low-Low,p <= 0.01,21,12875.81177516797,57584.17693492511,16,0.2244330864582813,1,0,0.4995640802092415,0.3310810810810811,0,615,1147
36047046202,Census Tract 462.02; Kings County; New York,74,26,0,3.8662486938349008,-2.125785675011134,Cold 99%,Low-Low,p <= 0.0001,27,11083.630984310561,74868.62823990472,26,0.17415602736665128,4,0,0.1260548523206751,0.4199134199134199,0.09941520467836257,968,1914
36047047200,Census Tract 472; Kings County; New York,35,7,0,1.232394366197183,-2.0222117998401306,Cold 99%,Low-Low,p <= 0.001,48,3371.5769859457396,65848.21213602189,58,0.6740134008405126,10,1,0.27705627705627706,0.4794326241134752,0.19795221843003413,1509,2840
36047047700,Census Tract 477; Kings County; New York,185,57,0,4.721796835119959,-0.5120708579516536,Not significant,Not significant,Not significant,81,36155.78702791904,148708.31178489537,27,0.4393974695956091,16,5,0.09137709137709138,0.7880233174350821,0.030318602261048305,1739,3918
36047048000,Census Tract 480; Kings County; New York,194,106,87,5.022003624126326,-1.2227254188403485,Cold 95%,High-Low,p <= 0.05,48,9413.747877578204,63722.526543073545,31,0.21781585790396896,2,1,0.42324618172404865,0.850669412976313,0.10258780036968576,1780,3863
36081061601,Census Tract 616.01; Queens County; New York,31,13,0,1.3735046521931769,-1.8819759618002574,Cold 99%,Low-Low,p <= 0.001,50,13599.545798290448,135677.60097842087,17,5.56595204209321,10,0,0.04209127159946832,0.0868421052631579,0.03553299492385787,1334,2257
36081062100,Census Tract 621; Queens County; New York,74,20,0,2.774653168353956,-1.4687481555086015,Cold 95%,Low-Low,p <= 0.05,56,6807.849526913874,87244.12574787083,22,1.4397481471424332,16,0,0.13945578231292516,0.4594320486815416,0.17833333333333334,1167,2667
36081062900,Census Tract 629; Queens County; New York,90,30,0,2.736394040741867,-1.3821671472448633,Cold 95%,Low-Low,p <= 0.05,110,10714.725468160928,80047.13401531873,23,1.2268996565053567,4,1,0.10003040437823046,0.6884176182707994,0.06125574272588055,1517,3289
36081063302,Census Tract 633.02; Queens County; New York,42,13,0,2.255639097744361,-1.5575530484898297,Cold 95%,Low-Low,p <= 0.05,17,5282.535241930595,48945.8486052192,12,1.6034734227659326,3,7,0.09022556390977443,0.37104825291181365,0.05055292259083728,1184,1862
36081063800,Census Tract 638; Queens County; New York,97,44,0,2.491651682507064,-1.4553897578867607,Cold 95%,Low-Low,p <= 0.05,112,27088.913204106135,245130.12346267488,15,6.397988051451751,39,2,0.1045466221423067,0.08804448563484708,0.07935153583617748,1726,3893
36081064101,Census Tract 641.01; Queens County; New York,51,14,0,2.1907216494845363,-1.1043428737732397,Not significant,Not significant,Not significant,32,4648.8842175114905,19176.824339883897,2,0.5843264974517995,1,0,0.048556430446194225,0.057115198451113264,0.035480859010270774,1161,2328
36081065600,Census Tract 656; Queens County; New York,109,57,0,2.0636122680802726,-1.1170125822960613,Not significant,Not significant,Not significant,45,26254.38489782753,201873.31981531347,26,6.580403596302882,13,6,0.06683074592957214,0.38189448441247004,0.03750721292556261,2782,5282
36081065702,Census Tract 657.02; Queens County; New York,27,10,0,2.1360759493670884,-1.387390609059467,Cold 95%,Low-Low,p <= 0.05,21,4655.4400069563,40132.16765819738,11,0.6027092220307518,4,0,0.03560126582278481,0.43402225755166934,0.12638888888888888,788,1264
36081066100,Census Tract 661; Queens County; New York,16,4,0,1.0171646535282899,-1.7414129749865095,Cold 99%,Low-Low,p <= 0.01,17,5145.768876745486,48995.082199699806,16,0.9530409856202005,1,0,0.052129688493324854,0.14756671899529042,0.1028169014084507,846,1573
36081066501,Census Tract 665.01; Queens County; New York,52,19,0,1.2990257307019735,-2.008545365976886,Cold 99%,Low-Low,p <= 0.001,116,9903.1132231204665,114707.65473662654,72,0.8987159246630174,6,1,0.04142460217226572,0.4322298563397876,0.06374269005847953,1911,4003
36081055300,Census Tract 553; Queens County; New York,135,44,0,4.637581587083477,0.9565055171317117,Not significant,Not significant,Not significant,24,12585.543720377247,75496.06241820309,33,0.4256909472065974,2,4,0.0996221229817932,0.9466929911154985,0.10670194003527336,1373,2911
36081055500,Census Tract 555; Queens County; New York,146,52,0,6.3616557734204795,0.35574769236434894,Not significant,Not significant,Not significant,45,8710.984186508886,71299.43499776574,14,0.19206832035022972,3,4,0.11458792419568092,0.7449238578680203,0.07075471698113207,994,2295
36081086500,Census Tract 865; Queens County; New York,371,194,121,7.929044667664031,2.669203533607102,Hot 95%,High-High,p <= 0.05,34,6043.6913174133115,34216.51638849486,13,0.5358200859054648,0,0,0.14392803598200898,0.7271179225202213,0.04860267314702309,2571,4679
36081091800,Census Tract 918; Queens County; New York,3,2,0,37.5,-2.0970015192414744,Cold 99%,Low-Low,p <= 0.0001,81,17517.867391578777,52758.001684100025,1,3.3160681514818213,10,0,0,0,0,4,8
36081068000,Census Tract 680; Queens County; New York,144,66,0,2.5741866285305686,-0.6897032230191165,Not significant,Not significant,Not significant,111,39423.86203265286,272508.87834713334,42,6.06322334955105,20,11,0.05166249553092599,0.20867526377491208,0.03397508493771234,3291,5594
36081069400,Census Tract 694; Queens County; New York,101,43,0,2.4688340259105352,-0.6019133218058269,Not significant,Not significant,Not significant,84,29993.1738489869,153228.9796541978,9,5.7767052739496,40,1,0.04033243705695429,0.5158597662771286,0.021241830065359478,2360,4091
36081069701,Census Tract 697.01; Queens County; New York,52,27,0,1.2826837691169215,-0.9812850872563689,Not significant,Not significant,Not significant,25,4044.4718387652842,35853.458111547196,12,0.34924912955563997,0,1,0.041440552540700545,0.8048642533936652,0.1016260162601626,2126,4054
36081070900,Census Tract 709; Queens County; New York,36,12,0,1.301989150090416,-1.3211667961187243,Not significant,Not significant,Not significant,59,4553.74447022234,90999.30945866526,71,0.8293463266265982,6,0,0.12802893309222424,0.4895287958115183,0.0288135593220339,1393,2765
36081074300,Census Tract 743; Queens County; New York,95,31,0,2.4032380470528714,-1.334334628723509,Cold 95%,Low-Low,p <= 0.05,26,7.488166924185522,71134.72441932964,25,0.7062494453724416,0,1,0.1580416032470827,0.55827854154213985,0.0872885979268958,1868,3953
36081074700,Census Tract 747; Queens County; New York,97,26,0,2.6351534908992122,-1.049092854732525,Not significant,Not significant,Not significant,75,9979.712924947156,84728.86175887151,21,0.9256588970529509,2,0,0.11926107036131486,0.46544117647058825,0.01946647440519106,1681,3681
36081077500,Census Tract 775; Queens County; New York,65,29,0,3.031716417910448,-1.3935558421309,Not significant,Low-Low,p <= 0.05,38,3907.3764753150194,72825.40546596891,18,0.6032432379013741,4,1,0.08675373134328358,0.727921498661909,0.027753686036426712,1203,2144
36047067000,Census Tract 670; Kings County; New York,96,39,0,3.8616251005631534,-1.8231685782894498,Cold 99%,Low-Low,p <= 0.001,62,8888.766387585381,85753.38560168768,27,2.997156553085756,2,0,0.14521319388576026,0.546694648478489,0.1625659050966608,1278,2486
36047067400,Census Tract 674; Kings County; New York,57,19,0,2.9858564693556837,-1.736854291733545,Cold 99%,Low-Low,p <= 0.01,29,1887.3645227869758,55607.85846774575,7,2.056562394233647,23,1,0.07985193019566367,0.06725663716814159,0.1554559043348281,1047,1909
36047068800,Census Tract 688; Kings County; New York,45,15,0,2.840909090909091,-1.5097205299684753,Cold 95%,Low-Low,p <= 0.05,31,2900.4428513191788,54923.59120752856,8,2.967799308761226,8,1,0.029671717171717172,0.1746031746031746,0.13342503438789546,867,1584
36047069000,Census Tract 690; Kings County; New York,52,24,0,3.117505995203837,-1.7123510499124954,Cold 95%,Low-Low,p <= 0.01,22,4261.9928634091975,58639.787259635945,13,2.692626042267965,8,5,0.12050359712230216,0.38961038961038963,0.17709923664122137,912,1668
36047078000,Census Tract 780; Kings County; New York,38,14,0,1.7511520737327189,-1.5031838060329061,Cold 95%,Low-Low,p <= 0.05,28,2671.624229263655,57308.993885811986,13,0.7418269140606208,2,0,0.02313743637204998,0.24584717607973422,0.09473684210526316,934,2170
36047080000,Census Tract 800; Kings County; New York,191,84,0,5.937208579421822,-0.1331368530302139,Not significant,Not significant,Not significant,85,0,60576.396245278855,57,0.3361232952352287,2,6,0.13666146645865834,0.5894134477825465,0.07905138339920949,1873,3217
36047080600,Census Tract 806; Kings County; New York,146,54,0,3.615651312530956,-0.18725001813983544,Not significant,Not significant,Not significant,44,3912.467439726811,53139.69454661435,34,0.6030585183815484,5,7,0.25928677563150077,0.8001525553012967,0.13976377952755906,2279,4038
36047081400,Census Tract 814; Kings County; New York,132,49,0,4.903417533432393,-0.5830563535498817,Not significant,Not significant,Not significant,28,3861.2640536657173,64708.35982232205,9,0.8485163846721164,4,5,0.16530460624071322,0.6162162162162163,0.15293040293040294,1321,2692
36047082200,Census Tract 822; Kings County; New York,149,52,0,2.09740990990991,0.4172466447489475,Not significant,Not significant,Not significant,11,3564.3829453715866,42585.86511641689,22,0.4921406007861588,1,1,0.06989092996555683,0.9537682077264091,0.147638326585695,3689,7104
36047083200,Census Tract 832; Kings County; New York,50,15,0,2.387774594078319,-0.825503088269176,Not significant,Not significant,Not significant,30,2038.6351415384238,46968.527433484,15,0.5956845967427965,2,6,0.14019138755980862,0.40481927710843374,0.06950672645739911,1225,2094
36047083800,Census Tract 838; Kings County; New York,56,21,0,2.900051786639047,-1.5416088756493782,Cold 95%,Low-Low,p <= 0.05,46,0,56334.712080977864,12,1.1404546867108205,1,3,0.17089590885551528,0.2265943012211669,0.10121951219512196,1051,1931
36047085000,Census Tract 850; Kings County; New York,71,26,0,5.133767172812726,-1.3468672568818978,Not significant,Not significant,Not significant,35,7784.595519779785,79548.24804923519,15,1.406605128719127,8,4,0.015907447577729574,0.0824524312896406,0.1125703564727955,665,1383
36047085800,Census Tract 858; Kings County; New York,88,35,0,4.51050743208611,-0.5808003098461743,Not significant,Not significant,Not significant,30,397.1218917420964,46045.43907709132,7,0.8933912016900616,3,3,0.12615384615384614,0.5830164765525983,0.1074660633484163,1090,1951
36047086200,Census Tract 862; Kings County; New York,114,57,0,4.341203351104341,-0.8790884807703928,Not significant,Not significant,Not significant,13,1157.4340863738112,47032.64444481345,9,1.602868133762046,6,7,0.2285276073619632,0.7024661893396977,0.1147887323943662,1551,2626
36047087200,Census Tract 872; Kings County; New York,85,28,0,2.7182603133994245,-0.307774794974902,Not significant,Not significant,Not significant,19,5361.600786834793,62337.91478420285,18,1.1502014158893168,5,2,0.268120590121873,0.4903581267217631,0.093255620316403,1692,3127
36047070000,Census Tract 700; Kings County; New York,40,18,0,3.2948929159802307,-1.0326517883502058,Not significant,Not significant,Not significant,14,10527.185742029953,75972.70132470614,17,2.9835562047131967,3,3,0.04612850082372323,0.555,0.24623115577889448,633,1214
36047073400,Census Tract 734; Kings County; New York,34,17,0,2.9772329246935203,-1.5695954177583509,Cold 95%,Low-Low,p <= 0.05,17,19.437369905584248,34099.91349923474,6,1.024841560874223,6,5,0.0617828773168579,0.21184510250569477,0.19597069597069597,656,1142
36047073600,Census Tract 736; Kings County; New York,55,34,0,1.8848526387936944,-1.771660512347321,Cold 99%,Low-Low,p <= 0.01,48,22460.917130613387,73939.49300166234,11,1.4031012294274405,9,1,0.06511309115832763,0.6244175209692451,0.10806317539484622,1606,2918
36047075200,Census Tract 752; Kings County; New York,18,4,0,1.5706806282722514,-1.6729023693312648,Cold 95%,Low-Low,p <= 0.05,16,879.8325532010506,50582.04992906463,9,0.7095029509809148,0,0,0,0.10283687943262411,0.1582089552238806,568,1146
36047076400,Census Tract 764; Kings County; New York,31,14,0,0.7205950720595072,-1.9563237508733935,Cold 99%,Low-Low,p <= 0.01,29,2437.1648498320565,43185.73572832599,23,0.3887623729295512,0,0,0.22669146710067425,0.8794063079777366,0.02,2125,4302
36047090800,Census Tract 908; Kings County; New York,322,145,0,5.168539325842697,1.6517811703953342,Not significant,Not significant,Not significant,73,8693.551236525022,125342.21178138768,21,0.32094534850803513,19,0,0.49759229534510435,0.9260172626387176,0.02289156626506024,4320,6230
36047092000,Census Tract 920; Kings County; New York,227,125,0,7.089319175515303,0.19400182695068027,Not significant,Not significant,Not significant,90,6821.042450386174,103966.5656151808,8,0.3178795547869268,11,8,0.1570614312856238,0.6773234200743494,0.04677533664068037,2200,3202
36047093600,Census Tract 936; Kings County; New York,91,37,0,5.951602354480053,-0.9522133976440318,Not significant,Not significant,Not significant,13,18198.569179954735,73293.23067634576,14,1.4738462719681205,4,2,0.09762532981530343,0.3872832369942196,0.09186351706036745,830,1529
36047095600,Census Tract 956; Kings County; New York,134,70,0,3.655210038188762,-1.4433317022195538,Cold 95%,Low-Low,p <= 0.05,44,18441.00008369743,87989.1990898676,13,1.4460369354448217,4,1,0.1983087834151664,0.5703824247355573,0.23711980136561142,2095,3666
36047095800,Census Tract 958; Kings County; New York,96,41,0,3.4782608695652173,-1.0801172424485919,Not significant,Not significant,Not significant,36,5989.437645436614,86348.05441277214,20,1.0545139913701052,11,2,0.17355072463768115,0.4897959183673469,0.25190839694656486,1268,2760
36081152902,Census Tract 1529.02; Queens County; New York,91,40,0,1.3935681470137826,-1.685200815947088,Cold 99%,Low-Low,p <= 0.01,126,29031.520138491695,298919.0307660189,29,7.237811223540051,2,0,0.017304747320061254,0.2088176352705411,0.05384907091391733,3184,6530
36081157901,Census Tract 1579.01; Queens County; New York,52,14,0,1.0268562401263823,-1.218766426335757,Not significant,Not significant,Not significant,141,12786.976259832327,337152.78197707876,39,7.58015451586659,3,4,0.1406003159557662,0.11173533083645443,0.12840043525571274,2917,5064
36081161700,Census Tract 1617; Queens County; New York,75,24,0,1.548626884162709,-0.946726455628823,Not significant,Not significant,Not significant,101,30924.836204484276,263603.26440759614,39,5.875201754822625,54,12,0.05946727235184803,0.19859961807765755,0.0592814371257485,2346,4843
36081162100,Census Tract 1621; Queens County; New York,142,59,0,2.2397476340694005,-1.6322412410057965,Cold 99%,Low-Low,p <= 0.01,79,42519.877041339656,263637.8645371418,43,4.896405215307663,44,2,0.027501185395922237,0.4297520661157025,0.020476190476190478,3068,6340
36047000200,Census Tract 2; Kings County; New York,206,71,0,15.993788819875776,-0.14051592099970792,Not significant,Not significant,Not significant,137,36169.17071448279,148250.30293237604,46,0.4874782984641899,2,0,0.3447204968944099,0.6762402088772846,0.02295918367346939,624,1288
36047001100,Census Tract 11; Kings County; New York,830,374,0,52.53164556962025,3.7586897243121378,Hot 95%,High-High,p <= 0.05,128,32177.25877640106,78001.40504689862,79,0.11239877198092416,1,1,0.10506329113924051,0.9126891734575088,0.053964757709251104,648,1580
36047002000,Census Tract 20; Kings County; New York,119,35,0,6.8667051356030004,-0.14079940466685453,Not significant,Not significant,Not significant,85,6465.053126415616,65000.68315411329,10,0.36703722621001067,2,0,0.10386612810155799,0.683046683046683,0.075,884,1733
36047002100,Census Tract 21; Kings County; New York,412,179,0,6.385616862988221,0.9746935313560726,Not significant,Not significant,Not significant,178,77417.37491974668,146146.65110444534,87,0.2093708897479956,14,1,0.09035957842529448,0.5032142857142857,0.10941475826972011,3649,6452
36047002901,Census Tract 29.01; Kings County; New York,50,22,0,1.5738117721120555,-0.011959600655544318,Not significant,Not significant,Not significant,37,12632.503539375979,26246.65697624783,22,0.5765350447673818,0,1,0.43028013849543595,1,0.09109449354180829,2044,3177
36047003000,Census Tract 30; Kings County; New York,42,7,0,2.27765726681128,-0.6939460187117469,Not significant,Not significant,Not significant,24,6734.404145882235,57028.6916571166,9,0.6415525982402145,3,0,0.04718004338394794,0.522697795071336,0,814,1844
36047003400,Census Tract 34; Kings County; New York,76,23,0,2.2679797075499852,-1.4686915543012558,Cold 99%,Low-Low,p <= 0.01,80,24539.23607042046,133934.71760294438,27,0.9654849397394876,1,0,0.0746491489997014,0.5029508196721312,0.020552344251766216,1599,3351
36047024800,Census Tract 248; Kings County; New York,71,20,0,2.791977978765238,-1.1156716869116028,Not significant,Not significant,Not significant,33,3302.901921255673,59779.13960894653,9,0.08468942062947139,2,0,0.26504128981517894,0.5391527599486521,0.06929510155316607,1318,2543
36047025700,Census Tract 257; Kings County; New York,144,46,0,4.27299703264095,-1.1016867916486888,Not significant,Not significant,Not significant,53,7566.2489825501,57024.86417450325,23,0.34200297259638757,4,3,0.3908011869436202,0.8604651162790697,0.07707317073170732,1597,3370
36047026000,Census Tract 260; Kings County; New York,78,33,0,2.68133379168099,-1.0518949955497967,Not significant,Not significant,Not significant,49,2784.7932667246146,59599.67304139032,15,0.44772412929299565,0,0,0.12967493883257603,0.627,0.08340971585701192,1594,2909
36047028600,Census Tract 286; Kings County; New York,112,32,0,2.199528672427337,-0.5955584457851624,Not significant,Not significant,Not significant,26,10697.444551006258,64884.94949342579,11,0.5836572556973193,1,4,0.43676355066771405,0.914187643020595,0.12861415752741776,2804,5092
36047029300,Census Tract 293; Kings County; New York,139,64,0,4.369695064445143,-0.18434782209948394,Not significant,Not significant,Not significant,30,328.3565064023734,62360.535238953715,28,0.737554190364639,8,6,0.3542911034265954,0.779788838612368,0.08803301237964237,1685,3181
36047029400,Census Tract 294; Kings County; New York,145,44,0,6.998069498069498,-0.7042797209095288,Not significant,Not significant,Not significant,24,9641.989494344498,40942.742361819786,27,0.7892418975618101,0,0,0.1781750924784217,0.6948590381426202,0.025848142164781908,962,2072
36047030000,Census Tract 300; Kings County; New York,85,28,0,2.0408163265306123,-1.033383145308464,Not significant,Not significant,Not significant,41,11694.86698936845,86538.59620386761,12,0.165538155057871,1,0,0.1836734693877551,0.7466765140324964,0.04647887323943662,2261,4165
36047030200,Census Tract 302; Kings County; New York,53,20,0,1.3766233766233766,-0.86612427133327,Not significant,Not significant,Not significant,31,869.1377240283915,85826.72831666215,38,0.391025087921181,3,1,0.17974025974025973,0.563869992441421,0.07092696629213484,1876,3850
36047031100,Census Tract 311; Kings County; New York,154,73,0,4.357668364459536,0.034586496578111664,Not significant,Not significant,Not significant,54,5905.039968084542,47684.12580314946,12,0.4147164320848186,3,5,0.21958121109224674,0.720754716981132,0.14900449582530506,1917,3534
36047031900,Census Tract 319; Kings County; New York,87,30,0,2.5498241500586167,-0.5289291474563564,Not significant,Not significant,Not significant,46,5584.380669112621,49451.54746090496,17,0.1555373749735084,7,0,0.0723915592028136,0.7385321100917431,0.09040333796940195,1853,3412
36047032500,Census Tract 325; Kings County; New York,187,68,0,2.3480662983425415,0.14726772981055236,Not significant,Not significant,Not significant,44,2021.6790726758325,58388.93159792093,40,0.36132058366614234,0,3,0.09266700150678052,0.958011049723757,0.07432662802591204,4210,7964
36047026700,Census Tract 267; Kings County; New York,110,46,0,2.7113630761646537,0.3465025649868863,Not significant,Not significant,Not significant,49,2655.738561241221,53498.479816335755,34,0.524171740948619,7,15,0.06229341469616069,0.71671388101983,0.1394441735738664,1810,4057
36081054000,Census Tract 540; Queens County; New York,109,50,0,2.5202312138728322,-1.2885866544903974,Not significant,Not significant,Not significant,56,29598.53768769684,190302.89766824202,29,3.422360812817747,24,3,0.12393063583815028,0.37534626038781166,0.02234258632362898,2143,4325
36081054200,Census Tract 542; Queens County; New York,134,56,0,2.427536231884058,-1.569208260767615,Cold 95%,Low-Low,p <= 0.05,71,37933.38362160027,262570.1450268882,41,3.233187218278676,9,3,0.07932064203060843,0.1530226700251889,0.03170731707317073,2694,5520
36081036300,Census Tract 363; Queens County; New York,131,39,0,6.443679291687162,-0.6342395531017326,Not significant,Not significant,Not significant,30,2585.4906706122233,51914.35139772948,12,1.1698368327338788,9,7,0.11811023622047244,0.6972049689440993,0.13090418353576247,973,2033
36081036600,Census Tract 366; Queens County; New York,156,79,0,4.982433727243692,-1.5215339393260168,Cold 95%,Low-Low,p <= 0.05,51,22074.989103192922,148071.77885743283,16,3.469028567039555,23,12,0.11900191938579655,0.38404452690166974,0.04854368932038835,1810,3131
36081037300,Census Tract 373; Queens County; New York,173,60,0,7.148760330578512,0.22105840950549105,Not significant,Not significant,Not significant,105,27542.0918254958,106894.90921874196,16,0.9772683442427214,14,1,0.12494776431257835,0.5705967976710334,0.20852534562211983,1155,2420
36081038400,Census Tract 384; Queens County; New York,71,31,0,2.6955201214882307,-1.8252996846043912,Cold 99%,Low-Low,p <= 0.01,39,7624.344149138139,135898.58090579012,26,3.7376264990773573,14,2,0.08483685220729367,0.15699658703071673,0.007900677200902935,1560,2634
36081040200,Census Tract 402; Queens County; New York,23,10,0,1.477199743095697,-1.136952344878307,Not significant,Not significant,Not significant,8,4760.158965789988,89152.36696990946,19,1.8926480749208292,7,3,0.07707129094412331,0.21912350597609562,0,950,1557
36081041100,Census Tract 411; Queens County; New York,153,52,0,3.6,0.4350202126371795,Not significant,Not significant,Not significant,40,5856.416199891719,61943.58467272541,8,0.6882870202662293,8,0,0.1811764705882353,0.4448979591836735,0,1829,4250
36047054500,Census Tract 545; Kings County; New York,78,34,0,0.9342436219906576,-1.1645657961745648,Not significant,Not significant,Not significant,33,22060.797661887118,78334.85477620954,80,0.7239695445154655,0,0,0.3423164450832435,0.9755501222493888,0.04736024844720497,5158,8349
36047054700,Census Tract 547; Kings County; New York,103,25,0,1.0655907303951997,-0.9005599218575748,Not significant,Not significant,Not significant,51,10619.926404291862,76909.02277634923,78,0.7408222747074424,10,3,0.09797227394992758,0.8665065202470831,0.018524755810037048,4942,9666
36047063200,Census Tract 632; Kings County; New York,20,8,0,1.4194464158978,-1.5528432924270585,Cold 95%,Low-Low,p <= 0.05,9,2662.065389055781,29859.436962412212,8,2.058601513121154,2,4,0.06742370475514549,0.23275862068965517,0.008547008547008548,649,1409
36047064400,Census Tract 644; Kings County; New York,46,15,0,2.1081576535288726,-1.7252498593385566,Cold 99%,Low-Low,p <= 0.001,36,21586.499055296463,103524.10984978384,9,1.4117567914294107,3,3,0.2451523545706371,0.4160206718346253,0.10416666666666667,1080,2182
36047064600,Census Tract 646; Kings County; New York,30,6,0,1.392757660167131,-1.9582263308183605,Cold 99%,Low-Low,p <= 0.001,36,2496.633509849439,57967.021082808926,25,1.6922707078062913,0,5,0.09331476323119778,0.1381668946648427,0.05064935064935065,1034,2154
36047065600,Census Tract 656; Kings County; New York,23,12,0,1.373134328358209,-2.2249305688115846,Cold 99%,Low-Low,p <= 0.0001,29,0,46402.61160286316,26,1.9848502741634406,1,4,0.04298507462686567,0.054098360655737705,0.0423861852433281,862,1675
36081077903,Census Tract 779.03; Queens County; New York,66,20,0,1.935483870967742,-0.9736649817087446,Not significant,Not significant,Not significant,36,8667.308021907058,94718.18730527443,81,0.9525576555908403,2,0,0.07565982404692081,0.4060344827586207,0,1947,3410
36081077904,Census Tract 779.04; Queens County; New York,149,58,0,2.923861852433281,-1.4076028468758695,Cold 95%,Low-Low,p <= 0.05,90,24496.280827278028,192308.87163997183,175,1.4213276873173204,5,3,0.08797770700636942,0.5963479096588179,0.07838795394154119,2726,5096
36081080301,Census Tract 803.01; Queens County; New York,138,38,0,3.481331987891019,-0.20052928321499525,Not significant,Not significant,Not significant,28,8593.875037662669,123197.15537525082,18,1.6469115576438211,2,0,0.14656912209889,0.6772727272727272,0.07172995780590717,2194,3964
36081080302,Census Tract 803.02; Queens County; New York,116,42,0,3.2079646017699117,-0.1282174743838848,Not significant,Not significant,Not significant,41,13555.754043610534,140194.16269975624,32,2.1455606183147373,7,1,0.15403761061946902,0.21535181236673773,0.03597122302158273,1797,3616
36081083800,Census Tract 838; Queens County; New York,155,53,0,2.9295029295029296,-0.3815654746698403,Not significant,Not significant,Not significant,63,3350.6559924614844,206295.0251329576,45,1.2510042965935169,21,11,0.07113050075872535,0.35015197568389056,0.03235294117647059,2511,5291
36081085300,Census Tract 853; Queens County; New York,884,407,0,18.309859154929576,2.5257782882360837,Not significant,Not significant,Not significant,46,9267.6835525694,49685.49660588584,60,0.3366412337172634,2,0,0.17833471416735708,0.4785202863961814,0.012568735271013355,2335,4828
36081085500,Census Tract 855; Queens County; New York,142,42,0,2.4453246082314446,3.0816770923459416,Hot 95%,Low-High,p <= 0.01,20,2275.490070983538,39429.60386822915,10,0.5397602785359262,0,0,0.16118477699328396,0.8831064851881505,0.061607813673929375,3478,5807
36081133300,Census Tract 1333; Queens County; New York,137,49,0,3.525476067936181,-0.6447522322484543,Not significant,Not significant,Not significant,178,26308.474037618045,245967.19618342593,81,2.1740334829475785,1,1,0.1026762738033968,0.3344733242134063,0.03306878306878307,1867,3886
36081137700,Census Tract 1377; Queens County; New York,165,62,0,2.4411895250776743,-1.2252389125153043,Cold 95%,Low-Low,p <= 0.05,94,21878.13832607781,199269.7336390619,13,4.777324261177793,1,0,0.04660452729693742,0.39795517105780576,0.07121986851716582,3596,6759
36081139900,Census Tract 1399; Queens County; New York,31,8,0,2.0038784744667097,-1.5165537469000974,Cold 95%,Low-Low,p <= 0.05,59,23004.301814164897,156731.18028928494,13,4.50971136117103,1,2,0.09049773755656108,0.08834586466165413,0.10588235294117647,725,1547
36047026800,Census Tract 268; Kings County; New York,63,17,0,1.4266304347826086,-1.1891731903481173,Not significant,Not significant,Not significant,29,518.4548174081524,61557.920285313434,18,0.7363365067250363,1,1,0.14295423652016312,0.6519736842105263,0.048215403882279274,2386,4416
36047036400,Census Tract 364; Kings County; New York,126,30,0,5.506993006993007,-0.6250747176631376,Not significant,Not significant,Not significant,74,11728.693039490834,49044.56489627979,26,0.3522590547161026,18,9,0.1555944055944056,0.6293193717277487,0.053518334985133795,1101,2288
36047036600,Census Tract 366; Kings County; New York,159,44,0,3.645116918844567,0.15850914827590856,Not significant,Not significant,Not significant,62,9973.933034267578,74738.07466147382,21,0.617200063567361,1,1,0.22931785195936139,0.7730547550432276,0.0646900269541779,2071,4362
36047037000,Census Tract 370; Kings County; New York,73,19,0,1.7501798129944857,0.28699928602465063,Not significant,Not significant,Not significant,73,17902.8953870798,129951.51523045797,49,0.7702120437722249,9,3,0.1352258064516129,0.418526031102096,0.04023361453601557,2238,4171
36047037500,Census Tract 375; Kings County; New York,258,106,0,6.883671291355389,0.3654776071554073,Not significant,Not significant,Not significant,30,5916.735516812845,70447.4780786534,17,0.2312017666698501,9,4,0.20641711229946524,0.8448717948717949,0.09878682842287695,1626,3748
36047038200,Census Tract 382; Kings County; New York,48,18,0,0.9186602870813397,-1.0302358864765797,Not significant,Not significant,Not significant,28,12763.271445819913,58352.87889243169,2,0.3114985655502514,2,0,0.4781692837993106,0.9178841309823678,0.09525979945305378,2749,5225
36047038600,Census Tract 386; Kings County; New York,89,23,0,2.925706771860618,-1.2614469814528735,Not significant,Not significant,Not significant,31,30826.743231590855,134813.63436930132,47,0.2727054409641146,20,2,0.12754766600920447,0.6095764272559853,0.058109280138768434,1562,3042
36047038900,Census Tract 389; Kings County; New York,206,73,0,6.286237412267318,0.8583681870385722,Not significant,Not significant,Not significant,28,16619.736560568403,82298.20177456111,27,0.2819221398511873,8,1,0.12777093596059114,0.7445652173913043,0.0334865397242285,1519,3277
36081042600,Census Tract 426; Queens County; New York,37,13,0,8.314606741573034,-1.4277219267890104,Not significant,Not significant,Not significant,50,3931.7321595618027,24922.182320003194,4,2.8817419559553876,2,0,0.6644736842105263,NA,NA,24,445
36081043400,Census Tract 434; Queens County; New York,37,15,0,1.8858307849133538,-0.6297490419222445,Not significant,Not significant,Not significant,24,7210.7424515361145,65486.64617661157,13,1.877928247135129,4,6,0.14475025484199797,0.12701252236135957,0.08210180623973727,1123,1962
36081044601,Census Tract 446.01; Queens County; New York,445,206,0,11.775602011114051,4.328739579190403,Hot 99%,High-High,p <= 0.01,38,5368.2281243617845,65006.70442033827,85,0.4195062074742696,12,4,0.21453852436700244,0.8448275862068966,0.12247838616714697,1870,3779
36081044800,Census Tract 448; Queens County; New York,75,21,0,2.6123301985370952,-0.7034009320370715,Not significant,Not significant,Not significant,61,5754.220245891449,64155.85822079365,15,0.3881443740372945,7,0,0.09160571229536747,0.6580921757770632,0.028125,1487,2871
36081045500,Census Tract 455; Queens County; New York,124,48,0,0.9727779085274967,0.7498916139858838,Not significant,Not significant,Not significant,10,4913.736344277573,16000.186928433663,9,0.682792908126538,0,1,0.1629402996783557,1,0.03438641736514077,6147,12747
36081046100,Census Tract 461; Queens County; New York,96,36,0,3.5049288061336252,0.5334389535473976,Not significant,Not significant,Not significant,14,3536.1352992884995,48330.7880942208,6,0.7223832727088748,4,0,0.125,0.7695652173913043,0.09803921568627451,1334,2739
36081046200,Census Tract 462; Queens County; New York,353,102,0,5.78498852835136,2.304415266225922,Hot 95%,High-High,p <= 0.05,58,15795.120903665957,106055.98339194526,32,0.4693781633678859,6,7,0.1077783426537875,0.7586882036221243,0.0700955848884843,2621,6102
36081046800,Census Tract 468; Queens County; New York,189,65,0,5.022588360350784,1.1286837697532348,Not significant,Not significant,Not significant,25,12090.33679436261,80601.26943746705,16,0.27110471752298204,3,1,0.12154393649055571,0.5957873620862588,0.03297769156159069,2123,3763
36081047200,Census Tract 472; Queens County; New York,101,42,0,2.7633378932968538,-1.0172804019782398,Not significant,Not significant,Not significant,82,17633.80468426204,152270.1407833942,14,0.6940691370927675,11,3,0.0695026962252846,0.47104247104247104,0.04919236417033774,1814,3655
36081047600,Census Tract 476; Queens County; New York,35,11,0,2.1820448877805485,-1.032929739084572,Not significant,Not significant,Not significant,39,10210.434962040896,89288.25704552329,23,1.5264210095466872,13,2,0.038029925187032416,0.14666666666666667,0.04021937842778794,752,1604
36081048000,Census Tract 480; Queens County; New York,83,31,0,3.50210970464135,0.01636458476045301,Not significant,Not significant,Not significant,23,4280.179296794696,95117.57767668183,13,0.9137320569500823,4,3,0.167590618336887,0.348993288590604,0.01844532279314888,1192,2370
36081049301,Census Tract 493.01; Queens County; New York,50,14,0,2.168256721595837,-1.1635042054329572,Not significant,Not significant,Not significant,45,11149.547101268225,56096.76641589032,7,1.5220051667914072,17,1,0.19014391626689925,0.45077720207253885,0.09283196239717979,1148,2306
36081050000,Census Tract 500; Queens County; New York,204,64,0,4.600811907983762,-0.7230292564683214,Not significant,Not significant,Not significant,47,10447.336974514721,114312.47013555348,7,1.7085614907322544,9,7,0.10653753026634383,0.9131832797427653,0.05757575757575758,2406,4434
36081050400,Census Tract 504; Queens County; New York,37,19,0,2.1350259665320253,-1.786048078196837,Cold 99%,Low-Low,p <= 0.01,21,13263.354326300847,116667.0583152885,5,1.84679488219714,6,2,0.08328513591671487,0.3577981651376147,0.08557046979865772,1003,1733
36081058900,Census Tract 589; Queens County; New York,159,56,0,3.4430489389346035,-0.49975155671081656,Not significant,Not significant,Not significant,49,1183.636415658496,60943.221830442184,19,0.2630347186622314,1,5,0.2826985854189336,0.8871391076115486,0.05505952380952381,2281,4618
36081059900,Census Tract 599; Queens County; New York,30,10,0,2.0093770931011385,-1.3696613150835917,Not significant,Not significant,Not significant,28,5384.883775762002,42033.43046425717,11,1.2439819419204832,3,2,0.09450402144772117,0.2682926829268293,0.24201680672268908,721,1493
36081142900,Census Tract 1429; Queens County; New York,58,26,0,1.5769439912996193,-1.9297238940365216,Cold 99%,Low-Low,p <= 0.01,73,15987.134966494354,235051.140818955,34,3.9585038993616135,15,0,0.06063077759651985,0.2391304347826087,0,1973,3678
36081094201,Census Tract 942.01; Queens County; New York,130,51,0,3.679592414378715,0.13926047381412052,Not significant,Not significant,Not significant,223,25572.216791231393,133921.6391512273,12,0.08642451928172237,15,6,0.2127473806752037,0.6654219566840927,0.09343263371699391,2112,3533
36081097300,Census Tract 973; Queens County; New York,47,22,0,2.22117202268431,-0.3325280610066111,Not significant,Not significant,Not significant,104,19045.433662226184,140174.02557519628,22,4.023992960379714,8,0,0.05671077504725898,0.1581569115815691,0.002484472049689441,1154,2116
36081098100,Census Tract 981; Queens County; New York,72,30,0,2.8962188254223653,-0.8127324029430245,Not significant,Not significant,Not significant,61,21004.14399702289,162976.25468011142,35,4.509363717795608,35,0,0.06838294448913917,0.2570145903479237,0,1269,2486
36081099100,Census Tract 991; Queens County; New York,90,32,0,1.1821883620123472,-1.2751134153161177,Not significant,Not significant,Not significant,81,28770.321567949337,353237.86309409025,36,4.433567847317044,23,7,0.043215552344673586,0.099721059972106,0.026146010186757215,4287,7613
36081102900,Census Tract 1029; Queens County; New York,90,42,0,2.3597273203985316,-0.9653409144159172,Not significant,Not significant,Not significant,78,29898.836001192736,183153.32974704134,38,3.298456581069124,25,2,0.06803097345132743,0.5174603174603175,0.025974025974025976,1935,3814
36081103300,Census Tract 1033; Queens County; New York,76,33,0,1.7323911556872578,-0.6742685041264299,Not significant,Not significant,Not significant,66,11190.350519051603,218099.63338894406,48,2.7659304527246196,16,1,0.09915659904262594,0.29015544041450775,0.06367495451788963,2111,4387
36081107201,Census Tract 1072.01; Queens County; New York,85,32,0,3.7053182214472535,-0.12078183169917954,Not significant,Not significant,Not significant,172,71558.98628333553,251624.14706320813,15,0.7055034064960104,206,12,0.025719267654751524,0.22306855277475518,0.1025390625,1114,2294
36081114100,Census Tract 1141; Queens County; New York,43,19,0,1.7493897477624085,-1.4687212283787427,Cold 95%,Low-Low,p <= 0.05,56,16347.430604578776,196513.33616348295,16,3.0080769727771974,11,1,0.0463980463980464,0.18997668997668998,0.0734341252699784,1097,2458
36081116700,Census Tract 1167; Queens County; New York,64,15,0,3.382663847780127,-1.6395516516692945,Cold 99%,Low-Low,p <= 0.01,11,2627.5129600261557,63950.84310882834,25,1.5097971599658924,2,1,0.18181818181818182,0.827639751552795,0.04451038575667656,922,1892
36081117100,Census Tract 1171; Queens County; New York,149,51,0,5.900990099009901,-1.6782732142818195,Cold 99%,Low-Low,p <= 0.01,45,26516.06070799612,177513.81146276125,36,2.090335640177007,13,2,0.11722772277227722,0.6409714889123548,0.09637404580152671,1374,2525
36081118700,Census Tract 1187; Queens County; New York,33,8,0,1.316314319904268,-1.989394870854882,Cold 99%,Low-Low,p <= 0.01,7,4465.790066837653,68498.34080558595,32,1.4470420427591661,3,1,0.17296862429605792,0.5873893805309734,0.039319872476089264,1214,2507
36081060600,Census Tract 606; Queens County; New York,32,16,0,2.7210884353741496,-2.193042223130682,Cold 99%,Low-Low,p <= 0.0001,23,2219.047224747289,84686.05257065145,16,4.70927769375515,2,2,0.050170068027210885,0.1497005988023952,0.032818532818532815,646,1176
36081119300,Census Tract 1193; Queens County; New York,55,25,0,2.1704814522494082,-1.6778217479775939,Cold 99%,Low-Low,p <= 0.01,33,4076.272937001257,73137.32924451225,12,2.581416843426084,1,0,0.15351223362273086,0.44070080862533695,0.031331592689295036,1425,2534
36081124100,Census Tract 1241; Queens County; New York,78,32,0,2.0408163265306123,-1.1407268156608836,Not significant,Not significant,Not significant,62,18909.803956107622,217294.11012035768,53,1.9588800238235764,7,2,0.04031413612565445,0.25611510791366904,0.04794520547945205,1942,3822
36081144700,Census Tract 1447; Queens County; New York,89,36,0,2.564841498559078,-1.4095000149713515,Cold 95%,Low-Low,p <= 0.05,65,14798.869921207746,166542.69517426414,31,4.8709438377453536,14,5,0.21003771395416304,0.4030858244937319,0.06576576576576576,1901,3470
36081147900,Census Tract 1479; Queens County; New York,51,21,0,1.2002824193927983,-1.7196364664713926,Cold 99%,Low-Low,p <= 0.01,85,33538.72781619107,235770.99290104714,65,7.2333124476254405,62,3,0.10214168039538715,0.39149888143176736,0.04128686327077748,2329,4249
36081150701,Census Tract 1507.01; Queens County; New York,49,19,0,1.569004162664105,-1.490885359417083,Cold 95%,Low-Low,p <= 0.05,90,37433.26012463348,312840.1939589343,57,6.648992504444388,24,3,0.043227665706051875,0.3107989464442493,0.029812606473594547,1717,3123
36047017000,Census Tract 170; Kings County; New York,93,22,0,2.6548672566371683,-1.612108049802886,Cold 99%,Low-Low,p <= 0.001,61,7670.424083523397,89960.35548624821,25,0.9534721865000536,1,3,0.12045779685264664,0.4748263888888889,0.09788566953797964,1908,3503
36047019900,Census Tract 199; Kings County; New York,211,91,0,4.8944560426815125,-0.5553478985185935,Not significant,Not significant,Not significant,48,15641.08520771743,98099.88731748017,52,0.1256460298058446,1,1,0.06737918215613382,0.8692211578508955,0.1378815080789946,2685,4311
36047020200,Census Tract 202; Kings County; New York,21,7,0,1.2230634828188702,-2.111043619951217,Cold 99%,Low-Low,p <= 0.0001,31,201.39463650707606,53424.39982218354,7,1.063520102279955,0,1,0.09842748980780432,0.2619047619047619,0.09221902017291066,981,1717
36047020700,Census Tract 207; Kings County; New York,76,29,0,1.6421780466724287,-0.690810457869568,Not significant,Not significant,Not significant,33,16045.199374908414,57664.30839843025,41,0.37442853630739464,6,1,0.08340535868625756,0.6013657703798548,0.08081600627697136,2691,4628
36047020800,Census Tract 208; Kings County; New York,49,17,0,1.90439176059075,-2.1849021257527843,Cold 99%,Low-Low,p <= 0.001,24,0.21683317375315686,61520.151020569516,16,0.7074628509188313,0,0,0.13208284486127395,0.5125115848007414,0.07222699914015478,1115,2573
36047021600,Census Tract 216; Kings County; New York,38,10,0,0.9781209781209781,-1.5302201807633413,Cold 95%,Low-Low,p <= 0.05,35,613.1185253640831,63823.06399162293,20,0.3933965057706811,21,0,0.4851994851994852,0.7213114754098361,0.1347517730496454,2045,3885
36047022000,Census Tract 220; Kings County; New York,84,20,0,1.434916296549368,-1.6441556478343693,Cold 99%,Low-Low,p <= 0.05,61,1920.253391552558,70927.19594619932,56,0.06586674766444937,2,0,0.3397676802186539,0.7945945945945946,0.10131852879944483,2661,5854
36047022200,Census Tract 222; Kings County; New York,111,30,0,2.740740740740741,-1.3275014117918869,Cold 95%,Low-Low,p <= 0.05,65,5291.738938540953,63066.47577192778,44,0.2687512000989713,8,3,0.5090548251054329,0.7807097361237488,0.1474010861132661,2012,4050
36047022700,Census Tract 227; Kings County; New York,404,149,0,8.359197186012828,0.12823488640642514,Not significant,Not significant,Not significant,90,25500.08410685551,123032.08421503154,44,0.04335439133341605,21,19,0.13850300642753474,0.8477157360406091,0.05741626794258373,2704,4833
36047023100,Census Tract 231; Kings County; New York,85,35,0,2.407932011331445,0.29880421793416495,Not significant,Not significant,Not significant,33,8306.184561538605,65933.12634485916,39,0.3488386528429637,8,13,0.09376770538243626,0.7061477721376198,0.08087091757387248,2084,3530
36047023400,Census Tract 234; Kings County; New York,45,7,0,0.7946318205897934,-1.6759954753046122,Cold 95%,Low-Low,p <= 0.05,88,157.4280921310717,58243.96612388959,44,0.6373335274046041,12,3,0.35906099946647696,0.8127183787561146,0.18693181818181817,2751,5663
36047019100,Census Tract 191; Kings County; New York,191,44,0,6.3057114559260485,-0.6382734671820103,Not significant,Not significant,Not significant,96,15640.485744608164,94391.61754542346,41,0.7986047912040009,14,6,0.12575655682582382,0.6942277691107644,0.09206798866855524,1502,3029
36047019400,Census Tract 194; Kings County; New York,86,24,0,2.611600364409353,-1.2865021102021545,Not significant,Not significant,Not significant,25,7684.724884756049,75904.19204863394,34,0.3633647023307809,6,4,0.26246958637469586,0.6764452113891286,0.11391437308868502,1404,3293
36047006800,Census Tract 68; Kings County; New York,209,80,0,5.07651202331795,-0.8127324029430245,Not significant,Not significant,Not significant,66,12608.855111324194,99773.90643337044,41,0.242397003239902,5,1,0.1358655953250548,0.8094074526573,0.09407858328721638,2287,4117
36047007100,Census Tract 71; Kings County; New York,96,37,0,2.3703703703703702,-0.008423077821920595,Not significant,Not significant,Not significant,38,7832.434195482675,54843.39282783859,74,0.43775028848364494,3,3,0.20469135802469135,0.8197424892703863,0.10137741046831956,2400,4050
36047007600,Census Tract 76; Kings County; New York,187,62,0,4.5654296875,0.17154693249573646,Not significant,Not significant,Not significant,71,9937.22249128485,64512.29508279423,56,0.1220874918466306,1,0,0.14652014652014653,0.7703125,0.1274710293115201,2231,4096
36047007700,Census Tract 77; Kings County; New York,193,91,0,3.2306662202879144,-0.6127762710473145,Not significant,Not significant,Not significant,89,18192.21358364389,147987.57519957397,83,0.3616716942365909,16,9,0.05205892199531302,0.7114788004136504,0.06055699481865285,3058,5974
36047048900,Census Tract 489; Kings County; New York,41,27,0,1.1398387545176536,0.5900118079801836,Not significant,Not significant,Not significant,21,3111.2563852620715,16295.742801796785,4,0.33551163756426267,0,0,0.4242250287026406,0.9771986970684039,0,2263,3597
36047049400,Census Tract 494; Kings County; New York,80,26,0,1.4010507880910683,-1.0948753783875795,Not significant,Not significant,Not significant,27,11016.810103998978,52157.386621771046,27,0.5091877773680924,2,9,0.1878754778809394,0.6724367509986684,0.03841229193341869,2431,5710
36047049900,Census Tract 499; Kings County; New York,91,27,0,3.6693548387096775,-0.3959061701140783,Not significant,Not significant,Not significant,25,39843.76034745301,98785.55337077023,28,0.558081510059862,3,4,0.042741935483870966,0.6453110492107706,0.08728813559322034,1375,2480
36047004700,Census Tract 47; Kings County; New York,65,21,0,3.251625812906453,-1.7245558451177219,Cold 99%,Low-Low,p <= 0.01,62,8383.25607217525,45918.27622608877,38,0.9740274279855544,24,4,0.1354062186559679,0.6819787985865724,0.015081206496519721,965,1999
36047060600,Census Tract 606; Kings County; New York,150,53,0,5.3724928366762175,-0.6787644871658974,Not significant,Not significant,Not significant,59,7532.253492449342,70110.2870715661,43,0.17987879550573613,6,7,0.14731182795698924,0.4989106753812636,0.0227111426543648,1511,2792
36047005201,Census Tract 52.01; Kings County; New York,23,10,0,1.313535122786979,-1.4747215667952858,Cold 95%,Low-Low,p <= 0.05,61,5882.876538989098,56296.28085169364,24,0.8229201607330446,1,0,0.2158766419189035,0.8026859504132231,0.10287303058387395,967,1751
36047005900,Census Tract 59; Kings County; New York,130,55,0,8.563899868247693,-1.6271067973148376,Cold 99%,Low-Low,p <= 0.01,45,22617.651590231926,105901.26016673597,25,0.9436878138857663,17,1,0.24059139784946237,0.9131121642969984,0.08920863309352518,696,1518
36047006500,Census Tract 65; Kings County; New York,62,19,0,1.018229594350468,-0.9220638738489776,Not significant,Not significant,Not significant,40,3916.7323233452585,65648.2397950018,108,0.39756331760815994,4,5,0.0395795697158811,0.5700325732899023,0.1023391812865497,3135,6089
36047015300,Census Tract 153; Kings County; New York,138,61,0,5.231235784685368,-1.3649807205770408,Cold 95%,Low-Low,p <= 0.05,56,5936.939716789463,59680.24245583559,83,0.20442003061874245,1,0,0.04267815191855912,0.7148829431438127,0.05154639175257732,1428,2638
36047015500,Census Tract 155; Kings County; New York,54,18,0,1.5683996514667442,-1.2318363747491778,Not significant,Not significant,Not significant,46,260.0584497272883,57385.413563719754,52,0.4937243550525667,3,15,0.039847641371227656,0.39136490250696376,0.09912170639899624,1829,3443
36047016300,Census Tract 163; Kings County; New York,74,28,0,1.6933638443935928,-0.19287224735924946,Not significant,Not significant,Not significant,44,11045.984587149904,52153.59097218704,79,0.3099094739574832,9,6,0.07964195547394996,0.6966800804828974,0.0847145488029466,2511,4370
36081007900,Census Tract 79; Queens County; New York,115,35,0,4.194018964259665,-1.0860610802079071,Not significant,Not significant,Not significant,42,4947.548725472848,59503.83573971994,27,0.7602850963439424,4,1,0.1673992673992674,0.6198406951484432,0.26892535733192163,1199,2742
36081015700,Census Tract 157; Queens County; New York,143,40,0,10.430342815463165,-0.30707435000299155,Not significant,Not significant,Not significant,26,17893.224310600905,70699.46423758478,38,0.22625647482841432,3,1,0.07950401167031364,0.9888423988842399,0.27794561933534745,803,1371
36081016300,Census Tract 163; Queens County; New York,62,16,0,1.5672396359959555,-0.9268449844741873,Not significant,Not significant,Not significant,28,13719.270399752566,62657.99959972682,19,0.2916328671141409,1,0,0.20753286147623862,0.913953488372093,0.03425042111173498,2478,3956
36081016600,Census Tract 166; Queens County; New York,188,57,0,4.6824408468244085,-0.0838559302366709,Not significant,Not significant,Not significant,35,2795.648421118518,85124.20198926324,23,0.6743077345283027,3,1,0.11349463706660015,0.3028052805280528,0.03117505995203837,2148,4015
36081017800,Census Tract 178; Queens County; New York,103,38,0,4.937679769894535,-1.1519286902620514,Not significant,Not significant,Not significant,38,5949.407463044373,71277.04991775184,17,1.7445950153731453,9,1,0.060882070949185046,0.31841652323580033,0.056818181818181816,1122,2086
36081018200,Census Tract 182; Queens County; New York,104,30,0,3.9800995024875623,-1.0559703049105322,Not significant,Not significant,Not significant,66,19311.191639338198,115819.82647899809,15,2.5018288030303872,24,2,0.1210019267822736,0.3342245989304813,0.022222222222222223,1342,2613
36081018300,Census Tract 183; Queens County; New York,277,74,0,5.476472914195334,-0.5217677660902237,Not significant,Not significant,Not significant,85,14204.850636410772,97713.92075466677,31,0.26630153478609464,0,0,0.18686968558433853,0.8266838266838267,0.07057416267942583,2784,5058
36081009600,Census Tract 96; Queens County; New York,97,36,0,3.1575520833333335,-0.2867325666707445,Not significant,Not significant,Not significant,24,6789.365496873178,88708.22469374082,18,0.3795737585010572,1,2,0.109375,0.20159680638722555,0.037463976945244955,1579,3072
36081010000,Census Tract 100; Queens County; New York,155,55,0,5.029201817001947,-0.5119290087975651,Not significant,Not significant,Not significant,66,6578.67629215764,105050.25015151862,26,0.44830269806155154,5,2,0.1054510058403634,0.20604099244875945,0.08669950738916256,1516,3082
36081010600,Census Tract 106; Queens County; New York,213,42,0,7.648114901256733,-0.35446655043568914,Not significant,Not significant,Not significant,35,1591.6245643530276,61855.546932836034,26,0.0766746315457253,1,5,0.14793536804308796,0.27552140504939626,0.1086105675146771,1377,2785
36081011300,Census Tract 113; Queens County; New York,118,34,0,2.65466816647919,-1.1117351713713612,Not significant,Not significant,Not significant,42,6098.086479885309,72726.58749022687,39,0.33026887858570175,2,1,0.08530272338510016,0.7865452706120385,0.05991440798858773,2279,4445
36081011600,Census Tract 116; Queens County; New York,59,23,0,2.650494159928122,-1.1412145575081896,Not significant,Not significant,Not significant,8,2615.210395395724,54201.15689795499,7,0.7499550906958025,4,0,0.3243486073674753,0.4110236220472441,0.045112781954887216,1009,2226
36081012100,Census Tract 121; Queens County; New York,41,10,0,1.914992993928071,-1.1020052530483586,Not significant,Not significant,Not significant,13,1119.6562574414527,45760.496816118844,16,0.762436524450263,0,0,0.10944808231992516,0.6046242774566474,0.1477832512315271,1058,2141
36081013200,Census Tract 132; Queens County; New York,117,39,0,5.969387755102041,-0.694289976128242,Not significant,Not significant,Not significant,50,14410.50976429164,114503.57252130305,12,0.4586993763907517,5,1,0.08182288969445883,0.653179190751445,0,846,1960
36081013400,Census Tract 134; Queens County; New York,82,41,0,1.4133057566356428,-1.3593897574727898,Cold 95%,Not significant,Not significant,42,8553.707261140835,65559.00307053735,17,0.7745074828695446,3,1,0.0736013986013986,0.6318548387096774,0.08045977011494253,3076,5802
36081014100,Census Tract 141; Queens County; New York,65,16,0,4.02975821450713,-0.5881793778156683,Not significant,Not significant,Not significant,22,27129.192329700956,73817.33077625367,12,1.011044191305161,5,0,0.09733415995040298,0.7645600991325898,0.07241379310344828,715,1613
36081014300,Census Tract 143; Queens County; New York,252,76,0,6.540358162470802,-0.6122913729487771,Not significant,Not significant,Not significant,23,6016.61023209349,48105.495399892665,28,0.6886113154340938,7,0,0.12851196670135276,0.8152974504249292,0.0749475890985325,1869,3853
36081015100,Census Tract 151; Queens County; New York,82,23,0,2.9613578909353557,-0.8858017859185869,Not significant,Not significant,Not significant,22,7928.347967874203,71275.13964713272,11,0.476908018980187,5,0,0.13567293777134587,0.741042345276873,0.1388499298737728,1425,2769
36081015500,Census Tract 155; Queens County; New York,230,70,0,10.854176498348277,-0.3683955208063684,Not significant,Not significant,Not significant,58,1078.1592028247974,35822.41460699841,94,0.439649501436497,6,0,0.042000943841434636,0.873589164785553,0.1696344892221181,1058,2119
36047098400,Census Tract 984; Kings County; New York,46,28,0,2.3908523908523907,-1.8426209326296235,Cold 99%,Low-Low,p <= 0.001,21,12647.02343329638,59869.90585520378,5,0.7876867154861136,0,0,0.09563409563409564,0.3010948905109489,0.20923520923520925,954,1924
36047098800,Census Tract 988; Kings County; New York,79,34,0,2.870639534883721,-1.5290759068275313,Cold 95%,Low-Low,p <= 0.05,30,13705.286737050961,67847.48673123638,13,0.5582115783487381,2,0,0.055900621118012424,0.4989059080962801,0.20104895104895104,1405,2752
36047100400,Census Tract 1004; Kings County; New York,27,20,0,1.1143210895583986,-1.6999589518860756,Cold 99%,Low-Low,p <= 0.01,13,1061.1122130861033,32595.637191851594,10,1.7842004429586766,1,2,0.11679735864630623,0.3934226552984166,0.23055295220243674,1373,2423
36047101000,Census Tract 1010; Kings County; New York,69,28,0,2.6775320139697323,-1.8194930308686756,Cold 99%,Low-Low,p <= 0.01,33,4252.78743483933,69131.0710816315,14,1.3156518621587432,21,1,0.09545983701979045,0.48258706467661694,0.11842105263157894,1509,2577
36047101800,Census Tract 1018; Kings County; New York,17,10,0,0.9502515371716043,-1.7944379021193948,Cold 99%,Low-Low,p <= 0.01,32,7419.365205222,61214.532268188486,8,1.404000652669439,23,0,0.0368921185019564,0.0930888575458392,0.17269544924154026,961,1789
36047109800,Census Tract 1098; Kings County; New York,238,108,33,10.136286201022147,0.5437176655240232,Not significant,Not significant,Not significant,100,41286.8777275974,204023.28891842312,12,0.30110889898555776,28,1,0.28887904297740363,0.7792592592592592,0.10358565737051793,1408,2348
36047110600,Census Tract 1106; Kings County; New York,99,52,0,2.404663589992713,1.0275485792336634,Not significant,Not significant,Not significant,42,1941.5794121860445,28444.362865880263,2,0.9908059849929547,0,0,0.3903327665776051,1,0.102288650163475,2411,4117
36047112400,Census Tract 1124; Kings County; New York,363,152,1,10.7396449704142,0.670225810192033,Not significant,Not significant,Not significant,61,1366.9072604063751,72220.32557299278,15,0.19919331646844338,15,9,0.12413377523350407,0.8260175578611333,0.1761998685075608,1644,3380
36047115000,Census Tract 1150; Kings County; New York,152,55,0,5.1316677920324105,1.1284136679044425,Not significant,Not significant,Not significant,28,527.5850773164091,76305.49221801298,6,0.3511132728839553,23,3,0.18356164383561643,0.6396677050882659,0.04841897233201581,1717,2962
36047115200,Census Tract 1152; Kings County; New York,231,95,0,9.030492572322126,1.6870332461116029,Not significant,Not significant,Not significant,33,1420.6157949919866,85695.88433084992,21,0.07876592200866447,19,4,0.11063330727130571,0.6939834024896265,0.16681071737251513,1430,2558
36047116600,Census Tract 1166; Kings County; New York,177,76,0,5.90393595730487,0.6233414712633214,Not significant,Not significant,Not significant,51,720.2042724249841,67364.11544439818,19,0.13203417960255243,21,9,0.19846564376250833,0.8165217391304348,0.08657664813343924,1839,2998
36047117201,Census Tract 1172.01; Kings County; New York,125,37,0,6.3742988271290155,0.34891447543272675,Not significant,Not significant,Not significant,50,790.0861267340977,52128.12234258312,19,0.26142484653360715,4,5,0.2728199898011219,0.4401114206128134,0.07593307593307594,1059,1961
36047117601,Census Tract 1176.01; Kings County; New York,85,23,0,2.8062066688676133,-0.39672353555767154,Not significant,Not significant,Not significant,28,1281.3927146795397,40803.49845147981,8,0.315175971979107,2,2,0.037098376946008614,0.6862745098039216,0.0565262076053443,1643,3029
36047118202,Census Tract 1182.02; Kings County; New York,121,50,0,3.6800486618004866,-0.44797708639528494,Not significant,Not significant,Not significant,21,6736.686400045722,64393.10667801416,7,0.33235722640041454,5,5,0.2062043795620438,0.621904761904762,0.05063291139240506,1802,3288
36047119200,Census Tract 1192; Kings County; New York,203,81,0,5.225225225225225,0.8236654648678168,Not significant,Not significant,Not significant,57,3834.427027547487,65710.5909430691,20,0.39699843779053834,30,0,0.11583011583011583,0.6209262435677531,0.10719754977029096,2168,3885
36047119600,Census Tract 1196; Kings County; New York,508,180,0,8.496404080949992,0.6108544578115728,Not significant,Not significant,Not significant,61,2722.0409906221007,104343.77400946108,48,0.10368020813017272,13,1,0.19909274193548387,0.8365570599613152,0.015706806282722512,3053,5979
36047054600,Census Tract 546; Kings County; New York,75,25,0,1.3958682300390843,-1.0382285616865528,Not significant,Not significant,Not significant,60,9503.884467063675,76906.34176804699,19,0.6314752754847792,4,0,0.24110303707844233,0.8184696569920844,0.0937350549976088,2420,5373
36005002400,Census Tract 24; Bronx County; New York,65,28,0,61.904761904761905,1.8846916619295777,Hot 95%,Low-High,p <= 0.05,58,6310.387215209085,22118.609476871094,1,1.6534339794803306,2,0,0.7428571428571429,NA,NA,77,105
36005034800,Census Tract 348; Bronx County; New York,250,97,0,4.131548504379442,-0.4251628356878664,Not significant,Not significant,Not significant,204,19832.42537045544,149111.93006573356,25,0.563798043036501,21,9,0.18905061197485942,0.5925925925925926,0.09691252144082332,3351,6051
36005007600,Census Tract 76; Bronx County; New York,514,178,0,9.786747905559787,2.3474064800509447,Not significant,Not significant,Not significant,65,13295.176637337097,103928.04789310633,11,0.20755617255799805,7,5,0.204233409610984,0.7403951701427003,0.10024691358024691,2295,5252
36005015200,Census Tract 152; Bronx County; New York,195,89,0,7.611241217798595,-0.47107155636192133,Not significant,Not significant,Not significant,275,17683.23293482593,116396.35036529256,24,2.1389853618858092,17,0,0.11560226354082458,0.4553752535496957,0.075046904315197,1165,2562
36005018301,Census Tract 183.01; Bronx County; New York,130,48,0,3.305364861428935,4.045684835440264,Hot 99%,Low-High,p <= 0.01,40,6988.9845360242625,31313.48456599504,7,0.4162395564313819,1,0,0.2837528604118993,0.7481902792140641,0.05612493899463153,2172,3933
36061021303,Census Tract 213.03; New York County; New York,260,124,0,4.479669193659545,2.5924873679819718,Hot 95%,High-High,p <= 0.05,60,7308.094055038617,68845.89950093493,49,0.41016919200400914,7,2,0.21190681622088006,0.8723849372384938,0.12002945508100148,2800,5804
36061024000,Census Tract 240; New York County; New York,258,78,0,10.772442588726513,0.6291773200465892,Not significant,Not significant,Not significant,4,3592.795598606954,5099.493577865698,1,1.8482449022563934,2,0,0.6975992613111727,NA,NA,365,2395
36061031704,Census Tract 317.04; New York County; New York,131,43,0,1.2974150737842924,1.4423996564999582,Hot 95%,Low-High,p <= 0.05,70,35203.54064847024,95169.09282297257,34,0.2956955231422187,1,0,0.03298009309695949,0.6100790091821482,0.13581841668204467,5576,10097
36081018502,Census Tract 185.02; Queens County; New York,88,21,0,2.865516118528167,-0.7917131218577936,Not significant,Not significant,Not significant,23,2168.988167456274,36229.966435654685,32,0.3943366703918134,1,0,0.10778248127645718,0.833861762840837,0.05228365384615385,1492,3071
36085027706,Census Tract 277.06; Richmond County; New York,98,42,0,3.154168007724493,-1.5016600928752073,Cold 99%,Low-Low,p <= 0.01,55,25658.686602519363,108285.85397248443,22,4.159545632864626,4,3,0.2922433215320245,0.2872340425531915,0.04568527918781726,1546,3107
36081029400,Census Tract 294; Queens County; New York,321,138,0,3.742131032874796,-0.10890687504864578,Not significant,Not significant,Not significant,97,67073.77146203426,422357.9390518939,27,3.820672083016158,49,10,0.14173228346456693,0.47984790874524713,0.07231040564373897,4480,8578
36081030903,Census Tract 309.03; Queens County; New York,169,59,0,3.2650695517774344,1.116995451117399,Not significant,Not significant,Not significant,58,3122.5737367105276,131796.95788909064,53,1.1606092439034155,6,0,0.026854714064914992,0.5144009216589862,0.24324324324324326,2390,5176
36081053100,Census Tract 531; Queens County; New York,118,31,0,3.6374845869297165,-1.2619072107639053,Cold 95%,Low-Low,p <= 0.05,76,11162.386794142069,143326.1759294133,29,2.044036782839365,19,3,0.10080147965474723,0.4714801444043321,0.07666666666666666,1601,3244
36081062200,Census Tract 622; Queens County; New York,53,21,0,2.5616239729337846,-2.188486745176267,Cold 99%,Low-Low,p <= 0.0001,99,12032.622145151494,175673.43395723597,20,5.186975962572369,3,2,0.08313194780086998,0.06499261447562776,0.01455604075691412,1338,2069
36081071303,Census Tract 713.03; Queens County; New York,57,15,0,1.0748632849330568,-1.0655614294130409,Not significant,Not significant,Not significant,9,4446.0887365144845,53883.963845619255,17,0.27597597204286867,0,0,0.09541768810107486,0.6084249084249084,0.029160739687055477,2854,5303
36081071306,Census Tract 713.06; Queens County; New York,119,41,0,1.6546162402669633,-1.0951720361167365,Not significant,Not significant,Not significant,87,8659.417677680874,80830.33712625288,22,0.2824349387459128,4,1,0.1707452725250278,0.7770291947385306,0.038556446637877856,3951,7192
36081075702,Census Tract 757.02; Queens County; New York,77,25,0,1.4703074279167463,-0.9038419620313186,Not significant,Not significant,Not significant,74,5856.342782820121,147782.88431251168,56,0.4643007706218097,6,5,0.05746209098164405,0.37285223367697595,0.07028753993610223,2547,5237
36081006501,Census Tract 65.01; Queens County; New York,358,214,139,12.001340931947704,0.3046878464930879,Not significant,Not significant,Not significant,23,16381.118837752076,53055.009905876424,48,0.2456643855875045,0,0,0.06805229634596044,0.9447815533980582,0.22227465785747993,1386,2983
36081129104,Census Tract 1291.04; Queens County; New York,74,31,0,1.765267175572519,-1.3159652753333877,Not significant,Not significant,Not significant,72,25921.208251916632,180387.93092935663,34,4.020796710020565,1,0,0.0825381679389313,0.2013613159387408,0.0521505376344086,2244,4192
36081006202,Census Tract 62.02; Queens County; New York,255,96,0,3.480278422273782,1.284743277740889,Not significant,Not significant,Not significant,153,41974.788718385804,233895.837254601,28,1.5501593040054282,79,2,0.07288112460761567,0.49144050104384135,0.0702639751552795,3901,7327
36081030904,Census Tract 309.04; Queens County; New York,133,54,0,4.8879088570378535,-0.29568565511695477,Not significant,Not significant,Not significant,56,14514.317111805729,121116.35517430578,19,1.6691438593139472,6,0,0.1209114296214627,0.5425,0.20948616600790515,1301,2721
36081093402,Census Tract 934.02; Queens County; New York,57,28,0,1.368547418967587,-0.8414610166272296,Not significant,Not significant,Not significant,144,10325.58159733656,141988.61278703023,43,0.4587950566254805,4,3,0.09819927971188476,0.5251926496739775,0.12089630015633142,2015,4165
36081099802,Census Tract 998.02; Queens County; New York,108,52,0,2.0093023255813955,-0.32445602867608164,Not significant,Not significant,Not significant,70,11459.297817655934,64858.03061942727,6,0.7412536110332114,65,5,0.274046511627907,0.9082211197732105,0.03751705320600273,3096,5375
36005021700,Census Tract 217; Bronx County; New York,356,136,0,7.111466240511386,2.435434740326645,Hot 95%,High-High,p <= 0.05,100,7413.336157105041,42499.98726457467,22,0.1375278939316094,3,0,0.3826173826173826,0.9788550799381124,0,2496,5006
36005022200,Census Tract 222; Bronx County; New York,488,175,0,14.654654654654655,1.2757598507356245,Not significant,Not significant,Not significant,229,24721.237466190567,86791.49061609646,20,0.3733074088659801,7,2,0.2681137266890859,0.8383838383838383,0.04137323943661972,1626,3330
36005023703,Census Tract 237.03; Bronx County; New York,633,264,0,12.764670296430731,3.9932968389644947,Hot 95%,High-High,p <= 0.05,55,28951.677919013244,97713.64890286302,26,0.20692138171455238,2,1,0.3938536190861302,0.9814713896457765,0,2714,4959
36005026702,Census Tract 267.02; Bronx County; New York,235,98,0,3.4351702967402424,2.267039705705821,Hot 95%,High-High,p <= 0.05,105,7766.249606398863,60415.08786214884,14,0.5562704175086202,1,1,0.20199209022996925,0.8236449332285939,0.034874905231235785,3482,6841
36005027401,Census Tract 274.01; Bronx County; New York,228,104,0,4.584757691534285,0.22136109270911503,Not significant,Not significant,Not significant,313,23799.509608749013,291371.83564201207,45,1.0949820243385946,43,4,0.09189623969434949,0.2766304347826087,0.03310562270099842,2483,4973
36005029301,Census Tract 293.01; Bronx County; New York,72,27,0,3.84204909284952,-0.8308907934851603,Not significant,Not significant,Not significant,126,5981.376644402441,28696.543447183,20,1.6835546535089847,16,0,0.05497076023391813,0.14164004259850904,0.05342741935483871,1193,1874
36005036000,Census Tract 360; Bronx County; New York,116,48,0,4.174163368118028,0.06712272306360605,Not significant,Not significant,Not significant,101,16511.994485326948,113001.50954347632,11,0.4057360265213324,16,5,0.1866977829638273,0.33575883575883575,0.04658077304261645,1555,2779
36085006700,Census Tract 67; Richmond County; New York,73,33,0,2.3786249592701205,-1.6061154537268485,Cold 95%,Low-Low,p <= 0.05,181,45610.14617409581,257282.47867683263,61,2.234846050875305,20,2,0.062254259501965926,0.37164429530201343,0.08378170637970792,1565,3069
36005039500,Census Tract 395; Bronx County; New York,755,320,0,17.20209614946457,3.3755723591549653,Hot 95%,High-High,p <= 0.05,169,21174.586674071474,169570.77853731773,35,0.7616189328881624,33,5,0.41467304625199364,0.9384953322350357,0.06901840490797546,2224,4389
36005040303,Census Tract 403.03; Bronx County; New York,194,69,0,4.8512128032008,1.1754178668933628,Not significant,Not significant,Not significant,54,17389.850410778414,46662.84597946585,6,0.3003066768480762,2,2,0.30778894472361806,0.9389090909090909,0.014336917562724014,2161,3999
36005014701,Census Tract 147.01; Bronx County; New York,122,61,0,2.0019691499835903,1.384491459362355,Not significant,Not significant,Not significant,18,4448.619977264985,33471.17704790847,27,0.8841290544972465,0,0,0.6044371405094494,0.9900447984071677,0.019521717911176184,3252,6094
36005021001,Census Tract 210.01; Bronx County; New York,131,54,0,1.7830406968830814,1.0666115847711402,Not significant,Not significant,Not significant,94,21398.361537697518,37079.45960153526,19,0.8673580839066133,2,0,0.1896270078954533,0.7156890261015998,0.08991060025542784,3931,7347
36005021002,Census Tract 210.02; Bronx County; New York,91,32,0,1.2241054613935969,0.46215845835107533,Not significant,Not significant,Not significant,80,16740.528069423544,37370.17893096841,6,0.6456163921176417,0,0,0.23468286099865046,0.7963901203293223,0.0801048645499563,4030,7434
36005028400,Census Tract 284; Bronx County; New York,207,95,0,55.3475935828877,2.066756130739041,Hot 95%,High-High,p <= 0.05,315,31108.145229062833,118879.6179000764,11,0.5915040854220107,10,2,0.7925925925925926,NA,NA,182,374
36047000502,Census Tract 5.02; Kings County; New York,96,35,0,3.5502958579881656,1.0572912973442143,Not significant,Not significant,Not significant,54,12994.363755111566,45328.19164991891,58,0.14685201346180574,1,2,0.07523277467411546,0.5874499332443258,0.06316447779862414,1391,2704
36047015200,Census Tract 152; Kings County; New York,54,12,0,2.353966870095902,-1.1730100747001642,Not significant,Not significant,Not significant,115,27388.105737288584,92005.77329403821,21,0.5912326652423039,2,1,0.14178049929345266,0.4563986409966025,0.1376953125,1298,2294
36047050804,Census Tract 508.04; Kings County; New York,83,35,0,1.250565014313696,-0.1358768206231837,Not significant,Not significant,Not significant,27,3075.894835346351,28820.083948075127,32,0.2611526671339734,1,0,0.05981618200994425,0.8876611418047882,0.05957741600277104,3221,6637
36047051002,Census Tract 510.02; Kings County; New York,120,48,0,3.2653061224489797,-0.2478531365956003,Not significant,Not significant,Not significant,51,5978.767997002194,38489.82629993151,16,0.30212717035828496,0,0,0.17333333333333334,0.901131625967838,0.14205416453755748,1806,3675
36085012806,Census Tract 128.06; Richmond County; New York,72,29,0,1.1851851851851851,-1.6704426800081003,Cold 99%,Low-Low,p <= 0.01,142,41090.34748642309,261565.51281506466,43,1.4943207551088342,74,6,0.12640821736249172,0.64,0.07589461266220998,2884,6075
36047069602,Census Tract 696.02; Kings County; New York,121,57,0,2.0694373182828802,-1.7367443901215904,Cold 99%,Low-Low,p <= 0.01,76,31513.276596842334,180758.42369712633,39,2.718252115475954,32,8,0.03627652292950034,0.18474923234390994,0.18684977111943404,2889,5847
36047076800,Census Tract 768; Kings County; New York,94,24,0,2.413350449293967,-1.8399984065558936,Cold 99%,Low-Low,p <= 0.01,51,34195.15854373545,136520.63009107477,59,0.17733148142382069,12,1,0.20818838640620818,0.6728571428571428,0.024390243902439025,1723,3895
36047119800,Census Tract 1198; Kings County; New York,410,153,0,11.667615253272624,2.0273786539915273,Not significant,Not significant,Not significant,95,22643.788595139424,143789.70585917257,29,0.26902365021215024,34,32,0.35832313341493266,0.7251908396946565,0.13316790736145576,1694,3514
36047150200,Census Tract 1502; Kings County; New York,65,22,0,2.2538141470180304,-1.963821595075585,Cold 99%,Low-Low,p <= 0.001,71,28169.5882426328,125338.67398555815,44,0.6310424308582762,10,8,0.03903799233182294,0.41866913123844735,0.051709027169149865,1431,2884
36047035602,Census Tract 356.02; Kings County; New York,113,36,0,1.717064275945905,0.7362901059552174,Not significant,Not significant,Not significant,30,14854.662327523396,65229.09310391678,13,0.22222381401744168,0,0,0.15605531074304818,0.5943249142500779,0.06173200702165009,3339,6581
36047079802,Census Tract 798.02; Kings County; New York,244,80,0,4.876099120703437,-0.5537437272913635,Not significant,Not significant,Not significant,70,6838.89628847435,41457.99361872449,30,0.29916897262946807,2,1,0.1223021582733813,0.9830890642615558,0.03306686046511628,2594,5004
36081018101,Census Tract 181.01; Queens County; New York,129,48,0,3.652321630804077,-0.9844403921407131,Not significant,Not significant,Not significant,14,5426.672832163601,39289.78345163642,12,0.08157499924702474,1,0,0.14281658148779103,0.8997785160575859,0.04797047970479705,1626,3532
36005009302,Census Tract 93.02; Bronx County; New York,284,86,0,89.0282131661442,2.8011038926373097,Hot 95%,High-High,p <= 0.05,270,71150.13312196589,331415.5739413356,18,1.6229956990474834,65,0,0.3333333333333333,NA,NA,0,319
36005051601,Census Tract 516.01; Bronx County; New York,123,57,0,3.2131661442006267,-0.4698150803535276,Not significant,Not significant,Not significant,328,39802.51970674401,282127.4941993656,77,3.5216965169097314,76,5,0.05198537095088819,0.2565418163160595,0.1104518484710178,2048,3828
36005046209,Census Tract 462.09; Bronx County; New York,219,78,0,4.93688007213706,1.04362486348097,Not significant,Not significant,Not significant,161,53066.73022786412,171637.58473356432,16,0.5629612802564576,57,3,0.5189359783588818,0.8560283687943262,0.10928616550852811,2458,4436
36005048401,Census Tract 484.01; Bronx County; New York,327,145,0,8.401849948612538,1.4238464885329891,Not significant,Not significant,Not significant,204,45678.130463862915,186631.6371089888,29,0.31135531078519985,43,5,0.11188450631606084,0.5347721822541966,0.05299015897047691,1893,3892
36085017702,Census Tract 177.02; Richmond County; New York,29,10,0,1.36986301369863,-1.5851695237229642,Cold 95%,Low-Low,p <= 0.05,136,25663.780475990836,175527.94738690925,25,0.8516489441487318,47,3,0.1365139348134152,0.21624588364434688,0.040042149631190724,1276,2117
36085022602,Census Tract 226.02; Richmond County; New York,69,30,0,5.025491624180626,-1.7251376878021436,Cold 99%,Low-Low,p <= 0.01,123,72668.87786130275,294776.13648189214,50,2.050857988027668,358,3,0.26438455935906774,0.5244072524407253,0.07124352331606218,802,1373
36085018703,Census Tract 187.03; Richmond County; New York,51,18,0,1.3298565840938723,-1.9493241525694949,Cold 99%,Low-Low,p <= 0.001,94,11151.490277293218,159636.22852610698,23,3.0866334550816905,40,4,0.10101010101010101,0.2710196779964222,0.11829652996845426,1855,3835
36085020701,Census Tract 207.01; Richmond County; New York,109,40,0,3.240190249702735,-0.20322313582298776,Not significant,Not significant,Not significant,77,32413.169432757943,111342.49527182138,19,5.438342985655596,31,14,0.20035671819262782,0.6149369544131911,0.1357921207041073,1596,3364
36085004004,Census Tract 40.04; Richmond County; New York,63,28,0,1.6431924882629108,-1.6122187839428062,Cold 95%,Low-Low,p <= 0.05,105,21076.68453022415,114487.10357892865,36,0.6945092335521008,36,4,0.14469537815126052,0.44554455445544555,0.1460415065334358,2204,3834
36005013800,Census Tract 138; Bronx County; New York,95,48,0,3.10254735467015,-1.0517080922806492,Not significant,Not significant,Not significant,212,53233.81176527138,158053.17521498137,16,3.299597412811487,26,0,0.18549967341606793,0.2645418326693227,0.03683806600153492,1554,3062
36005041800,Census Tract 418; Bronx County; New York,207,81,0,6.095406360424028,1.47411753017316,Not significant,Not significant,Not significant,63,8999.8909250978,77333.205108154,33,0.37138652940744515,4,1,0.15787905868334823,0.8494957331264547,0.02126044039483675,1805,3396
36005031000,Census Tract 310; Bronx County; New York,225,92,0,4.8722390645301,1.0751360100309064,Not significant,Not significant,Not significant,284,15136.907411014341,236426.86213163345,53,1.181061038844254,11,22,0.04192421392098898,0.27807900852052675,0.06313497822931785,2197,4618
36005034300,Census Tract 343; Bronx County; New York,44,22,0,2.6715239829993926,-0.5668415445160457,Not significant,Not significant,Not significant,20,4576.219735217443,45368.02750007894,14,2.2650508710556885,26,1,0.048763736263736264,0.5408695652173913,0,817,1647
36005019300,Census Tract 193; Bronx County; New York,323,143,0,5.429483946881829,2.283202821353773,Hot 95%,High-High,p <= 0.05,41,11290.809778163752,41836.161025980844,13,0.6721505990831257,4,1,0.14978204010462076,0.9769749900754268,0,2796,5949
36005034400,Census Tract 344; Bronx County; New York,83,30,0,4.8340128130460105,-0.434894460110313,Not significant,Not significant,Not significant,45,9607.520754950125,71837.50466163043,18,0.9087175640180758,7,2,0.3407494145199063,0.4180887372013652,0.07131537242472266,957,1717
36005045101,Census Tract 451.01; Bronx County; New York,111,49,0,6.548672566371682,-0.30558953492668944,Not significant,Not significant,Not significant,94,6466.134770539312,59597.429972592785,30,0.7439472097757575,2,6,0.018332347723240685,0.8135922330097087,0.010566762728146013,810,1695
36005036501,Census Tract 365.01; Bronx County; New York,293,113,0,6.834616281782132,2.696907915701341,Hot 95%,High-High,p <= 0.05,35,6582.073539390749,49317.7723427187,14,0.7446867767385917,1,1,0.24515978539771402,0.9349480968858132,0.012303485987696514,2120,4287
36005021302,Census Tract 213.02; Bronx County; New York,210,86,0,3.560528992878942,1.8795550681160693,Hot 95%,High-High,p <= 0.05,46,5778.161142207844,47192.05751243031,11,0.39506931664826295,9,3,0.4138691081722618,0.9883820998278829,0.01982285955293125,2776,5898
36005007900,Census Tract 79; Bronx County; New York,406,147,0,5.945233562747108,3.4880837577571366,Hot 95%,High-High,p <= 0.05,87,35959.54536434227,119872.89865176822,16,0.2598224522861834,4,1,0.31252753708327213,0.9842696629213483,0.035543996532293023,3571,6829
36005008500,Census Tract 85; Bronx County; New York,396,163,0,6.750767132628708,4.738117484511299,Hot 99%,High-High,p <= 0.01,82,12468.064069465947,82981.62175819902,26,0.22530319466318607,3,3,0.26855485412045726,0.8236637734125172,0,3397,5866
36005028600,Census Tract 286; Bronx County; New York,94,47,0,7.532051282051282,0.18491726907379735,Not significant,Not significant,Not significant,184,10699.157351284639,65425.04153456511,14,1.1099827801492566,6,1,0.07211538461538461,0.5657894736842105,0.04659498207885305,558,1248
36005028500,Census Tract 285; Bronx County; New York,208,80,0,6.078316773816481,0.795351314965368,Not significant,Not significant,Not significant,116,23097.89497517032,94122.20780683905,48,0.2457310880036807,14,3,0.10339777387229057,0.7509727626459144,0.061064718162839246,1615,3422
36005040900,Census Tract 409; Bronx County; New York,567,190,0,17.062894974420704,1.9833713241212902,Not significant,Not significant,Not significant,183,58493.10934352952,166064.6677125365,14,0.45575232902115775,6,0,0.03851941017153175,0.6635911994322214,0.01674808094905792,1817,3323
36005023501,Census Tract 235.01; Bronx County; New York,343,141,0,11.576105298683766,2.3801815152414916,Hot 95%,High-High,p <= 0.05,56,20050.288978035394,50825.68480062008,3,0.2007236342932602,1,5,0.40600742490718866,0.990916597853014,0,1677,2963
36081005100,Census Tract 51; Queens County; New York,131,37,0,5.688232739904472,-0.0610785404645973,Not significant,Not significant,Not significant,18,8464.841952325021,50023.10773982412,60,0.2520282860212589,7,0,0.08033000434216239,0.9578454332552693,0.2257479601087942,1219,2303
36081005500,Census Tract 55; Queens County; New York,107,36,0,7.925925925925926,-0.4072948650001151,Not significant,Not significant,Not significant,10,2187.6637102579552,70289.28360336865,59,0.2124200551009779,1,4,0.07898658718330849,0.8741379310344828,0.18309859154929578,695,1350
36081016400,Census Tract 164; Queens County; New York,67,28,0,2.106918238993711,-0.3053151056517371,Not significant,Not significant,Not significant,12,7736.398216580123,82086.20405087425,14,0.7875414713330116,7,1,0.11061806656101426,0.23208191126279865,0.055853920515574654,1367,3180
36081009800,Census Tract 98; Queens County; New York,199,60,0,8.98014440433213,-0.23350678360978488,Not significant,Not significant,Not significant,51,4886.977114251049,66537.39051577462,17,0.1432937201593621,0,1,0.13357400722021662,0.46364883401920437,0.0267022696929239,1129,2216
36081011100,Census Tract 111; Queens County; New York,39,14,0,1.3269819666553249,-0.6854227526535837,Not significant,Not significant,Not significant,24,12487.894890685797,73617.67744196713,29,0.5771208049525728,3,0,0.12827492344334807,0.7179866765358993,0.04724964739069112,1492,2939
36081014500,Census Tract 145; Queens County; New York,37,11,0,1.5232606010703993,-0.41603749185436806,Not significant,Not significant,Not significant,30,15852.085149448543,54600.48062149023,4,1.0125220785298474,3,3,0.09685430463576158,0.8182674199623352,0.08919382504288165,1338,2429
36081002000,Census Tract 20; Queens County; New York,49,26,0,2.762119503945885,-1.3187071067955598,Not significant,Not significant,Not significant,54,7876.696988805843,46016.71441541861,9,0.3298681117776594,3,0,0.11555806087936867,0.3940677966101695,0.024793388429752067,969,1774
36081003900,Census Tract 39; Queens County; New York,123,41,0,8.31081081081081,-0.37912696864257817,Not significant,Not significant,Not significant,44,5274.10878210207,73114.26043881084,7,0.9575071087766154,4,0,0.1972972972972973,0.9017341040462428,0.14497528830313014,761,1480
36081032800,Census Tract 328; Queens County; New York,89,43,0,3.0881332408049964,-0.5487670019544698,Not significant,Not significant,Not significant,69,14514.01264931063,148460.17101850497,10,5.110641885606141,13,1,0.09982238010657193,0.34505494505494505,0.0410958904109589,1506,2882
36081023200,Census Tract 232; Queens County; New York,113,38,0,2.308006535947712,0.06363829282295552,Not significant,Not significant,Not significant,25,17690.000464999055,106073.05415259383,25,0.46068845409970743,6,0,0.12548512289780078,0.6237519705727799,0.07080078125,2384,4896
36081027000,Census Tract 270; Queens County; New York,54,22,0,2.7878162106350026,-1.5780913520711843,Cold 95%,Low-Low,p <= 0.05,14,12951.891635201637,66225.12214895326,10,1.7039643531812132,11,5,0.05162622612287042,0.2769857433808554,0.09908256880733946,927,1937
36081028300,Census Tract 283; Queens County; New York,620,210,0,8.181578252837161,4.07529544214396,Hot 95%,High-High,p <= 0.01,37,3566.1496956167875,62588.333058179625,46,0.4026704234298387,0,0,0.11722772277227722,0.6500904159132007,0.018923713778829097,3768,7578
36081028900,Census Tract 289; Queens County; New York,319,90,0,6.565136859436098,3.020702295696955,Hot 95%,High-High,p <= 0.05,19,6792.5189129698665,82560.67011936198,53,0.4930750693080799,1,0,0.0903478081909858,0.7363328495403967,0,2767,4859
36081053601,Census Tract 536.01; Queens County; New York,28,14,0,1.5900056785917092,-1.5400791458803753,Cold 95%,Low-Low,p <= 0.05,27,8423.069973559808,82408.68925564505,15,3.2769298203470374,3,6,0.16695059625212946,0.36834733893557425,0.032520325203252036,984,1761
36081036500,Census Tract 365; Queens County; New York,116,43,0,3.5269078747339617,0.004605749067004493,Not significant,Not significant,Not significant,16,12318.788157527953,77568.6123483703,3,1.0967593281923842,19,5,0.1787777439951353,0.5893416927899686,0.22068403908794787,1404,3289
36081042700,Census Tract 427; Queens County; New York,190,60,0,4.460093896713615,0.489096984430997,Not significant,Not significant,Not significant,51,7990.923368330938,66619.95250818323,12,0.8982648573541091,3,2,0.17986641221374045,0.7162883845126836,0.0329244673983215,2253,4260
36081045700,Census Tract 457; Queens County; New York,86,32,0,2.7001569858712715,0.7746453608781656,Not significant,Not significant,Not significant,9,1083.6543474268792,51544.425280210984,12,0.5151308201673531,3,2,0.09230769230769231,0.6794543904518329,0.07125890736342043,1458,3185
36081046600,Census Tract 466; Queens County; New York,227,67,0,5.58288243974422,-0.19774287909703853,Not significant,Not significant,Not significant,30,7739.667364050738,52442.667400857965,24,0.1731865522518755,2,0,0.18322675848499753,0.7459874389392882,0.057236842105263155,1989,4066
36081050202,Census Tract 502.02; Queens County; New York,28,11,0,2.0028612303290414,-1.3506830679966997,Not significant,Not significant,Not significant,10,2019.4296596578392,76341.29025105273,11,2.0901638820540565,6,5,0.18526466380543632,0.39955357142857145,0.017543859649122806,711,1398
36081059400,Census Tract 594; Queens County; New York,22,11,0,1.3197360527894422,-2.051694525098616,Cold 99%,Low-Low,p <= 0.0001,38,4453.927822542777,87242.61476279523,7,4.715542136476322,2,0,0.010197960407918417,0.06941838649155722,0,810,1667
36081062500,Census Tract 625; Queens County; New York,79,32,0,2.9958285930982176,-1.131770718235049,Not significant,Not significant,Not significant,42,5151.295160975216,77588.25712935784,27,1.00895352915967,9,0,0.045885475919605616,0.4129301355578728,0.059803921568627454,1335,2637
36081063700,Census Tract 637; Queens County; New York,115,37,0,3.3285094066570187,-1.774153133045797,Cold 99%,Low-Low,p <= 0.001,150,22859.911892775166,175820.96361684534,43,1.779236264405745,12,3,0.18453639383871942,0.32195500387897596,0.05636896046852123,1590,3455
36081066900,Census Tract 669; Queens County; New York,17,8,0,1.0047281323877069,-1.8254031073674708,Cold 99%,Low-Low,p <= 0.01,12,5195.807752407754,45624.20128467781,20,1.3870376619487335,5,1,0.1524822695035461,0.48826291079812206,0.13765182186234817,938,1692
36081055800,Census Tract 558; Queens County; New York,22,7,0,1.334141904184354,-1.4170946797221446,Not significant,Not significant,Not significant,24,1969.5228260583467,83102.68675996474,16,3.7237958650142065,2,2,0.0624620982413584,0.28064992614475626,0,872,1649
36081056700,Census Tract 567; Queens County; New York,106,36,0,2.3038469897848293,-0.7785663182849142,Not significant,Not significant,Not significant,65,10239.000004577747,127027.01260239689,40,1.0104263593185014,3,3,0.04412084329493588,0.32682926829268294,0.03415783274440518,2348,4601
36081086100,Census Tract 861; Queens County; New York,58,25,0,2.8898854010961634,-1.9035474935179542,Cold 99%,Low-Low,p <= 0.01,36,4131.44696671773,51272.366132123076,20,1.0730383629756524,2,0,0.2640757349277529,0.5039267015706806,0.08502994011976048,911,2007
36081090700,Census Tract 907; Queens County; New York,128,44,0,8.349641226353555,-0.40957260397732276,Not significant,Not significant,Not significant,70,59223.83036704348,236335.31144128475,9,1.7219359027679446,93,0,0.07436399217221135,0.24199288256227758,0.01056338028169014,736,1533
36081068200,Census Tract 682; Queens County; New York,49,22,0,4.491292392300641,-0.9778747367304573,Not significant,Not significant,Not significant,28,4545.01594519824,69780.27335672421,13,5.725770740384327,20,2,0.12648945921173235,0.2668463611859838,0.08168316831683169,666,1091
36081079200,Census Tract 792; Queens County; New York,161,78,0,5.89311859443631,-0.3053151056517371,Not significant,Not significant,Not significant,51,9690.322985012524,111258.403816894,19,2.970501788640355,20,2,0.17285339332583427,0.46424642464246424,0.021528525296017224,1643,2732
36081084000,Census Tract 840; Queens County; New York,236,93,0,3.3995966580236243,-0.5992678055150638,Not significant,Not significant,Not significant,42,20629.451795565707,262864.5091098362,44,1.499884758055138,30,5,0.14001728608470182,0.14428096820123398,0.019087523277467412,3399,6942
36081140902,Census Tract 1409.02; Queens County; New York,50,19,0,1.996007984031936,-1.220065491161023,Not significant,Not significant,Not significant,129,16727.613923859564,203772.40939223344,22,3.585542459787989,2,5,0.0846307385229541,0.2863741339491917,0.02914798206278027,1266,2505
36081098700,Census Tract 987; Queens County; New York,93,48,0,3.5893477421844846,-0.7147896269231083,Not significant,Not significant,Not significant,55,26529.141690140983,164129.24114936817,39,4.539117481119553,15,4,0.08259359320725589,0.3435643564356436,0.04806786050895382,1188,2591
36081118500,Census Tract 1185; Queens County; New York,32,10,0,1.6008004002001,-1.5416088756493782,Cold 95%,Low-Low,p <= 0.05,28,4301.536057839924,64815.94555784789,8,2.2136201732455296,1,3,0.1570785392696348,0.7117241379310345,0.06088082901554404,1091,1999
36081121500,Census Tract 1215; Queens County; New York,138,53,0,3.1221719457013575,-0.4827027061912852,Not significant,Not significant,Not significant,111,25851.825414851057,188297.96918574805,37,2.9514844881419626,6,2,0.09773755656108597,0.49089584850691914,0.0378416257883672,2194,4420
36081152901,Census Tract 1529.01; Queens County; New York,98,35,0,1.7459469089613397,-1.6281629567832576,Cold 99%,Low-Low,p <= 0.01,67,24922.25827959529,202028.1590713425,34,6.119608458951578,11,2,0.08676287190450739,0.2682608695652174,0.08585055643879173,2792,5613
36047040800,Census Tract 408; Kings County; New York,49,16,0,1.3329706202393907,-1.4095000149713515,Not significant,Not significant,Not significant,52,9796.969069906105,70394.09115624576,21,0.319377174780603,2,0,0.25924918389553864,0.5009363295880149,0.05150976909413854,1940,3676
36047044700,Census Tract 447; Kings County; New York,317,95,0,13.564398801882756,1.4705805856731167,Not significant,Not significant,Not significant,29,889.2238629400042,67965.6473600114,34,0.0268275445712046,9,3,0.34521253756977244,0.9363256784968684,0.029381965552178316,1205,2337
36047046800,Census Tract 468; Kings County; New York,61,11,0,3.340635268346112,-1.9808704455951163,Cold 99%,Low-Low,p <= 0.001,39,11281.669150833872,70540.65372974821,17,0.4697352691573028,7,0,0.11226725082146768,0.604,0.2025518341307815,823,1826
36047043300,Census Tract 433; Kings County; New York,466,220,96,11.56614544551998,2.3442138194663698,Hot 95%,Not significant,Not significant,56,3359.6855871379084,62617.61688452458,28,0.34310813481103297,4,2,0.29908165797964753,0.8904299583911235,0.01904761904761905,1935,4029
36047044400,Census Tract 444; Kings County; New York,58,14,0,2.1666044079193125,-1.9242690238202138,Cold 99%,Low-Low,p <= 0.001,48,5275.318406529075,65044.41854495162,36,0.41833849383317,2,11,0.31976092641016063,0.7555791710945803,0.2711076684740511,1376,2677
36047055500,Census Tract 555; Kings County; New York,312,100,0,3.4767104969913083,0.5555761574558788,Not significant,Not significant,Not significant,42,18578.19282954278,135235.24937262625,49,0.5459435910963683,11,4,0.03153554713617116,0.8079455164585698,0.11705752655842855,4612,8974
36047057100,Census Tract 571; Kings County; New York,117,36,0,2.9824114198317613,-0.5253248324901141,Not significant,Not significant,Not significant,22,13737.496712574717,89090.5790130052,14,0.3084095183230009,2,2,0.07596227377007392,0.8215488215488216,0.04589261128958238,2289,3923
36047059000,Census Tract 590; Kings County; New York,67,25,0,3.5207566999474516,-1.0427840396409676,Not significant,Not significant,Not significant,27,8818.655541253496,51749.773775635644,38,0.3464575430259785,8,0,0.11665790856542302,0.5945121951219512,0.03671071953010279,992,1903
36047052700,Census Tract 527; Kings County; New York,340,179,101,6.12281649558797,0.9570707823470909,Not significant,Not significant,Not significant,58,7583.283072220823,70698.78548522668,31,0.1675644243329789,3,2,0.24620664739884393,0.9229534510433387,0.01966955153422502,2846,5553
36047053500,Census Tract 535; Kings County; New York,75,30,0,1.6265452179570592,-1.1113790690990093,Not significant,Not significant,Not significant,112,10935.290234228334,51597.76332206584,28,0.38219303216357686,2,1,0.3606592929950119,0.6872852233676976,0.04590163934426229,2011,4611
36047066200,Census Tract 662; Kings County; New York,43,14,0,3.7100949094046594,-1.6483054760996185,Cold 95%,Low-Low,p <= 0.01,48,13803.069171007952,81930.88041121683,37,2.815871345032894,9,5,0.15616911130284727,0.24649298597194388,0.1912479740680713,548,1159
36047077000,Census Tract 770; Kings County; New York,81,39,0,2.9136690647482015,-1.2946041692640085,Not significant,Not significant,Not significant,30,8445.92855903695,58348.427090514604,23,0.6255215932094533,1,6,0.13271960107403144,0.5692025664527957,0.12580128205128205,1539,2780
36047083000,Census Tract 830; Kings County; New York,277,118,0,4.882778071567072,-0.7576154208187307,Not significant,Not significant,Not significant,46,2801.613833720262,77524.98360017847,19,0.2620244903063958,1,0,0.13590692755156003,0.7790590405904059,0.14511041009463724,2665,5673
36047086400,Census Tract 864; Kings County; New York,121,56,0,5.4529067147363675,-0.6510601050716589,Not significant,Not significant,Not significant,68,10605.346383110347,60717.434740504745,19,1.0160885583720656,8,3,0.2014420910319964,0.49515738498789347,0.09030837004405286,1196,2219
36047069800,Census Tract 698; Kings County; New York,94,39,0,6.728704366499642,-1.7588508255114703,Cold 99%,Low-Low,p <= 0.01,33,36587.42453494187,131534.14126869466,33,3.5127186267047725,18,6,0.035153328347045626,0.21882951653944022,0.1761006289308176,776,1397
36047099200,Census Tract 992; Kings County; New York,37,17,0,2.2533495736906213,-1.8035488580282242,Cold 99%,Low-Low,p <= 0.01,14,4928.269892290606,41430.21004776545,13,1.0170870279003537,4,4,0.17113276492082827,0.2850678733031674,0.13559322033898305,977,1642
36047112000,Census Tract 1120; Kings County; New York,243,91,0,7.479224376731302,2.247244483248697,Hot 95%,High-High,p <= 0.05,22,3743.7656523507867,70886.58371509689,20,0.3040440195654578,19,2,0.1188057863958141,0.6680887372013652,0.1094224924012158,1589,3249
36047089400,Census Tract 894; Kings County; New York,182,76,0,5.180757187588955,0.7885180980337466,Not significant,Not significant,Not significant,41,5540.841632612081,94256.34116653448,10,0.014594951010779284,13,5,0.28807287218901223,0.6638005159071367,0.0169061707523246,2076,3513
36047090200,Census Tract 902; Kings County; New York,119,65,0,2.962409758526263,0.8750721791676257,Not significant,Not significant,Not significant,64,1133.9341833367585,86820.76598979537,12,0.686494720417008,7,3,0.4202087045049631,0.7128205128205128,0.06429942418426103,2301,4017
36047016000,Census Tract 160; Kings County; New York,222,75,0,5.015815634884772,-1.7596509453263374,Cold 99%,High-Low,p <= 0.01,118,10939.56310881986,109688.51823845277,37,0.4272017778917006,9,2,0.166741979213737,0.7792768483540206,0.06508577194752775,2293,4426
36047022100,Census Tract 221; Kings County; New York,139,48,0,3.7325456498388827,1.1028403921251446,Not significant,Not significant,Not significant,60,5207.99310161699,57123.24482978815,36,0.31721798888687047,3,13,0.21133190118152523,0.8041666666666667,0.07692307692307693,1774,3724
36047017400,Census Tract 174; Kings County; New York,46,12,0,2.3896103896103895,-1.6925798839165815,Cold 99%,Low-Low,p <= 0.01,52,1316.5098409760706,47360.47332089071,16,0.9521951506280446,2,0,0.13454545454545455,0.33841886269070737,0.037383177570093455,1009,1925
36047018600,Census Tract 186; Kings County; New York,24,7,0,1.2585212375458836,-1.850000000599117,Cold 99%,Low-Low,p <= 0.01,17,0.21918149034342327,52016.42638829927,75,0.448765732909833,0,1,0.0529627687467226,0.459546925566343,0.05648854961832061,1076,1907
36047011800,Census Tract 118; Kings County; New York,208,78,0,11.140867702196037,-0.8082741037466519,Not significant,Not significant,Not significant,45,7146.534466848451,66270.29580591906,27,0.01997545706175276,6,1,0.275307980717729,0.8866459627329193,0.0967741935483871,969,1867
36047014500,Census Tract 145; Kings County; New York,100,35,0,2.1362956633198036,-0.521097743566062,Not significant,Not significant,Not significant,58,7320.51552580868,85691.41987079145,40,0.2856419634726715,7,6,0.12112796411023286,0.7433439829605963,0.0744208969935929,2268,4681
36047024300,Census Tract 243; Kings County; New York,139,55,0,3.14550803349174,0.13744923145667345,Not significant,Not significant,Not significant,20,1025.364021152438,41031.62931955434,21,0.24762458477513663,3,12,0.13577732518669383,0.6308169596690796,0.06929740134744947,2327,4419
36047024900,Census Tract 249; Kings County; New York,333,166,0,8.029901133349409,0.35055986295081737,Not significant,Not significant,Not significant,71,4172.254866515006,55706.41917473778,43,0.3311455302089733,8,7,0.13991270611057227,0.9364191251271617,0.07176581680830972,2200,4147
36047117202,Census Tract 1172.02; Kings County; New York,94,36,0,1.9915254237288136,-0.14980955371223922,Not significant,Not significant,Not significant,8,52.836918660374515,40355.68624309035,13,0.31784917588942724,2,2,0.18393727484636577,0.5557823129251701,0.07079646017699115,2625,4720
36047122000,Census Tract 1220; Kings County; New York,405,175,0,5.793162637677013,0.7229731141444331,Not significant,Not significant,Not significant,152,50139.029182543534,206915.53481010554,29,1.4846181640857479,120,5,0.050064368473751966,0.7858267716535433,0.017788089713843776,3738,6991
36047030400,Census Tract 304; Kings County; New York,140,44,0,3.0939226519337018,-0.6742685041264299,Not significant,Not significant,Not significant,108,13807.128203181983,137219.20329249938,37,0.801293207257136,4,0,0.13694975544686527,0.532890365448505,0.08063530849114234,2032,4525
36047027500,Census Tract 275; Kings County; New York,138,57,0,2.6176024279210925,-0.3399185830902087,Not significant,Not significant,Not significant,45,124.48229959064211,62076.222277322726,24,0.49627651738755457,5,6,0.23805007587253416,0.5756560580681184,0.05288207297726071,2539,5272
36047027900,Census Tract 279; Kings County; New York,115,55,0,2.6957337083919364,-0.07072303210249047,Not significant,Not significant,Not significant,28,819.5231166170511,46302.25012055085,21,0.8838267711150962,18,19,0.17981220657276994,0.6252955082742316,0.09952102182011709,2235,4266
36047036001,Census Tract 360.01; Kings County; New York,100,41,0,3.5161744022503516,-0.06044894759940342,Not significant,Not significant,Not significant,41,11741.195909429678,49901.152116111036,22,0.2549151998734674,0,0,0.35337552742616035,0.8533034714445689,0.0784313725490196,1685,2844
36047039300,Census Tract 393; Kings County; New York,265,100,0,6.977356503422854,0.93235188692983,Not significant,Not significant,Not significant,37,6040.515385373266,87908.16815170857,20,0.2729937499544069,25,6,0.16324381253291206,0.8393183201460742,0.0329605650382578,1877,3798
36047033500,Census Tract 335; Kings County; New York,101,32,0,2.698370291210259,-1.0571744125565015,Not significant,Not significant,Not significant,91,2083.5836458806775,72113.89097238958,45,0.2012690139249801,9,5,0.17441176470588235,0.4748427672955975,0.06744868035190615,2102,3743
36047035400,Census Tract 354; Kings County; New York,641,318,76,10.551440329218106,0.7791628751048741,Not significant,Not significant,Not significant,45,16110.484383277553,85064.8075922614,32,0.191899045348315,1,0,0.09662551440329219,0.5084033613445378,0.057736720554272515,3074,6075
36047050401,Census Tract 504.01; Kings County; New York,62,28,0,2.4622716441620334,-1.3088683495029012,Not significant,Not significant,Not significant,45,9898.988014681003,43558.91080619314,49,0.19589978990352766,2,0,0.04646544876886418,0.62605752961082906,0.04213938411669368,1369,2518
36047120803,Census Tract 1208.03; Kings County; New York,104,30,0,7.703703703703703,0.15530666237010152,Not significant,Not significant,Not significant,17,9495.63299109491,50816.535778053396,5,0.6708295405107034,42,1,0.28,0.7130124777183601,0.044293015332197615,833,1350
36047059404,Census Tract 594.04; Kings County; New York,61,19,0,1.550584646670056,-1.188343572667835,Not significant,Not significant,Not significant,61,1780.5814012583735,74022.73602342754,33,0.74124435067586,3,1,0.07473309608540925,0.7153996101364523,0.051756007393715345,1753,3934
36047005302,Census Tract 53.02; Kings County; New York,102,43,0,82.92682926829268,-0.9698963923703321,Not significant,Not significant,Not significant,92,34730.72919191325,124210.47372599285,6,1.1239383748831007,16,1,0,1,0,64,123
36047044901,Census Tract 449.01; Kings County; New York,169,69,0,6.224677716390423,-0.5399547118220072,Not significant,Not significant,Not significant,66,50853.424995540685,156685.41378374616,17,0.7708378068083253,1,4,0.26298342541436465,0.9923444976076555,0.019699812382739212,1261,2715
36047078801,Census Tract 788.01; Kings County; New York,131,56,0,7.728613569321534,-0.5636847461590598,Not significant,Not significant,Not significant,33,2601.7285133068626,24130.95070206749,8,0.3249324737169779,2,9,0.20855937311633513,0.7359307359307359,0.2204724409448819,870,1695
36047014102,Census Tract 141.02; Kings County; New York,63,23,0,3.1003937007874014,-1.4367721943074616,Cold 95%,Low-Low,p <= 0.05,11,926.3674343632757,26033.076459990127,21,0.2654769653789126,3,1,0.08169291338582677,0.5618101545253863,0.1925133689839572,1155,2032
36047010801,Census Tract 108.01; Kings County; New York,61,12,0,3.248136315228967,-0.9549804476976701,Not significant,Not significant,Not significant,32,520.9031905891358,25084.514734290035,9,0.8612673433415912,2,0,0.2955271565495208,0.7198581560283688,0.08589951377633712,844,1878
36047053101,Census Tract 531.01; Kings County; New York,30,11,0,0.9933774834437086,-1.1071738250034027,Not significant,Not significant,Not significant,18,4089.465126148005,34209.3556462318,18,0.4213894953295176,1,0,0.4248344370860927,0.689119170984456,0.04297520661157025,1537,3020
36047001502,Census Tract 15.02; Kings County; New York,490,191,0,9.35471554028255,4.132238916574143,Hot 99%,High-High,p <= 0.01,86,41975.836741622006,77953.65441384134,44,0.19671042204319691,0,0,0.16344497607655503,0.8545150501672241,0.08028298984927715,2595,5238
36081101004,Census Tract 1010.04; Queens County; New York,125,52,0,1.979727589483687,-0.3648542923025171,Not significant,Not significant,Not significant,98,20010.24995077793,144699.07356608816,33,1.0898356005469574,28,5,0.28638667632150616,0.7773906310491676,0.02491506228765572,2970,6314
36081100804,Census Tract 1008.04; Queens County; New York,78,34,0,1.46948003014318,-0.5660421739071866,Not significant,Not significant,Not significant,74,20554.823265466955,171207.84177125306,29,0.5706126578401888,30,1,0.08939190485325149,0.47494852436513385,0.07019783024888322,2545,5308
36081033405,Census Tract 334.05; Queens County; New York,56,27,0,1.5371946198188307,-0.7068715859244952,Not significant,Not significant,Not significant,13,8895.669670033318,96280.87848097624,6,4.2602947159708595,8,1,0.0654911838790932,0.5793313069908814,0.013788968824940047,1910,3643
36081025401,Census Tract 254.01; Queens County; New York,168,59,0,4.48,-0.3249926202370542,Not significant,Not significant,Not significant,24,9910.374633000694,105150.94509830375,7,0.8776445796986019,29,12,0.03896450493728316,0.7452357071213641,0.10663082437275985,1542,3750
36081066402,Census Tract 664.02; Queens County; New York,68,34,0,1.929078014184397,-1.2887798491793618,Not significant,Not significant,Not significant,38,8637.266184639855,141326.39133385185,13,5.9904788662484725,3,2,0.06023054755043228,0.3201542912246866,0.07904085257548846,1887,3525
36081033403,Census Tract 334.03; Queens County; New York,253,148,76,5.845656192236599,-0.14789498896920156,Not significant,Not significant,Not significant,13,14378.158281893251,51108.18645040998,8,3.4784935809867608,0,0,0.22001386642015253,0.867311072056239,0,2588,4328
36081033404,Census Tract 334.04; Queens County; New York,67,32,0,1.099983582334592,0.014444506359663063,Not significant,Not significant,Not significant,11,3082.1680758281186,22745.63269195721,3,3.8861609464329985,0,0,0.16319159415531112,0.9203346671516915,0,3841,6091
36081040701,Census Tract 407.01; Queens County; New York,140,43,0,4.401131719585036,0.7520742743984286,Not significant,Not significant,Not significant,8,2190.5412715464386,35964.575871988964,2,0.2523243088937084,3,0,0.36728599867286,0.9060489060489061,0,1837,3181
36081049201,Census Tract 492.01; Queens County; New York,87,41,0,3.418467583497053,-1.6349961737148797,Cold 99%,Low-Low,p <= 0.01,188,9687.766633472933,50754.26143653302,9,2.3927807985295013,0,0,0.16470125786163523,0.9118541033434651,0.015706806282722512,1524,2545
36005043501,Census Tract 435.01; Bronx County; New York,241,95,0,23.837784371909002,1.3876112214615635,Not significant,Not significant,Not significant,84,30655.3044208236,63082.6613428157,7,0.4443467044567162,0,0,0.3590504451038576,1,0.03879310344827586,577,1011
36005033801,Census Tract 338.01; Bronx County; New York,109,48,0,5.420188960716062,0.30367552402210574,Not significant,Not significant,Not significant,36,8327.714493274721,43983.18521604295,25,0.2660550539841572,4,2,0.22923918448533068,0.8335158817086528,0.037934668071654375,1099,2011
36061030900,Census Tract 309; New York County; New York,298,112,0,2.906466400078026,1.7428907294836287,Not significant,Not significant,Not significant,118,41698.30612483394,108077.28323252399,44,0.145807595533409,3,5,0.36672193504340195,0.9135618479880775,0.0937331172339276,6074,10253
36061004400,Census Tract 44; New York County; New York,312,109,0,1.8392972941107115,1.3713438857501705,Not significant,Not significant,Not significant,42,57348.54199881005,110983.4978879017,19,0.8968284711472113,1,2,0.09367446795967695,1,0.07874901563730453,8244,16963
36061013203,Census Tract 132.03; New York County; New York,33,12,0,0.7717492984097287,-1.3502788015639602,Not significant,Not significant,Not significant,12,0.30350704965002173,13075.13023996455,52,0.5688466236578844,1,1,0.3360617399438728,0.6070539419087136,0.10575139146567718,2314,4276
36081066301,Census Tract 663.01; Queens County; New York,61,22,0,2.2492625368731565,-1.90149163404814,Cold 99%,Low-Low,p <= 0.001,54,6586.2095718372775,125278.30768517459,32,1.3270006772576675,1,0,0.029867256637168143,0.1562189054726368,0.04376784015223597,1575,2712
36081088903,Census Tract 889.03; Queens County; New York,93,36,0,1.975780752071383,-0.32007324159072514,Not significant,Not significant,Not significant,61,17002.018675116957,82612.85186308522,27,1.8139501905245643,3,0,0.2281243112188671,0.20408163265306123,0.02729528535980149,2331,4707
36081028801,Census Tract 288.01; Queens County; New York,90,42,0,3.1994312122289372,-1.1649285168761876,Not significant,Not significant,Not significant,15,7457.704784897014,108300.0659649263,11,2.8251055450388045,19,11,0.07358691788126555,0.4149577804583836,0.047126436781609195,1578,2813
36081027102,Census Tract 271.02; Queens County; New York,93,20,0,3.5187287173666286,1.4011952762169466,Not significant,Not significant,Not significant,13,1420.7787985928746,17038.740325982802,4,0.18759712371153667,0,0,0.21137890161991307,0.9198355601233299,0.022110552763819097,1356,2643
36081046901,Census Tract 469.01; Queens County; New York,160,41,0,3.4107866126625455,-0.15238122737536233,Not significant,Not significant,Not significant,25,1240.2012924994044,26115.36096412297,10,0.30744874010627066,2,0,0.14026859944574718,0.785449146250928,0.05407303370786517,2367,4691
36081000702,Census Tract 7.02; Queens County; New York,174,49,0,3.747576997630842,0.7400528566932252,Not significant,Not significant,Not significant,79,32280.718999771823,141813.8688717217,68,0.26839605708763,9,1,0.15442601766099504,0.8600823045267489,0.18353632927341454,2326,4643
36081017901,Census Tract 179.01; Queens County; New York,45,12,0,4.30622009569378,-0.5292139648405864,Not significant,Not significant,Not significant,16,4647.306387258397,27145.145324326855,7,0.19573446829468472,0,0,0.022157996146435453,0.9490022172949002,0.034261241970021415,475,1045
36081030906,Census Tract 309.06; Queens County; New York,69,25,0,1.6763848396501457,-0.0269124558064869,Not significant,Not significant,Not significant,34,4942.925174558411,83487.30005057878,26,0.7611910016140304,1,0,0.072998046875,0.7097472924187725,0.04482758620689655,2159,4116
36081091603,Census Tract 916.03; Queens County; New York,10,2,0,0.22660321776569228,-1.689652803907342,Cold 99%,Low-Low,p <= 0.0001,37,31939.00063571578,65391.46673131712,6,4.465968701731864,12,1,0.06662134602311352,0.005361930294906166,0.349721059972106,2378,4413
36081040302,Census Tract 403.02; Queens County; New York,328,89,0,7.439328645951463,2.520026091561201,Hot 95%,High-High,p <= 0.05,26,5559.989647053067,47193.84472434598,9,0.2741641273692342,5,3,0.21791044776119403,0.7325367647058824,0.017163504968383016,1762,4409
36081040901,Census Tract 409.01; Queens County; New York,104,31,0,5.720572057205721,0.5210483681461321,Not significant,Not significant,Not significant,1,2615.5884103697763,23051.318178820475,3,0.3300236600149947,0,0,0.1001100110011001,0.6337078651685393,0.049145299145299144,831,1818
36061012602,Census Tract 126.02; New York County; New York,85,25,0,1.7068273092369477,0.48178547776094055,Not significant,Not significant,Not significant,26,3537.1942032939864,39581.92738347813,53,0.11002243971064572,7,1,0.023694779116465864,0.5756079027355623,0.28185538881309685,2894,4980
36061023804,Census Tract 238.04; New York County; New York,18,7,0,0.5076142131979695,-1.6441556478343693,Cold 95%,Low-Low,p <= 0.05,1,124.44014470435306,124.44014470435306,3,0.5384942081822192,3,0,0.1772594752186589,0.9021249195106246,0.16370490037695207,1843,3546
36061004002,Census Tract 40.02; New York County; New York,132,44,0,2.1059349074664966,1.197555070801844,Not significant,Not significant,Not significant,31,3638.0736751158042,41229.89226927226,41,0.200822625804472,0,0,0.1872331340734415,0.8177083333333334,0.09219858156028368,3418,6268
36061013603,Census Tract 136.03; New York County; New York,40,12,0,0.8970621215519174,-1.3707784523588267,Not significant,Not significant,Not significant,7,2139.293897576959,20590.80727223323,14,0.5663554621698582,0,0,0.05763169743358847,0.9520089285714286,0.0066518847006651885,2695,4459
36061012902,Census Tract 129.02; New York County; New York,187,60,0,7.208943716268312,3.3128878887234157,Hot 99%,High-High,p <= 0.01,45,34557.7436770129,97232.8150637607,54,1.1797153602371404,2,1,0.1892572387746538,0.7264,0.1605104096709201,1340,2594
36061002901,Census Tract 29.01; New York County; New York,272,121,0,48.39857651245551,2.0469204896442026,Hot 95%,High-High,p <= 0.05,35,38176.06819538775,62176.23574329803,57,0.1260296353890888,0,0,0.6590909090909091,1,0,58,562
36005009000,Census Tract 90; Bronx County; New York,251,88,0,6.500906500906501,0.14897428398758888,Not significant,Not significant,Not significant,221,23992.288057107122,155519.8624255898,19,2.3052807381633307,21,0,0.42853347502656747,0.8446526151444185,0,2536,3861
36005024501,Census Tract 245.01; Bronx County; New York,129,45,0,2.656507413509061,0.3967469939540812,Not significant,Not significant,Not significant,42,9023.807768776987,33470.08907848346,12,0.5781367114747035,4,1,0.32827758154996883,0.9067484662576687,0,2414,4856
36005033500,Census Tract 335; Bronx County; New York,123,46,0,5.500894454382826,-0.4324647021187005,Not significant,Not significant,Not significant,236,48349.16373135668,110752.12735026453,35,0.7841584987158086,33,2,0.13458262350936967,0.5243445692883895,0.07291666666666667,1246,2236
36005027600,Census Tract 276; Bronx County; New York,185,72,0,120.12987012987013,1.2265469724014915,Not significant,Not significant,Not significant,149,14351.21066502894,50372.952122500166,3,0.5958215887667093,3,0,0.1038961038961039,0.3548387096774194,0,68,154
36047035601,Census Tract 356.01; Kings County; New York,52,14,0,2.235597592433362,0.6938297826384008,Not significant,Not significant,Not significant,6,2712.6473577857723,15318.790599925534,3,0.41292293499880606,0,0,0.1895958727429063,0.7079455977093773,0.09929078014184398,1374,2326
36047056100,Census Tract 561; Kings County; New York,282,119,58,7.625743645213629,0.19857354446513276,Not significant,Not significant,Not significant,48,20331.434925341302,142986.1925801969,47,0.48850641277199497,7,3,0.060860156883959966,0.8268029528676888,0.10061287027579162,1755,3698
36047029200,Census Tract 292; Kings County; New York,96,25,0,3.838464614154338,-0.6236800678348139,Not significant,Not significant,Not significant,66,4085.508507291906,51197.69269523985,8,0.6777246360975889,2,0,0.17273090763694524,0.6932938856015779,0.01744186046511628,1245,2501
36081026901,Census Tract 269.01; Queens County; New York,547,160,0,12.06972639011474,3.5052465134761124,Hot 95%,High-High,p <= 0.05,50,5396.021036619773,48354.012210985915,14,0.15187808739399455,1,0,0.2087378640776699,0.8646517739816032,0.04216488357457521,2379,4532
36081061301,Census Tract 613.01; Queens County; New York,202,70,0,3.8808837656099904,-1.2602786578260579,Cold 95%,High-Low,p <= 0.05,169,17893.500117828316,135737.58571927538,44,0.3816401824717663,5,2,0.11642651296829971,0.7314917127071823,0.10440376051459674,2362,5205
36081012500,Census Tract 125; Queens County; New York,103,33,0,7.573529411764706,-0.3121905704171,Not significant,Not significant,Not significant,65,34171.85369245182,94375.33369361839,21,0.20591284192931664,9,1,0.07680945347119646,0.8759811616954474,0.3143164693218515,639,1360
36061029900,Census Tract 299; New York County; New York,452,165,0,12.797281993204983,1.8848926765534246,Not significant,Not significant,Not significant,132,20126.006258827758,115174.80534724482,67,0.20908437884936484,12,0,0.18601359003397508,0.9828448892065761,0.08322411533420708,1912,3532
36081044302,Census Tract 443.02; Queens County; New York,241,72,0,4.954769736842105,0.20058322040966686,Not significant,Not significant,Not significant,65,5187.154353968194,86008.84834773319,6,0.8634039297961089,3,0,0.22875412541254125,0.6659877800407332,0.020611702127659573,2534,4864
36081100801,Census Tract 1008.01; Queens County; New York,41,17,0,1.408450704225352,-0.19196559939316662,Not significant,Not significant,Not significant,52,41469.66345946438,183631.77929361552,28,1.2932014215228853,80,0,0.04912401236688423,0.3002832861189802,0,1437,2911
36081077906,Census Tract 779.06; Queens County; New York,125,47,0,3.1677648251393817,-0.7824948343456731,Not significant,Not significant,Not significant,43,17337.074295044917,109075.2495151799,27,1.955197954620658,4,1,0.10243407707910751,0.4135546334716459,0.041749502982107355,1991,3946
36081097204,Census Tract 972.04; Queens County; New York,93,43,0,2.1861777150916786,-1.1342304075582135,Not significant,Not significant,Not significant,82,24421.576587790394,138633.24627811354,8,0.45399223371051745,45,4,0.14067278287461774,0.8098859315589354,0.03521643433602348,2330,4254
36081138502,Census Tract 1385.02; Queens County; New York,64,26,0,69.56521739130434,-1.799517138310931,Cold 95%,Low-Low,p <= 0.05,140,22788.88156897118,89072.97557747597,4,5.442411373328468,4,0,0.4225352112676056,NA,NA,0,92
36085027705,Census Tract 277.05; Richmond County; New York,46,17,0,0.7517568230102958,-1.4693338615793015,Cold 95%,Low-Low,p <= 0.05,84,18146.293571443697,152636.95429825806,25,3.6524758419096814,0,1,0.06847524105245956,0.20839733742959549,0.07308970099667775,3116,6119
36085001100,Census Tract 11; Richmond County; New York,170,83,0,3.503709810387469,-0.10891105898595178,Not significant,Not significant,Not significant,67,19371.276213773577,112420.46462403833,31,0.692497019531034,45,10,0.3410964550700742,0.5464566929133858,0.16226912928759896,2297,4852
36085003300,Census Tract 33; Richmond County; New York,49,31,0,1.2823868097356712,-0.6191245898803993,Not significant,Not significant,Not significant,189,55431.47662250353,204947.25671956915,16,1.0134020276466813,77,8,0.131640931693274,0.43177046885934217,0.06540222367560497,1878,3821
36085024700,Census Tract 247; Richmond County; New York,52,15,0,1.8342151675485008,-0.6718088148032654,Not significant,Not significant,Not significant,77,28754.11274189475,116604.66509629175,22,5.589691056906351,14,3,0.1044828803388634,0.3325740318906606,0.07966457023060797,1354,2835
36085031901,Census Tract 319.01; Richmond County; New York,62,34,0,1.5704154002026343,-1.136690096881378,Not significant,Not significant,Not significant,68,16765.08037863468,89270.60834604142,11,7.259540295182828,17,1,0.37436676798378926,0.7990115321252059,0.03803486529318542,2223,3948
36047005400,Census Tract 54; Kings County; New York,71,28,0,2.072992700729927,-1.136690096881378,Not significant,Not significant,Not significant,34,8359.899364718985,61361.21314233943,64,0.4301148189628388,6,9,0.06773722627737226,0.6978869217589948,0.056573275862068964,1847,3425
36047016400,Census Tract 164; Kings County; New York,5,1,0,0.5102040816326531,-1.0079861979311198,Not significant,Not significant,Not significant,3,2333.9580293878503,5696.141995619719,1,0.9668327788421818,0,0,0,0.9075144508670521,0,397,980
36081010300,Census Tract 103; Queens County; New York,123,41,0,3.1417624521072796,-0.6510129355613021,Not significant,Not significant,Not significant,80,15030.240054978625,99479.57859290966,36,0.6988043767072413,2,4,0.11654232055569848,0.7745732783990583,0.14018218623481782,1581,3915
36005004300,Census Tract 43; Bronx County; New York,590,240,0,10.925925925925926,5.915708535727503,Hot 99%,High-High,p <= 0.01,110,26415.240548548052,143176.25368172606,22,0.2824797227136318,8,7,0.4714814814814815,0.8618834080717489,0.01891772987241531,3047,5400
36081011900,Census Tract 119; Queens County; New York,51,17,0,3.183520599250936,-1.0463990021245329,Not significant,Not significant,Not significant,12,627.8155871497021,39491.84694448126,14,0.6594906818970527,2,0,0.06928838951310862,0.876577840112202,0.11207970112079702,680,1602
36081013800,Census Tract 138; Queens County; New York,63,20,0,1.5679442508710801,-1.1338935987292618,Not significant,Not significant,Not significant,30,8250.260567222975,97302.56282346848,23,0.4837745521611861,9,1,0.22036852589641434,0.4438466711499664,0.05886075949367089,2004,4018
36081014700,Census Tract 147; Queens County; New York,139,54,0,4.5335942596216565,-0.5068227120664767,Not significant,Not significant,Not significant,32,3990.632718066768,52856.801946921245,16,0.7738065193683417,3,1,0.09915198956294846,0.9065817409766455,0.09885204081632654,1533,3066
36005005400,Census Tract 54; Bronx County; New York,498,157,0,9.084275811747537,3.6090214184962766,Hot 95%,High-High,p <= 0.05,83,11136.668129949752,70416.8395110216,34,0.15498248724392746,1,4,0.24844947099598685,0.8917995444191344,0.12243878060969515,2574,5482
36005023302,Census Tract 233.02; Bronx County; New York,84,29,0,2.1238938053097347,2.3878975000348324,Hot 95%,Low-High,p <= 0.05,24,4605.981412418727,20989.058207110873,1,0.248518458076626,2,0,0.24096080910240203,0.9362292051756007,0,1860,3955
36005034200,Census Tract 342; Bronx County; New York,84,30,0,5.1692307692307695,-0.725648826094609,Not significant,Not significant,Not significant,56,6408.961679453956,70846.40223606129,15,0.6845953937633794,8,9,0.1883967560823456,0.608,0.1610738255033557,861,1625
36005032800,Census Tract 328; Bronx County; New York,172,71,0,4.162633107454018,0.4954750923668349,Not significant,Not significant,Not significant,84,13424.98455396951,82623.4476899764,24,0.5457472434978947,5,0,0.18807785888077858,0.8763326226012793,0.0779816513761468,2172,4132
36005012500,Census Tract 125; Bronx County; New York,356,131,0,8.897775556110972,2.644875364457741,Hot 95%,High-High,p <= 0.05,113,15376.628233729278,88804.08200015161,23,0.20660082107687844,10,5,0.29781900225620456,0.7964113181504486,0.028169014084507043,2067,4001
36005036502,Census Tract 365.02; Bronx County; New York,213,80,0,9.313511149978137,1.940962588376544,Hot 95%,High-High,p <= 0.05,66,3203.1714944890064,42212.01675439492,1,0.5666690601902347,2,0,0.37587719298245614,0.9557291666666666,0.061124694376528114,1228,2287
36005018400,Census Tract 184; Bronx County; New York,224,98,0,5.764282038085435,0.7671094392480363,Not significant,Not significant,Not significant,348,26080.236007366784,201732.13603263925,19,0.9325652503467039,41,5,0.12995367987647968,0.5417910447761194,0.07330567081604426,1949,3886
36005021602,Census Tract 216.02; Bronx County; New York,236,88,0,3.9157126265140203,2.1512957845347196,Hot 95%,High-High,p <= 0.05,38,28948.10797647944,67559.09140796869,8,0.4559213731392563,6,0,0.17836402853824457,0.7872068230277186,0.0679650238473768,2973,6027
36061001401,Census Tract 14.01; New York County; New York,109,49,0,2.940383059077421,4.3953996487096685,Hot 99%,Low-High,p <= 0.01,29,8878.16525097579,31659.40384017371,8,0.2892514948120217,0,0,0.043277082199237885,0.24013340744858255,0.10274314214463841,1630,3707
36061017300,Census Tract 173; New York County; New York,135,46,0,1.4449320346783687,0.6515040410592993,Not significant,Not significant,Not significant,79,4230.283325796315,65821.56560065386,86,0.28807838955784315,2,2,0.05961682543080381,0.7089324618736383,0.12136294027565084,4502,9343
36061021200,Census Tract 212; New York County; New York,537,210,0,10.277511961722489,2.415601882129071,Not significant,Not significant,Not significant,78,13787.527076902566,56055.13640534892,59,0.15807306217944503,3,0,0.20698602794411178,0.8980582524271845,0.08725289706884799,3119,5225
36061015200,Census Tract 152; New York County; New York,100,39,0,1.3042911177774879,-1.3118690832637736,Not significant,Not significant,Not significant,45,12147.083023809118,60165.89786786964,149,0.8550554511880699,0,0,0.20920829529150906,0.797415004214667,0.13321967851924013,4333,7667
36061024900,Census Tract 249; New York County; New York,239,124,65,24.288617886178862,1.9128255385331405,Hot 95%,High-High,p <= 0.05,20,2474.4927414813033,27656.014748868332,4,0.3169376736512739,0,0,0.09654471544715447,0.902127659574468,0.15315315315315314,562,984
36061023900,Census Tract 239; New York County; New York,134,43,0,4.208542713567839,2.449536936292635,Hot 95%,Low-High,p <= 0.05,20,5446.933246659608,36452.144472746906,8,0.2063955496361151,2,1,0.18090452261306533,0.952006294256491,0.03785011355034065,1737,3184
36061001402,Census Tract 14.02; New York County; New York,354,136,0,10.222350563095581,4.7542658320978815,Hot 99%,High-High,p <= 0.01,50,20943.98523834614,62533.90413996828,39,0.15890611875831265,2,0,0.3001155401502022,0.9171901770416905,0.16220095693779904,1850,3463
36061003200,Census Tract 32; New York County; New York,578,170,0,7.348080345792016,1.9281799601880396,Not significant,Not significant,Not significant,117,4984.518813303439,87518.70286448016,58,0.5775811716806343,1,2,0.14429188914314772,0.7726506531816266,0.05098980203959208,3791,7866
36061002000,Census Tract 20; New York County; New York,68,28,0,1.3470681458003169,-0.31188414544663023,Not significant,Not significant,Not significant,26,3686.911758156709,13525.995392158326,24,1.2385757370350992,1,0,0.35459587955625993,1,0.034923757993113626,2729,5048
36061007300,Census Tract 73; New York County; New York,595,289,129,11.03282032264046,3.945028044776723,Hot 95%,High-High,p <= 0.05,81,5083.130496949161,73512.36294005396,89,0.1273062292580818,0,1,0.10606341553866122,0.8243243243243243,0.1992786293958521,2601,5393
36047048100,Census Tract 481; Kings County; New York,74,26,0,2.4584717607973423,0.21367934153599702,Not significant,Not significant,Not significant,13,11438.976146029834,70705.7289363815,10,0.28238813729636947,2,4,0.14750830564784054,0.7941787941787942,0.038,1553,3010
36061011000,Census Tract 110; New York County; New York,244,91,0,3.6094674556213016,0.4807875612211137,Not significant,Not significant,Not significant,75,21220.900036310202,105472.32067161874,51,0.35239912864774187,3,8,0.016272189349112426,0.8552380952380952,0.2655875299760192,4171,6760
36061021400,Census Tract 214; New York County; New York,183,86,0,6.197087707416187,1.709170450020085,Hot 95%,Not significant,Not significant,60,6885.011238299686,27376.92767260343,15,0.2913745726368729,0,0,0.24527653727241497,1,0.07080035180299032,1483,2953
36081069702,Census Tract 697.02; Queens County; New York,56,18,0,1.3117826188803,-1.3434455846323383,Not significant,Not significant,Not significant,153,8560.407687501887,130347.89876085329,141,0.853038688834902,4,2,0.11406476558724021,0.22040549378678875,0.049720323182100686,2104,4269
36081076902,Census Tract 769.02; Queens County; New York,147,62,0,9.363057324840764,-0.8201153830531915,Not significant,Not significant,Not significant,15,4689.215643288094,42726.337976857074,25,0.2625037519363082,0,4,0.04522292993630573,0.7707006369426752,0.049924357034795766,911,1570
36047053300,Census Tract 533; Kings County; New York,46,9,0,0.7021828728438406,-1.143345663823131,Not significant,Not significant,Not significant,95,14226.23881271558,73248.23615863013,64,0.4794693135758658,1,1,0.45678243264289053,0.7290552584670231,0.09613319011815252,3531,6551
36047060800,Census Tract 608; Kings County; New York,276,87,0,7.776838546069316,-1.1540456428882335,Cold 95%,High-Low,p <= 0.05,135,44447.69824926419,160675.89538422163,173,0.5327201548460836,15,4,0.1484170781295382,0.7123050259965338,0.06785137318255251,1910,3549
36081109900,Census Tract 1099; Queens County; New York,79,30,0,2.3248969982342556,-1.6486626075781239,Cold 99%,Low-Low,p <= 0.01,39,17564.608680503352,159513.82868601978,30,3.7915972370908153,4,1,0.11506768687463213,0.2633279483037157,0.02749410840534171,1608,3398
36081116100,Census Tract 1161; Queens County; New York,54,18,0,1.490066225165563,0.03914197453252624,Not significant,Not significant,Not significant,13,3571.168172975501,43195.87134099902,9,0.8845905391890869,2,2,0.20430107526881722,0.5673707210487983,0.07542087542087542,1953,3624
36081120500,Census Tract 1205; Queens County; New York,57,23,0,2.1356313225927313,-1.5081031846792354,Cold 95%,Low-Low,p <= 0.05,8,1172.0230457017458,61223.188114922334,9,1.4301615922133784,8,5,0.2267530487804878,0.7151832460732984,0.08173076923076923,1352,2669
36081147100,Census Tract 1471; Queens County; New York,129,61,29,3.3858267716535435,-1.322945933837472,Cold 95%,Low-Low,p <= 0.05,83,14265.964722844903,161400.87945004276,31,5.624143607894143,7,1,0.1763779527559055,0.3019271948608137,0.05273833671399594,2115,3810
36061029300,Census Tract 293; New York County; New York,515,173,0,6.428660591686431,2.5418126717210203,Not significant,Not significant,Not significant,115,5532.22034248603,61390.6927214916,60,0.1815962069577022,0,0,0.357758082636375,0.9945224238274564,0.0466710182767624,4781,8011
36061019200,Census Tract 192; New York County; New York,103,47,0,2.6628748707342296,2.0048307118624744,Hot 95%,Low-High,p <= 0.05,54,3943.3572361345136,18679.425732790864,6,0.8591009582684681,5,3,0.4690974915955521,1,0.08083663086489543,2253,3868
36061014401,Census Tract 144.01; New York County; New York,38,20,0,0.7590890930882941,-1.1452822936152982,Not significant,Not significant,Not significant,22,4386.275068848366,26385.562565876648,73,0.4625435849415481,0,0,0.05313623651618058,0.5043610163064088,0.14327485380116958,2693,5006
36085013204,Census Tract 132.04; Richmond County; New York,32,14,0,0.6467259498787389,-2.085988491201936,Cold 99%,Low-Low,p <= 0.0001,183,43426.33388191066,435682.51105758327,61,0.655898902686476,58,9,0.11379800853485064,0.37003912800447175,0.08677896886166411,2444,4948
36085011201,Census Tract 112.01; Richmond County; New York,73,27,0,1.3491036776935872,-1.765628707786031,Cold 99%,Low-Low,p <= 0.01,162,79322.05476412835,359679.1986626031,47,1.2902351850124592,765,11,0.03529846608759934,0.40943193997856375,0.0613682092555332,2710,5411
36085013201,Census Tract 132.01; Richmond County; New York,11,1,0,0.663850331925166,-1.9016534763855741,Cold 99%,Low-Low,p <= 0.001,57,20400.513169873942,188922.62240758722,14,0.31822777031190697,28,0,0.21182860591430297,0.03656307129798903,0.0108499095840868,825,1657
36085029102,Census Tract 291.02; Richmond County; New York,85,41,0,2.5335320417287632,-1.1071738250034027,Not significant,Not significant,Not significant,229,187754.63531589197,355011.3222623327,31,7.246434291353398,169,11,0.04798807749627422,0.1837488457987073,0.058260869565217394,1544,3355
36061005600,Census Tract 56; New York County; New York,424,196,0,11.09366823652538,5.7171436881568685,Hot 99%,High-High,p <= 0.001,68,8501.998465345958,60319.56274098352,34,0.18107194501164975,0,0,0.2003196590303676,0.7037663986457893,0.1714586255259467,2030,3822
36061006400,Census Tract 64; New York County; New York,518,336,223,6.702031310648208,2.1172469980372695,Not significant,Not significant,Not significant,48,6042.67034376226,66972.5723366768,55,0.5416398277737595,0,1,0.18528500202129092,0.6820916242480333,0.2397537379067722,4596,7729
36061026300,Census Tract 263; New York County; New York,401,120,0,4.807000719251978,3.8224664156739436,Hot 99%,High-High,p <= 0.01,70,3455.363983434607,67211.52442055248,23,0.19824907987276957,0,1,0.18005274514504915,0.9910841654778887,0.07367030062768418,3780,8342
36061021100,Census Tract 211; New York County; New York,243,87,0,2.4632539280283834,0.5288558546321078,Not significant,Not significant,Not significant,140,21248.60374899691,75788.26080723046,87,0.4371772945284955,2,0,0.29671962510001143,0.7035091907376462,0.15544354838709679,5150,9865
36047072800,Census Tract 728; Kings County; New York,36,17,0,1.141769743101808,-1.8331594647319196,Cold 99%,Low-Low,p <= 0.01,22,5164.352112299144,52526.932318855856,21,1.7817504145414147,3,3,0.10456026058631922,0.12907801418439716,0.1386682956627978,2055,3153
36047074600,Census Tract 746; Kings County; New York,60,18,0,2.5157232704402515,-2.3663229152711396,Cold 99%,Low-Low,p <= 0.0001,57,16228.641832165273,90611.35606970111,16,1.4213374716824008,4,0,0.10925449871465295,0.47706422018348627,0.10164835164835165,1375,2385
36047094401,Census Tract 944.01; Kings County; New York,120,27,0,3.799873337555415,-1.149837771569713,Not significant,Not significant,Not significant,50,34695.86964071592,120874.19970963446,18,1.9915769144935103,6,0,0.12841091492776885,0.45555555555555555,0.1743119266055046,1462,3158
36061005502,Census Tract 55.02; New York County; New York,483,181,0,25.434439178515007,2.7288745104254626,Hot 95%,High-High,p <= 0.05,60,14415.534722073324,72096.37016418081,49,0.074762886209488,0,0,0.09531332280147446,0.732484076433121,0.1883308714918759,840,1899
36061006100,Census Tract 61; New York County; New York,1056,475,0,19.85335589396503,4.158846847751168,Hot 95%,High-High,p <= 0.05,71,3185.7824789345914,66173.21630354195,41,0.18081128578768563,1,0,0.06910907577019151,0.4232158988256549,0.2456558773424191,2587,5319
36061023802,Census Tract 238.02; New York County; New York,37,18,0,0.7865646258503401,-1.5631736078665943,Cold 95%,Low-Low,p <= 0.05,2,278.1360449456124,278.1360449456124,1,1.3280025657323635,0,0,0.08187560738581147,0.9567839195979899,0.08040665434380777,2443,4704
36005003700,Census Tract 37; Bronx County; New York,209,85,0,50,2.9364259535402826,Hot 95%,High-High,p <= 0.05,33,14703.686561755663,37371.95040846446,2,0.48869859408616956,1,0,0.2997416020671835,1,0,243,418
36005040502,Census Tract 405.02; Bronx County; New York,223,78,0,3.9715048975957257,2.6630360390806675,Hot 95%,High-High,p <= 0.05,61,13305.087147979142,65378.21070457462,5,0.40263081708432913,3,1,0.3585040071237756,0.917919544900447,0.0772403449568804,3291,5615
36047079601,Census Tract 796.01; Kings County; New York,85,25,0,2.629950495049505,-0.4050171260229078,Not significant,Not significant,Not significant,5,819.5287057253867,30996.758003201692,18,0.30868285689089575,1,8,0.18966584158415842,0.857685009487666,0.07489760093622001,1853,3232
36081071305,Census Tract 713.05; Queens County; New York,61,26,0,1.015481937739304,-0.723136689165474,Not significant,Not significant,Not significant,28,8445.66153923337,42164.17858057498,17,0.2814982751623304,0,0,0.129349092725154,0.8207781456953642,0.055142745404771216,3231,6007
36081044301,Census Tract 443.01; Queens County; New York,221,67,0,5.240692435380602,0.37396960418200764,Not significant,Not significant,Not significant,35,5356.539840837637,70531.47788902222,26,1.0484620565134164,4,0,0.2122210953346856,0.944081336238199,0.12012779552715655,2400,4217
36081129103,Census Tract 1291.03; Queens County; New York,69,31,0,1.6511127063890882,-1.0742314125725771,Not significant,Not significant,Not significant,48,19409.004432345606,145684.0839633059,29,3.360806049373867,2,0,0.12969609954534578,0.3336724313326551,0.06157517899761337,2291,4179
36085019800,Census Tract 198; Richmond County; New York,89,34,0,1.2108843537414966,-1.9417313364641098,Cold 99%,Low-Low,p <= 0.001,274,184348.83205629987,708629.8676635021,70,0.9611811034547418,269,12,0.09303909549107751,0.3292098962490024,0.043146239022527684,3433,7350
36047011700,Census Tract 117; Kings County; New York,115,38,0,4.1189111747851,-1.1885593341822382,Not significant,Not significant,Not significant,36,6768.742510896916,73653.51541338231,50,0.35207095381701486,6,11,0.035910589959692193,0.5003996802557954,0.06711409395973154,1254,2792
36047012901,Census Tract 129.01; Kings County; New York,338,174,0,13.312327688066167,1.1508209736617165,Not significant,Not significant,Not significant,31,20089.67109046249,73943.07494501612,69,0.22731886437548943,5,2,0.09373769200472627,0.4495145631067961,0.061930783242258654,1383,2539
36005046208,Census Tract 462.08; Bronx County; New York,345,165,0,6.705539358600583,2.224326896555908,Hot 95%,High-High,p <= 0.05,141,23721.835701139713,165612.0831983931,33,0.4208793077017881,23,13,0.08582427536231885,0.4746970776906629,0.07636603028308098,3208,5145
36005018502,Census Tract 185.02; Bronx County; New York,434,162,0,7.855203619909502,4.09068718077894,Hot 99%,High-High,p <= 0.01,54,13781.10283006085,98364.98228237919,11,0.8259023782396623,30,3,0.5081219200584048,0.9686609686609686,0,3076,5525
36061021600,Census Tract 216; New York County; New York,386,141,0,4.331238779174147,1.0499737114119672,Not significant,Not significant,Not significant,103,5856.197843048465,83746.3946509678,34,0.2810791592476547,4,5,0.15687815833801236,0.8030348110681345,0.16600496277915633,4153,8912
36061015801,Census Tract 158.01; New York County; New York,191,74,0,3.681572860447186,-0.6366985333699516,Not significant,Not significant,Not significant,90,7013.98479635307,58119.99686085291,40,0.17766430303866432,0,0,0.05938003220611916,0.6349960411718132,0.14372881355932204,2708,5188
36061016300,Census Tract 163; New York County; New York,193,59,0,2.6609678753619193,1.1385225270458934,Not significant,Not significant,Not significant,60,6865.632680333812,81595.41229672528,50,0.6187523118259624,0,2,0.05548602419691281,0.5301094890510949,0.23694592712926432,3631,7253
36061022301,Census Tract 223.01; New York County; New York,373,122,0,5.161915305840022,2.2847377516406056,Hot 95%,High-High,p <= 0.05,53,14581.7290432631,68308.91097923982,27,0.3372017986575994,2,6,0.3192637697204539,0.8724137931034482,0.07183499288762446,3614,7226
36061014900,Census Tract 149; New York County; New York,133,58,0,2.1896608495225554,-0.16511281423135415,Not significant,Not significant,Not significant,33,9592.424090343398,47873.24987265073,36,0.12274832924723318,0,0,0.09118113008273192,0.6706626706626707,0.2841477949940405,3415,6074
36085017701,Census Tract 177.01; Richmond County; New York,49,28,0,1.1540273198304287,-2.2747882181032706,Cold 99%,Low-Low,p <= 0.001,190,99641.52930800461,517602.54209269106,77,1.6800557560481486,137,9,0.08902496467263307,0.0969738651994498,0.06495176848874598,2056,4246
36005043102,Census Tract 431.02; Bronx County; New York,155,66,0,3.4768954688200986,1.5375860803731987,Not significant,Not significant,Not significant,35,16711.39448303864,53502.694867450315,15,0.7051223048509566,1,1,0.21778763242177876,0.8433806146572104,0.08787061994609165,2120,4458
36061005900,Census Tract 59; New York County; New York,374,158,0,7.3046875,5.383946298828024,Hot 99%,High-High,p <= 0.01,57,10933.442979742695,59643.79559116368,21,0.19515948524709248,0,0,0.061892340526440597,0.3624527509449811,0.2619342839429634,2651,5120
36061005800,Census Tract 58; New York County; New York,327,100,0,8.203712995484194,6.257746517236649,Hot 99%,High-High,p <= 0.001,17,4189.128515786633,49932.39145431916,51,0.1967683574614861,0,1,0.13572503763171098,0.9347925216598267,0.1907749077490775,1767,3986
36047070601,Census Tract 706.01; Kings County; New York,42,19,0,1.7234304472712352,-1.0772425586926435,Not significant,Not significant,Not significant,52,21597.09036026427,147981.84889844697,20,3.3402490191746477,6,3,0.003282724661469019,0.1431818181818182,0.2523364485981308,1347,2437
36047014700,Census Tract 147; Kings County; New York,53,21,0,2.2334597555836493,-1.202642453388078,Not significant,Not significant,Not significant,45,1670.3887869291789,34407.32625387092,24,0.6735303388354107,4,4,0.07151925518408803,0.5414235705950992,0.1299492385786802,1221,2373
36081025800,Census Tract 258; Queens County; New York,97,47,0,3.601930932046045,-1.072394646344663,Not significant,Not significant,Not significant,40,5399.007807459644,70754.9196417065,10,1.3504618843296763,16,3,0.10137393241737838,0.3395904436860068,0.03776683087027915,1440,2693
36081026400,Census Tract 264; Queens County; New York,78,30,0,3.146430012101654,-1.8514402437018773,Cold 99%,Low-Low,p <= 0.01,18,12494.308370809364,100829.20905808565,20,1.6984014190127248,34,1,0.097799511002445,0.421301775147929,0.07142857142857142,1193,2479
36081052800,Census Tract 528; Queens County; New York,31,18,0,1.9657577679137603,-1.5248136941976487,Cold 95%,Low-Low,p <= 0.05,15,8194.807028316825,88220.78584817256,21,2.9572113550785035,6,0,0.1128725428027901,0.4264432029795158,0.08673469387755102,827,1577
36047026100,Census Tract 261; Kings County; New York,171,79,0,2.977537872192234,-0.2397565862879614,Not significant,Not significant,Not significant,31,795.489317839402,74759.88629872251,33,0.3705678917434425,16,9,0.28928072625698326,0.9768009768009768,0.037225705329153605,3390,5743
36047029600,Census Tract 296; Kings County; New York,138,48,0,2.1352313167259784,-1.0594835968134642,Not significant,Not significant,Not significant,49,11144.012763799456,90702.82698720781,43,0.11826821991820988,1,1,0.28779204703697975,0.7400703871292107,0.019230769230769232,3688,6463
36047031500,Census Tract 315; Kings County; New York,269,104,0,5.1940529059664025,0.3219056717552405,Not significant,Not significant,Not significant,60,9190.48256594144,60669.534964546,22,0.3934916199226336,6,19,0.14462251399884146,0.9302700523982266,0.09945553539019963,2923,5179
36081048500,Census Tract 485; Queens County; New York,134,46,0,2.574447646493756,-0.5451638362020825,Not significant,Not significant,Not significant,33,12096.295851365998,92677.28874497228,21,0.3589892153189693,7,2,0.1398655139289145,0.4795252225519288,0.0453257790368272,2825,5205
36081049700,Census Tract 497; Queens County; New York,49,20,0,1.8195321203119197,-0.7554382517908624,Not significant,Not significant,Not significant,86,6758.376982534459,57027.55696249813,23,1.254803139777712,6,0,0.0831786112142592,0.5271317829457365,0.1560747663551402,1428,2693
36081155103,Census Tract 1551.03; Queens County; New York,36,12,0,0.8317929759704251,-1.552997570535415,Cold 95%,Low-Low,p <= 0.05,95,45057.58730411643,195250.7657641688,17,6.958599099915612,9,1,0.08393063583815029,0.4403628117913832,0.06765327695560254,2484,4328
36081053501,Census Tract 535.01; Queens County; New York,44,14,0,3.7865748709122204,-1.2637247204300808,Not significant,Not significant,Not significant,36,10042.553858475825,38895.38988016287,46,1.4077060026071198,8,1,0.21739130434782608,0.6608187134502924,0.11398963730569948,524,1162
36047049302,Census Tract 493.02; Kings County; New York,186,95,0,3.945693678404752,0.14234835116422329,Not significant,Not significant,Not significant,64,5576.132968708765,59536.19680137098,24,0.14469151330090596,1,1,0.3226559185405176,0.9739731598210655,0.035307963907414676,2394,4714
36047120802,Census Tract 1208.02; Kings County; New York,35,12,0,0.6670478368591576,0.009525127713333978,Not significant,Not significant,Not significant,4,1178.9306925422254,5955.709622525137,9,0.6120326608784443,1,0,0.40041928721174,1,0.04542936288088643,2862,5247
36047010401,Census Tract 104.01; Kings County; New York,157,79,0,7.621359223300971,-0.24101991966397843,Not significant,Not significant,Not significant,8,0.05339742449230721,30302.669957455924,14,0.3111812409698207,1,3,0.29902912621359223,0.8484349258649094,0.16044260027662519,1085,2060
36061009903,Census Tract 99.03; New York County; New York,354,108,0,24.16382252559727,4.164127262255046,Hot 99%,High-High,p <= 0.01,62,61690.67648674253,118340.41049005777,18,0.37394340530589454,17,1,0.08259385665529011,0.9113355780022446,0.15304182509505704,628,1465
36061013501,Census Tract 135.01; New York County; New York,164,44,0,3.3661740558292284,3.054620509791131,Hot 95%,Low-High,p <= 0.05,39,24796.010619593697,80854.35800828702,22,1.1721418481115364,0,2,0.0812807881773399,0.9908466819221968,0.07087172218284904,2025,4872
36047107001,Census Tract 1070.01; Kings County; New York,497,215,0,10.637842465753424,2.1055388902173804,Not significant,Not significant,Not significant,80,82253.77435911639,198749.33254434678,37,1.7488760439344109,12,0,0.12162740899357602,0.6718972895863052,0.1611487834064619,2682,4672
36081027302,Census Tract 273.02; Queens County; New York,298,90,0,7.815368476265408,2.228164897207819,Hot 95%,High-High,p <= 0.05,37,8871.225189326966,63171.81856255603,5,0.6011795638469138,0,0,0.19332807985290254,0.7177777777777777,0.037089871611982884,1564,3813
36081122703,Census Tract 1227.03; Queens County; New York,120,46,0,2.03527815468114,-0.35946658708653273,Not significant,Not significant,Not significant,58,12612.458713940754,108709.58452507247,29,2.9694945518559006,2,1,0.125,0.6226060833646263,0.006343283582089552,2959,5896
36081001902,Census Tract 19.02; Queens County; New York,570,192,0,8.687700045724737,2.265129634580892,Not significant,Not significant,Not significant,96,35005.96654631941,79265.17741311679,20,0.2561883139940356,6,0,0.10150891632373114,0.8023056168751533,0.34135702746365104,3295,6561
36047053102,Census Tract 531.02; Kings County; New York,44,18,0,0.5607953097119551,-1.0730191554300637,Not significant,Not significant,Not significant,19,8792.91419666859,31363.411758447,14,0.2608601293791457,1,0,0.37420341575325006,0.6992424242424242,0,3850,7846
36047000501,Census Tract 5.01; Kings County; New York,34,11,0,0.7487337590839023,-0.8632170247810661,Not significant,Not significant,Not significant,65,5110.645386167203,38110.49106396749,35,0.22882714131114046,0,2,0.08429458740017746,0.4244126659856997,0.07858823529411765,2692,4541
36047037402,Census Tract 374.02; Kings County; New York,114,31,0,1.9510525415026527,0.5630219392902183,Not significant,Not significant,Not significant,30,10008.988930365742,119573.16381352287,14,0.367475321253896,9,0,0.1877460208796851,0.8014059753954306,0.006547359231776516,3110,5843
36047061003,Census Tract 610.03; Kings County; New York,34,10,0,1.6683022571148185,-0.08886244521325093,Not significant,Not significant,Not significant,30,8368.406922389946,39188.40496377348,24,0.47481176613880166,3,2,0.3867595818815331,0.6688417618270799,0.07261724659606657,1044,2038
36047015100,Census Tract 151; Kings County; New York,60,20,0,1.477832512315271,-1.443666099629462,Cold 95%,Low-Low,p <= 0.05,42,259.83485293736567,55400.945243937196,91,0.2033812917781552,5,4,0.04482758620689655,0.48099829835507657,0.06422505307855626,2136,4060
36047020500,Census Tract 205; Kings County; New York,74,36,0,1.9300991131977048,-0.7111638439738992,Not significant,Not significant,Not significant,35,4272.931443612102,47247.014554971196,41,0.5156579637072903,5,0,0.03390714658320292,0.5063051702395964,0.041112454655380895,1853,3834
36047017900,Census Tract 179; Kings County; New York,118,52,0,2.820941907721731,0.5892437702242581,Not significant,Not significant,Not significant,47,24800.68311090183,78296.848781728,39,0.3027193445429505,8,7,0.3017063081695967,0.7178217821782178,0.11569731081926204,2264,4183
36047008400,Census Tract 84; Kings County; New York,318,110,0,10.62124248496994,0.4352199322711537,Not significant,Not significant,Not significant,74,22107.861480865995,104958.94269877207,47,0.15968542550454834,5,1,0.11405650505755145,0.7302631578947368,0.08826049700085689,1380,2994
36047013400,Census Tract 134; Kings County; New York,115,37,0,2.73224043715847,-1.2925231058690319,Not significant,Not significant,Not significant,91,10148.993986161133,112101.5991643079,63,0.44396038505908747,13,2,0.11433405849649504,0.678826895565093,0.05348679756262695,2226,4209
36047025800,Census Tract 258; Kings County; New York,84,24,0,2.0648967551622417,-1.0517867073405172,Not significant,Not significant,Not significant,79,10958.722962068965,73362.99020699553,15,0.4982653870511938,0,1,0.313913470993117,0.8772865853658537,0.08888888888888889,2144,4068
36047026900,Census Tract 269; Kings County; New York,231,113,0,6.7073170731707314,0.7019640168998668,Not significant,Not significant,Not significant,36,6617.087043578617,55491.11454528817,38,0.25750147628457287,6,14,0.18292682926829268,0.7649769585253456,0.09331476323119778,1646,3444
36047028200,Census Tract 282; Kings County; New York,160,99,81,4.939796233405372,-0.8513661353942824,Not significant,Not significant,Not significant,36,9269.458792076462,59841.05399980704,21,0.6476184157342825,10,1,0.2340228465575795,0.6084033613445378,0.1262848751835536,1497,3239
36047036900,Census Tract 369; Kings County; New York,311,137,0,5.527906150017775,0.9823471628335873,Not significant,Not significant,Not significant,79,13010.675058924358,115342.15708999141,51,0.27145363503817643,8,14,0.2567663817663818,0.8378818737270876,0.06511805026656511,2459,5626
36047044600,Census Tract 446; Kings County; New York,66,21,0,3.1088082901554404,-1.5006095740596457,Cold 95%,Low-Low,p <= 0.05,29,6507.314806539836,58389.31397371148,37,0.15574621327060817,2,1,0.054639660857277436,0.5306122448979592,0.08739255014326648,1069,2123
36047043900,Census Tract 439; Kings County; New York,500,173,0,11.984659635666347,1.8264110595380774,Not significant,Not significant,Not significant,51,13827.491847836307,106644.6298915744,38,0.3239304429349972,7,0,0.1629913710450623,0.5842293906810035,0.1564625850340136,2247,4172
36047052600,Census Tract 526; Kings County; New York,81,32,0,2.0568816658202134,-0.8538258247174471,Not significant,Not significant,Not significant,72,14306.933205821293,70024.43907496348,28,0.3629130384116841,2,1,0.06480304955527319,0.8236263736263736,0.05894519131334023,1985,3938
36047059300,Census Tract 593; Kings County; New York,87,32,0,3.2596478081678533,-0.6436375174031039,Not significant,Not significant,Not significant,22,13089.8606224715,70874.82136277376,12,1.1046569917401918,0,1,0.1551142750093668,0.8181818181818182,0.011472275334608031,1327,2669
36047065400,Census Tract 654; Kings County; New York,33,13,0,1.9951632406287787,-2.122432314837254,Cold 99%,Low-Low,p <= 0.0001,26,781.4492970880136,56241.59936791951,35,2.2449698404225087,4,2,0.022974607013301087,0.18376068376068377,0.04684317718940937,670,1654
36047085400,Census Tract 854; Kings County; New York,49,21,0,2.376333656644035,-0.9558083081082847,Not significant,Not significant,Not significant,21,1777.3960552172323,52140.24298270746,10,0.5458100204735015,3,7,0.1466275659824047,0.31565656565656564,0.08755760368663594,1099,2062
36047074400,Census Tract 744; Kings County; New York,39,8,0,1.472809667673716,-1.4982644273865768,Cold 95%,Low-Low,p <= 0.05,54,757.4641244701659,50419.893628367034,18,1.2300837038057106,2,0,0.12235649546827794,0.13458262350936967,0.0608,978,2648
36047100800,Census Tract 1008; Kings County; New York,50,22,0,2.3137436372049978,-1.9979192961146477,Cold 99%,Low-Low,p <= 0.001,16,9054.647045787457,65519.1016361519,19,1.4267066341226893,5,5,0.07560296846011132,0.4156804733727811,0.1174934725848564,1075,2161
36047089000,Census Tract 890; Kings County; New York,318,122,0,4.143862392494136,0.6929538268206196,Not significant,Not significant,Not significant,42,20131.77365011387,104309.36270654229,22,0.5009859578632242,10,4,0.2066835158663297,0.9382239382239382,0.0731610337972167,3407,7674
36047114201,Census Tract 1142.01; Kings County; New York,107,41,0,6.912144702842378,1.82102322026041,Hot 95%,Low-High,p <= 0.05,69,24766.712033826392,77379.4660372398,8,0.4000587338946192,7,1,0.1375968992248062,0.4127906976744186,0,682,1548
36005011900,Census Tract 119; Bronx County; New York,529,223,0,8.99812893349209,4.510479389716505,Hot 99%,High-High,p <= 0.01,92,12932.635404736391,71969.33338339231,18,0.2700170599407725,3,0,0.22988702499144129,0.9509333333333333,0.05063291139240506,3197,5879
36005016100,Census Tract 161; Bronx County; New York,426,176,0,9.05804805443334,2.2713261721957343,Hot 95%,Not significant,Not significant,47,28658.76268712958,106416.58957584623,20,0.2348626123570268,8,3,0.3748671061024878,0.9878597122302158,0.04426299957026214,2692,4703
36005028900,Census Tract 289; Bronx County; New York,243,108,0,5.447209145931406,1.376174754153244,Not significant,Not significant,Not significant,127,9405.114675664536,77933.37983683501,45,0.22676375441173788,3,0,0.18636995827538247,0.7786136485760344,0.05676634566649772,2399,4461
36005012101,Census Tract 121.01; Bronx County; New York,191,73,0,5.800182204676586,1.2029679255489187,Not significant,Not significant,Not significant,40,1737.6718751791193,50892.43431633444,15,0.29476378539758896,3,2,0.3240206498633465,0.8987701040681173,0.024907749077490774,1580,3293
36005040400,Census Tract 404; Bronx County; New York,200,120,0,5.868544600938967,0.7554700627896908,Not significant,Not significant,Not significant,40,2550.9145941944203,86756.28729208845,9,0.7853423705337377,8,5,0.15698356807511737,0.43455031166518254,0.09289176090468497,1831,3408
36005011701,Census Tract 117.01; Bronx County; New York,178,57,0,14.10459587955626,3.418398598566264,Hot 99%,High-High,p <= 0.01,65,15155.183219747263,95708.6341682034,6,0.930331277701811,9,0,0.1576862123613312,0.9282700421940928,0.05765407554671968,769,1262
36005046203,Census Tract 462.03; Bronx County; New York,288,124,0,4.262877442273535,-0.05648144320299741,Not significant,Not significant,Not significant,201,70648.1596517926,184742.5507333463,22,1.1408377320141192,24,1,0.12301392301392301,0.5257731958762887,0.06280193236714976,3802,6756
36005006200,Census Tract 62; Bronx County; New York,246,90,0,3.866100895803866,2.338882054791179,Hot 95%,High-High,p <= 0.05,30,10009.320254134629,40338.216710918576,24,0.4217716750301252,3,1,0.47116140185447114,0.987814465408805,0.0829127613554434,3093,6363
36005042000,Census Tract 420; Bronx County; New York,295,131,0,6.330472103004292,1.3807302321076587,Not significant,Not significant,Not significant,38,26607.242177955715,70867.4265297996,20,0.20164866996900624,2,1,0.4451417442112097,0.9473991817650497,0.041993281075028,2079,4660
36005040701,Census Tract 407.01; Bronx County; New York,68,28,0,2.395209580838323,1.223566242680351,Not significant,Not significant,Not significant,15,9426.297174716514,27296.10548921746,3,0.20253754550465863,2,0,0.33356815780204296,0.9950207468879668,0.13121845710165825,1303,2839
36005006700,Census Tract 67; Bronx County; New York,436,173,0,5.688935281837161,4.436965909409646,Hot 99%,High-High,p <= 0.01,62,11044.189079378224,86704.07830258289,12,0.37816196007748676,6,1,0.5487612018977333,0.9821969696969697,0,3913,7664
36061025900,Census Tract 259; New York County; New York,194,80,0,4.050104384133611,1.7470175387099656,Not significant,Not significant,Not significant,62,2699.352041794298,39749.46846177076,13,0.23414457965968458,5,1,0.15923833437957732,0.6118493909191584,0.040892193308550186,2450,4790
36081019600,Census Tract 196; Queens County; New York,130,55,0,4.094488188976378,-1.5234409121836807,Cold 95%,Low-Low,p <= 0.05,17,6748.258812472886,108030.36430666146,12,1.3941445846957639,14,4,0.25978535353535354,0.5231788079470199,0.08299595141700405,1617,3175
36081007100,Census Tract 71; Queens County; New York,152,53,0,4.3577981651376145,-0.16303675895006953,Not significant,Not significant,Not significant,34,18066.692681923596,87257.55281091043,60,0.2883019719927413,5,8,0.10450346420323325,0.9491066594477531,0.24241181296144382,1828,3488
36081013700,Census Tract 137; Queens County; New York,118,49,0,6.296691568836713,-1.019290077922774,Not significant,Not significant,Not significant,32,42508.76029426745,132403.95358130787,15,0.9025187944402758,7,1,0.05069370330843116,0.7907801418439716,0.12603305785123967,974,1874
36081029500,Census Tract 295; Queens County; New York,89,33,0,2.5233909838389565,-0.8578293195650817,Not significant,Not significant,Not significant,34,10525.492126673076,61046.25722605135,61,0.3536762574507881,1,8,0.10433796427558832,0.344735435595938,0.04100461301896463,1693,3527
36081027500,Census Tract 275; Queens County; New York,314,91,0,4.865199876045863,1.6555886042526446,Not significant,Not significant,Not significant,33,2461.276596805851,80624.99755293982,8,0.4253431641643129,1,0,0.24155562441896497,0.6137044967880085,0.05694668820678514,2639,6454
36081028500,Census Tract 285; Queens County; New York,274,85,0,5.695281646227396,3.9409088424887266,Hot 99%,High-High,p <= 0.01,29,3157.9105470998784,69669.11149361588,29,0.5120091725441186,1,0,0.08438993972147163,0.35444191343963555,0.006337709370755998,2319,4811
36081036100,Census Tract 361; Queens County; New York,112,40,0,4.294478527607362,-0.12041463265124068,Not significant,Not significant,Not significant,58,16584.854237107877,86534.62278934277,4,1.369866325863495,8,0,0.12179984484096198,0.60546875,0.22188449848024316,1305,2608
36081043900,Census Tract 439; Queens County; New York,215,64,0,5.180722891566265,0.36126070092587437,Not significant,Not significant,Not significant,27,10231.47531944814,84425.0370457299,10,1.0577101361108974,24,0,0.1878345498783455,0.8411131059245961,0.03130434782608696,1953,4150
36081059000,Census Tract 590; Queens County; New York,19,10,0,1.5103338632750398,-1.9516018915467022,Cold 99%,Low-Low,p <= 0.01,35,12383.935785749145,77078.56301451585,9,4.149013005503726,2,3,0.08823529411764706,0.2071611253196931,0.012626262626262626,610,1258
36081055900,Census Tract 559; Queens County; New York,106,44,0,9.388839681133748,-0.8446207486239273,Not significant,Not significant,Not significant,16,12891.981531560865,53593.907890300514,27,0.23922266511152226,10,5,0.1612046058458813,0.8144329896907216,0.08056872037914692,705,1129
36081087100,Census Tract 871; Queens County; New York,678,259,0,12.555555555555555,3.6653024262466367,Hot 95%,High-High,p <= 0.05,79,16882.955876248794,85994.36978130766,107,0.3090909543173951,17,1,0.24420115049174243,0.7533650039588282,0.08742774566473989,2368,5400
36081077902,Census Tract 779.02; Queens County; New York,115,44,0,2.0379230905546697,-0.7726560770530146,Not significant,Not significant,Not significant,80,19299.46825663816,164722.31271234422,230,1.3038048225604295,2,3,0.15860357965621125,0.3706943685073811,0.07063008130081301,3198,5643
36081130100,Census Tract 1301; Queens County; New York,104,44,0,2.5717111770524235,-1.284224371224947,Not significant,Not significant,Not significant,93,38184.64045832289,179257.18627084253,29,4.3887918164802535,3,1,0.06052303860523039,0.14268366727383122,0.020226055919095775,2159,4044
36081099701,Census Tract 997.01; Queens County; New York,75,28,0,2.991623454327882,-1.4550547945154988,Cold 95%,Low-Low,p <= 0.05,86,25520.93416507594,186602.426799243,22,4.128477511443152,4,0,0.09474106784423926,0.08260105448154657,0.07102040816326531,1302,2507
36081145102,Census Tract 1451.02; Queens County; New York,59,17,0,2.498941126641254,-1.9658474477985237,Cold 99%,Low-Low,p <= 0.01,22,18009.543423958745,162487.76762767785,26,4.438547600875092,13,0,0.05716723549488054,0.24153005464480876,0.03785488958990536,1210,2361
36047079201,Census Tract 792.01; Kings County; New York,114,52,1,8.24891461649783,-0.6617156366463661,Not significant,Not significant,Not significant,18,4661.335480742121,41963.579127715726,7,0.6323710625965769,3,5,0.25470332850940663,0.7274436090225563,0.2301013024602026,851,1382
36047120801,Census Tract 1208.01; Kings County; New York,186,67,0,3.847745138601572,0.6359095865608536,Not significant,Not significant,Not significant,32,6069.439351386894,74788.5897419098,22,0.5806913282828761,15,4,0.1321886636326024,0.562415196743555,0.06944444444444445,2469,4834
36047001801,Census Tract 18.01; Kings County; New York,84,20,0,5.289672544080605,-0.38679521420524915,Not significant,Not significant,Not significant,134,34981.74441254695,106163.66986292602,2,0.5475647308820776,10,0,NA,NA,NA,42,1588
36005012901,Census Tract 129.01; Bronx County; New York,463,183,0,9.364886731391586,2.9015876898640345,Hot 95%,High-High,p <= 0.05,66,30315.316216105613,107000.05385425559,22,0.1757793942651645,8,1,0.45077829196466135,1,0.08451443569553806,2510,4944
36005005002,Census Tract 50.02; Bronx County; New York,428,158,0,6.820717131474104,2.735770059496456,Hot 95%,High-High,p <= 0.05,83,2901.0536977976176,37305.03672222043,21,0.14867793099640178,1,2,0.38367745082100474,0.9382978723404255,0.10176779741997133,3099,6275
36085013800,Census Tract 138; Richmond County; New York,32,16,0,0.5254515599343186,-2.0700443183614845,Cold 99%,Low-Low,p <= 0.0001,204,62694.06757088635,543258.9732350078,67,0.7622042180950441,31,9,0.023316912972085387,0.10536939846588615,0.025570416994492525,3141,6090
36085022300,Census Tract 223; Richmond County; New York,76,39,0,2.3291449586270305,-0.8537317045327568,Not significant,Not significant,Not significant,42,30966.574571264402,105135.70035683735,25,6.656573564911241,45,9,0.17131474103585656,0.17652582159624414,0.12561576354679804,1910,3263
36047037401,Census Tract 374.01; Kings County; New York,126,54,0,2.648171500630517,0.09608544896271023,Not significant,Not significant,Not significant,72,14125.680861188477,122298.78754766872,22,0.580174311027308,17,0,0.15931063472047077,0.6652006597031336,0.04162276080084299,2422,4758
36047051601,Census Tract 516.01; Kings County; New York,74,33,0,1.4991896272285252,-1.4755544453103648,Cold 95%,Low-Low,p <= 0.05,48,5007.094585524663,47326.14351670941,9,0.6467730135878321,1,0,0.17465823301367067,0.9142707788813382,0.09721566776781501,2693,4936
36047114400,Census Tract 1144; Kings County; New York,626,276,0,25.835740817168798,2.345807016016441,Not significant,Not significant,Not significant,192,18277.430049987695,176650.97818459466,19,0.25572230955051944,28,13,0.3619479983491539,0.7603513174404015,0.0963718820861678,1264,2423
36047105801,Census Tract 1058.01; Kings County; New York,171,86,0,3.023872679045093,1.578588319205787,Hot 95%,High-High,p <= 0.05,137,12633.929076850047,65474.65441775726,6,1.6046523010121096,4,0,0.33291925465838507,0.9978042659974906,0.1294374658656472,3323,5655
36061015102,Census Tract 151.02; New York County; New York,193,73,0,2.0081157007595465,-0.9005599218575748,Not significant,Not significant,Not significant,66,18111.702342073488,54343.12114156371,21,1.0004017869128097,15,0,0.19238372697950265,0.8492339121552605,0.08811475409836066,4579,9611
36085017012,Census Tract 170.12; Richmond County; New York,65,29,0,1.2120082043632296,-2.3557245810382166,Cold 99%,Low-Low,p <= 0.0001,195,42168.0910465876,299116.2210469217,73,1.2008825836378318,31,10,0.0730934178631363,0.18344252531268612,0.02891844997108155,2711,5363
36061009901,Census Tract 99.01; New York County; New York,156,46,0,8.008213552361397,1.2007888529082775,Not significant,Not significant,Not significant,91,58152.74636217738,155472.98210628965,24,1.0794470696146286,4,5,0.023124357656731757,0.7059961315280464,0.2671863926293409,971,1948
36047020300,Census Tract 203; Kings County; New York,82,32,0,3.953712632594021,0.10519640487153975,Not significant,Not significant,Not significant,39,8806.73913856289,47926.53068822006,31,0.37746969189603424,9,3,0.13066538090646093,0.6843198338525441,0.0262891809908999,1072,2074
36047023200,Census Tract 232; Kings County; New York,49,12,0,0.7411889275450008,-1.6213297398516355,Cold 95%,Low-Low,p <= 0.05,116,0,68564.53897076433,64,0.68086829127683135,7,0,0.3744326777609682,0.6713681241184767,0.11925465838509317,3230,6611
36047006700,Census Tract 67; Kings County; New York,66,33,0,1.6369047619047619,-1.5188314858773047,Cold 95%,Low-Low,p <= 0.05,64,4676.8990114983135,65429.73743300398,74,0.46766152265646166,5,0,0.03819444444444445,0.5853812224322621,0.06537102473498234,2126,4032
36047012100,Census Tract 121; Kings County; New York,144,58,0,6.675938803894297,-0.5615055326859445,Not significant,Not significant,Not significant,63,4613.74669712218,55270.63263076984,20,0.17172748255297907,3,2,0.08947612424663885,0.6757894736842105,0.053784860557768925,1027,2157
36061018200,Census Tract 182; New York County; New York,903,383,115,12.427745664739884,5.526224473426091,Hot 99%,High-High,p <= 0.01,209,10519.493773052942,74356.22008752218,33,0.03952570625400059,4,7,0.39320935474781626,0.9622641509433962,0.0599388379204893,3878,7266
36047013900,Census Tract 139; Kings County; New York,96,33,0,2.6860660324566314,-1.3095719563885633,Not significant,Not significant,Not significant,60,5047.92644022889,62945.39921635595,73,0.3272474153044114,1,4,0.0598314606741573,0.6636363636363637,0.05921052631578947,2008,3574
36081024700,Census Tract 247; Queens County; New York,61,20,0,4.050464807436919,-0.4933582377659924,Not significant,Not significant,Not significant,60,17316.874451678243,54534.62247880718,10,0.47725697193827626,3,0,0.24900398406374502,0.7916666666666666,0.006211180124223602,740,1506
36081051600,Census Tract 516; Queens County; New York,44,20,0,2.036094400740398,-1.6409264081301247,Cold 99%,Low-Low,p <= 0.05,31,7829.040259090839,64877.434036603045,13,3.288519277412833,2,2,0.09301249421564091,0.2953795379537954,0.024154589371980676,1145,2161
36047024200,Census Tract 242; Kings County; New York,181,129,105,5.320399764844209,-1.3571120184955823,Cold 95%,High-Low,p <= 0.05,77,5109.860670714066,73572.81428886967,22,0.32261794652365455,6,0,0.27660199882422104,0.5956580732700135,0.15675057208237986,1387,3402
36047025000,Census Tract 250; Kings County; New York,76,26,0,5.303558967201675,-0.9366283512738116,Not significant,Not significant,Not significant,25,12463.370751901975,84146.72677754094,14,0.13987171785312044,3,0,0.23739495798319327,0.5236051502145923,0.17667844522968199,705,1433
36047028700,Census Tract 287; Kings County; New York,395,136,0,11.624484991171277,0.5835215900850842,Not significant,Not significant,Not significant,62,12175.1163431684,76428.08991967922,20,0.17581926833819136,8,1,0.36042402826855124,0.8473926380368099,0.029039463886820552,1687,3398
36047026600,Census Tract 266; Kings County; New York,65,22,0,1.8944914019236374,-1.0906165581623217,Not significant,Not significant,Not significant,46,5582.853239017734,72944.20651423388,17,0.6948533364653862,2,0,0.19299794057075612,0.7560975609756098,0.07044534412955465,1742,3431
36081054700,Census Tract 547; Queens County; New York,159,42,0,3.0518234165067177,1.1620672902957525,Not significant,Not significant,Not significant,41,1299.7722632842115,48906.004396706834,31,0.1924256014833225,2,3,0.08401400233372229,0.83921302578019,0.05269922879177378,2798,5210
36081043200,Census Tract 432; Queens County; New York,49,19,0,4.083333333333333,-1.8878252001848963,Cold 99%,Low-Low,p <= 0.01,14,6443.807048980505,83930.62186771685,3,2.4444920094011464,7,3,0.10627615062761506,0.21763085399449036,0.1558139534883721,660,1200
36081047100,Census Tract 471; Queens County; New York,159,47,0,3.7464655984919886,0.4784262418473032,Not significant,Not significant,Not significant,32,8557.348632781801,66901.01580064947,17,0.44241579778306755,13,8,0.13753853450320133,0.8470350404312669,0.06313131313131314,1948,4244
36081049302,Census Tract 493.02; Queens County; New York,139,49,0,4.186746987951807,-1.6463089726175382,Cold 99%,Low-Low,p <= 0.01,105,16034.509115449167,69280.4294083925,23,1.5914568196969872,38,1,0.22715318869165024,0.4931237721021611,0.08944543828264759,1557,3320
36081061200,Census Tract 612; Queens County; New York,26,17,0,1.4138118542686242,-2.17709805029023,Cold 99%,Low-Low,p <= 0.0001,20,10987.060400863973,100419.9481681755,20,4.8130978826601964,1,1,0.03969548667754214,0.047058823529411764,0.03954802259887006,1089,1839
36047038300,Census Tract 383; Kings County; New York,82,42,0,1.500182949140139,-0.3139075669346138,Not significant,Not significant,Not significant,24,0,55956.46499349594,41,0.6573846522431719,6,6,0.21939615736505033,0.6487488415199258,0.05017605633802817,2632,5466
36047034500,Census Tract 345; Kings County; New York,177,68,0,6.548279689234184,-0.005490517483189687,Not significant,Not significant,Not significant,51,1548.0997103250538,54493.128570810426,8,0.49385588910825123,5,3,0.08450704225352113,0.7128532360984503,0.08811305070656691,1718,2703
36047040500,Census Tract 405; Kings County; New York,278,131,0,16.817906836055656,1.127540052525138,Not significant,Not significant,Not significant,55,12937.577024578935,61011.52570452653,5,0.14019260997332753,10,2,0.1191772534785239,0.8705882352941177,0.03954802259887006,651,1653
36047045800,Census Tract 458; Kings County; New York,28,7,0,2.0393299344501092,-2.081032442397364,Cold 99%,Low-Low,p <= 0.001,24,3168.6256814071476,48905.16963434083,23,0.6039732916790916,1,2,0.07428987618353969,0.3202614379084967,0.1323251417769376,626,1373
36047048800,Census Tract 488; Kings County; New York,74,24,0,1.5001013581998783,-0.8470539091331132,Not significant,Not significant,Not significant,30,90.39230739991017,38667.45267774095,32,0.49272664534544774,1,2,0.23512276321265085,0.45521023765996343,0.015596880623875225,2404,4933
36047101200,Census Tract 1012; Kings County; New York,33,14,0,1.5573383671543182,-1.8593973856434545,Cold 99%,Low-Low,p <= 0.01,25,824.6892040620461,54116.22233372807,18,1.034768873524111,11,2,0.031746031746031744,0.3231162196679438,0.14612868047982552,1086,2119
36047111000,Census Tract 1110; Kings County; New York,56,29,0,1.876675603217158,1.108683084269193,Not significant,Not significant,Not significant,36,5954.915925714324,35990.06816492422,2,0.6698207724785672,0,0,0.35254691689008044,1,0.05725699067909454,1679,2984
36081003400,Census Tract 34; Queens County; New York,98,31,0,3.7418862161130204,-0.9147869288069804,Not significant,Not significant,Not significant,50,17877.173267401038,88496.75839765265,12,0.6043052527232106,5,5,0.19776407093292211,0.5302197802197802,0.04084321475625823,1245,2619
36081020800,Census Tract 208; Queens County; New York,448,185,0,10.692124105011933,3.230254281600031,Hot 95%,High-High,p <= 0.05,87,29642.894550971214,199314.56816185557,36,0.24612509338984406,31,8,0.14719961704164672,0.840778097982709,0.09517601043024772,2130,4190
36081066403,Census Tract 664.03; Queens County; New York,63,34,0,1.0979435343325201,-1.131443188853836,Not significant,Not significant,Not significant,35,10041.586175704088,134336.5500873714,40,5.644066050837998,9,0,0.21680027884280237,0.39987937273823887,0.005398920215956809,2783,5738
36081088902,Census Tract 889.02; Queens County; New York,137,56,0,2.1551046090923394,-0.23398411527996335,Not significant,Not significant,Not significant,41,7228.913591131004,74023.42635613553,43,0.99646169448131094,10,1,0.23438728960201352,0.5918293564714389,0.07429718875502007,3291,6357
36081093900,Census Tract 939; Queens County; New York,92,28,0,1.5810276679841897,0.009525127713333978,Not significant,Not significant,Not significant,31,13372.959055564761,149393.73415129932,38,4.187886926883531,41,3,0.053746770025839795,0.6165158371040724,0.09887869520897044,2756,5819
36061011401,Census Tract 114.01; New York County; New York,113,35,0,11.01364522417154,0.765740708261673,Not significant,Not significant,Not significant,65,4077.021281117132,41869.519428428524,26,0.24078225755166835,0,0,0.19200779727095516,0.631184407796102,0.5142024763292061,504,1026
36061011201,Census Tract 112.01; New York County; New York,153,47,0,17.749419953596288,1.3500558088380505,Not significant,Not significant,Not significant,21,4464.463446426057,22191.493604864176,22,0.17737397388908965,17,0,0.13805104408352667,0.812015503875969,0.4579831932773109,538,862
36047043500,Census Tract 435; Kings County; New York,195,56,0,3.982029814171942,1.4754999643194457,Not significant,Not significant,Not significant,15,733.4757311277903,59088.807938927384,18,0.44963143601403566,1,0,0.2944659995915867,0.786358511837655,0.0242024202420242,2821,4897
36081120100,Census Tract 1201; Queens County; New York,34,18,0,2.1992238033635187,-1.8426209326296235,Cold 99%,Low-Low,p <= 0.01,14,2963.2651961959414,64620.774174070735,14,1.5279506107822927,2,0,0.16321243523316062,0.4408817635270541,0.0724907063197026,823,1546
36061016800,Census Tract 168; New York County; New York,185,78,0,3.669906764530847,1.308241090344252,Not significant,Not significant,Not significant,70,9128.089673385188,70508.49159655499,33,0.3316530107015675,3,1,0.343385880740233,0.947961373390558,0.12897196261682242,2980,5041
36061012800,Census Tract 128; New York County; New York,190,78,0,3.6800309897346506,0.09269599884290322,Not significant,Not significant,Not significant,97,2342.4610018746534,82164.86857069623,117,0.28478081313957626,0,3,0.031183420491962037,0.2947007243614182,0.3038747346072187,2831,5163
36061016500,Census Tract 165; New York County; New York,312,172,89,4.395604395604396,0.7597303712785423,Not significant,Not significant,Not significant,111,2938.0240737787535,51416.54983180232,40,0.26201173632398295,0,0,0.09706959706959707,0.5296062518785692,0.1959884001933301,3878,7098
36061001002,Census Tract 10.02; New York County; New York,20,7,0,0.30707815138952865,-0.39958955990856926,Not significant,Not significant,Not significant,18,6323.162174178114,30071.447111267753,3,1.16182885856165,2,0,0.47690175546658453,0.9904382470119522,0,3554,6513
36061003300,Census Tract 33; New York County; New York,654,360,173,10.989749621912283,3.0639793362638943,Hot 95%,High-High,p <= 0.05,149,60861.16019607134,213906.56081143566,103,0.08086684771812323,3,5,0.03461603091917325,0.5612781954887218,0.20359281437125748,3032,5951
36061006300,Census Tract 63; New York County; New York,187,60,0,3.2470915089425247,7.1679689644484785,Hot 99%,High-High,p <= 0.0001,36,14395.246963334514,91810.0042910812,49,0.3235960500804094,3,6,0.10588023088023088,0.5358490566037736,0.21668940427467032,3017,5759
36047001803,Census Tract 18.03; Kings County; New York,66,23,0,600,-0.2762776907550217,Not significant,Not significant,Not significant,62,13976.422246206339,99482.40658089695,8,0.7959637568909139,2,1,0.7272727272727273,NA,NA,2,11
36047050300,Census Tract 503; Kings County; New York,103,32,0,3.674634320371031,0.06875258123622206,Not significant,Not significant,Not significant,26,10413.507877351536,64695.299666931256,29,0.3228447537390611,2,5,0.06421691045308597,0.8430188679245283,0.09308692676249145,1251,2803
36047056000,Census Tract 560; Kings County; New York,48,10,0,1.380500431406385,-1.4161272721356353,Not significant,Not significant,Not significant,37,4137.250571491282,77109.74563542606,30,0.6534720835930072,3,1,0.1041726618705036,0.6731034482758621,0.09657320872274143,1916,3477
36047053400,Census Tract 534; Kings County; New York,89,19,0,1.9264069264069263,-1.44661095160012,Cold 95%,Low-Low,p <= 0.05,67,18187.6605578834,79593.62748469519,23,0.3222234441195414,5,3,0.09815398469158038,0.7771084337349398,0.04253785147801009,2407,4620
36081079000,Census Tract 790; Queens County; New York,81,32,0,2.582084794389544,-0.7762885793077069,Not significant,Not significant,Not significant,23,9308.190551466541,105076.58817969833,10,2.8842405197176086,15,3,0.17878001297858534,0.4724770642201835,0.061356297093649086,1560,3137
36081084601,Census Tract 846.01; Queens County; New York,104,35,0,3.870487532564198,-0.604607174413819,Not significant,Not significant,Not significant,63,2805.866062413382,143338.43599961925,19,1.0307951470431749,8,15,0.03770063456513625,0.18641975308641975,0.0774487471526196,1305,2687
36081138501,Census Tract 1385.01; Queens County; New York,92,39,0,2.1962282167581764,-1.2682801983844956,Not significant,Not significant,Not significant,125,39497.75870384656,262057.5878912842,29,5.294588664823278,2,2,0.11822307141151182,0.4989733059548255,0.14058823529411765,1826,4189
36081103900,Census Tract 1039; Queens County; New York,188,77,0,2.874617737003058,-1.0393868373681192,Not significant,Not significant,Not significant,143,38391.06885703138,251820.0033151012,54,2.8689716831761567,22,4,0.08426364887597491,0.33981001727115717,0.08386075949367089,3559,6540
36047079400,Census Tract 794; Kings County; New York,234,107,0,9.89010989010989,0.10990536370180386,Not significant,Not significant,Not significant,24,7236.813939832028,71914.05829507856,13,0.5439294099547181,6,3,0.16580976863753213,0.532561505065123,0.13081761006289308,1492,2366
36047085600,Census Tract 856; Kings County; New York,127,50,0,4.017715912685859,-0.20913157398307533,Not significant,Not significant,Not significant,38,1440.1049572283046,51433.952841952545,23,0.4696859942570665,6,3,0.14552356849098386,0.6087912087912087,0.11878631375080698,1579,3161
36047070201,Census Tract 702.01; Kings County; New York,106,35,0,1.623028632674935,-1.202642453388078,Not significant,Not significant,Not significant,168,33980.54713154958,313855.20249724213,118,4.1368849161773555,24,2,0.0399632521819017,0.24546722454672246,0.07761578044596913,3322,6531
36047092200,Census Tract 922; Kings County; New York,91,48,0,3.2019704433497536,0.503800725882827,Not significant,Not significant,Not significant,26,8133.421515547037,40838.22080994379,6,0.7041451680241825,2,0,0.03459343794579173,0.8530986993114001,0.04806991988346686,1437,2842
36081150702,Census Tract 1507.02; Queens County; New York,41,21,0,1.3082322910019144,-1.3561920520436308,Not significant,Not significant,Not significant,96,44204.549793744445,260956.89419640953,29,7.460193179670162,70,0,0.06005907449950771,0.23894491854150504,0.027169811320754716,1879,3134
36047031401,Census Tract 314.01; Kings County; New York,163,52,0,3.3184039087947883,-0.14665223105515243,Not significant,Not significant,Not significant,71,14576.823078534573,123481.07125002834,18,0.5751462645832747,35,4,0.1020366598778004,0.4766558089033659,0.043116883116883116,2568,4912
36047006901,Census Tract 69.01; Kings County; New York,61,23,0,3.4173669467787113,-0.8169304848699778,Not significant,Not significant,Not significant,13,1426.5124463610969,24435.149727683194,31,0.02543042141481563,1,4,0.07204116638078903,0.677819083023544,0.10432852386237514,831,1785
36047016100,Census Tract 161; Kings County; New York,446,252,119,12.860438292964245,0.3876360380452517,Not significant,Not significant,Not significant,71,27722.17799127847,80974.56276459048,113,0.1921946078078112,11,4,0.019522144522144524,0.6413316582914573,0.08453133985048879,1828,3468
36081012601,Census Tract 126.01; Queens County; New York,120,40,0,4.3057050592034445,-1.2500582865668368,Not significant,Not significant,Not significant,53,10104.157637866416,65201.67433407432,16,0.42648112665894283,5,0,0.0850987432675045,0.44559585492227977,0.03740648379052369,1505,2787
36085007500,Census Tract 75; Richmond County; New York,115,53,0,3.6507936507936507,-1.341167845655131,Cold 95%,Low-Low,p <= 0.05,115,56764.0095670918,189122.6413784853,26,1.4042996708006468,34,7,0.09602649006622517,0.5195473251028807,0.27786032689450224,1603,3150
36085016901,Census Tract 169.01; Richmond County; New York,60,25,0,1.6731734523145567,-1.9872637645399405,Cold 99%,Low-Low,p <= 0.001,230,40418.240291307564,285425.0665123074,36,2.3851878712578816,23,6,0.008727477477477477,0.33715377268385865,0.05420054200542006,1880,3586
36085027900,Census Tract 279; Richmond County; New York,33,13,0,1.5363128491620113,-2.6389684330706813,Cold 99%,Low-Low,p <= 0.0001,208,91144.54039523893,363300.7947515821,39,2.221055833517412,126,9,0.0633408071748879,0.18040435458786935,0.0183206106870229,1158,2148
36005042902,Census Tract 429.02; Bronx County; New York,165,60,0,4.513129102844639,0.23561714965624045,Not significant,Not significant,Not significant,92,7262.646628203965,41123.06850300211,26,0.47965211635268346,0,11,0.23660462492949802,0.9355847404627893,0.06709451575262544,1889,3656
36005024700,Census Tract 247; Bronx County; New York,75,30,0,4.271070615034168,0.27763126393827714,Not significant,Not significant,Not significant,39,7453.726431436783,24444.690891210546,11,0.8186640624326917,7,2,0.1600227790432802,0.9850340136054422,0,932,1756
36005030701,Census Tract 307.01; Bronx County; New York,133,55,0,2.3158627894828485,-0.6808955934808388,Not significant,Not significant,Not significant,111,32862.00052211582,97454.91090094687,27,1.102509565590293,17,0,0.04161588020198503,0.40854417254251346,0.06259720062208399,3087,5743
36005035600,Census Tract 356; Bronx County; New York,223,78,0,10.10421386497508,1.8223161588856571,Hot 95%,Not significant,Not significant,120,39502.96205907653,170160.91028582066,13,0.9221245888958991,19,1,0.1258518855065879,0.41297935103244837,0.03829787234042553,1247,2207
36005036700,Census Tract 367; Bronx County; New York,115,46,0,4.2310522442972776,0.7400528566932252,Not significant,Not significant,Not significant,35,2774.6248957387784,24425.318443168835,7,0.4090686512269077,12,2,0.41073467834031213,0.9009009009009009,0.13474387527839643,1340,2718
36005040600,Census Tract 406; Bronx County; New York,281,131,0,8.142567371776297,0.8858827174959316,Not significant,Not significant,Not significant,49,12454.259064539841,93384.61464054928,9,0.2812815633947247,10,1,0.20839765359678913,0.6716206652512385,0.061129568106312294,1817,3451
36005041500,Census Tract 415; Bronx County; New York,170,67,0,3.0603060306030603,3.9105923942524172,Hot 99%,High-High,p <= 0.01,56,9797.213339797228,62477.730714213336,7,0.46152129750749593,1,2,0.23186318631863187,0.8264282599215003,0.0686433793663688,3144,5555
36085011204,Census Tract 112.04; Richmond County; New York,5,0,0,6.666666666666667,-0.8363508690873437,Not significant,Not significant,Not significant,2,3243.614793844926,10564.835101307654,0,1.511117871867581,1,0,0.14666666666666667,1,0,45,75
36081044400,Census Tract 444; Queens County; New York,504,157,0,12.06318812829105,1.0345349949533773,Not significant,Not significant,Not significant,84,36410.731350965136,218289.75107711472,40,0.7840912256438248,40,1,0.21309495047112828,0.7667130919220055,0.0681375730045425,2179,4178
36081141700,Census Tract 1417; Queens County; New York,125,51,0,2.9069767441860463,-1.3147124417693457,Cold 95%,Low-Low,p <= 0.05,145,38638.11117646187,391756.24719939055,47,3.6260678136702773,15,8,0.1558139534883721,0.1935275080906149,0.03256105197244834,2514,4300
36081099703,Census Tract 997.03; Queens County; New York,40,16,0,1.0175527855507505,-1.3723348784591358,Cold 95%,Low-Low,p <= 0.05,27,35937.46311235273,115353.77320340679,23,5.338234527458328,5,2,0.09514118544899516,0.31192161132280893,0.040229885057471264,2161,3931
36081039902,Census Tract 399.02; Queens County; New York,37,16,0,1.8668012108980827,0.1934611039753128,Not significant,Not significant,Not significant,1,1147.3822508786739,14431.548031805156,6,0.232919278953078,1,1,0.325,0.8746928746928747,0.17777777777777778,1050,1982
36005046205,Census Tract 462.05; Bronx County; New York,416,164,0,11.450591797412606,0.3208669705571195,Not significant,Not significant,Not significant,84,55049.65943283266,116473.56428560313,12,1.3475650947185085,3,2,0.16680429397192403,0.6048913043478261,0.05834186284544524,2164,3633
36005043101,Census Tract 431.01; Bronx County; New York,167,54,0,3.3062759849534746,0.6845889613070709,Not significant,Not significant,Not significant,47,4527.3682490196215,30617.57992044715,7,0.25826761944194165,2,0,0.40091071075034646,1,0.05222337125129266,2515,5051
36081077300,Census Tract 773; Queens County; New York,111,33,0,5.038583749432592,-1.7789475849568153,Cold 99%,Low-Low,p <= 0.01,83,14094.79754474433,79237.3443690775,35,0.5322881012600162,2,1,0.060372219700408535,0.337617823479006,0.02587646076794658,1155,2203
36005009200,Census Tract 92; Bronx County; New York,460,149,0,7.8125,2.8922810144622657,Hot 95%,High-High,p <= 0.05,222,10430.32712215905,110224.01099016046,30,0.22535966994513093,9,0,0.15862771739130435,0.7361111111111112,0.07326732673267326,3009,5888
36005011800,Census Tract 118; Bronx County; New York,91,45,0,1.7994858611825193,-1.04050630066376,Not significant,Not significant,Not significant,326,40894.64220937481,188770.1597853246,33,4.675443605923889,60,8,0.12032435260266806,0.4225444957152274,0.0975609756097561,2288,5057
36005036800,Census Tract 368; Bronx County; New York,120,50,0,6.128702757916241,0.24869396043560318,Not significant,Not significant,Not significant,43,12204.037473709488,76540.64054249378,6,0.9152945945713967,9,4,0.2807831014940752,0.4230769230769231,0.07280832095096583,1174,1958
36005015800,Census Tract 158; Bronx County; New York,80,40,0,5.369127516778524,-0.7160832226202285,Not significant,Not significant,Not significant,128,9871.53833301245,76136.89404534957,20,2.594671805513081,6,0,0.1912751677852349,0.5262172284644194,0.02197802197802198,720,1490
36005014500,Census Tract 145; Bronx County; New York,414,192,0,6.000869691259603,2.5264194105060254,Hot 95%,High-High,p <= 0.05,44,4459.538451391815,53734.72174429885,18,0.9947868542062054,9,2,0.5296495956873315,0.9852034525277436,0.04212598425196851,3718,6899
36005036901,Census Tract 369.01; Bronx County; New York,147,67,0,8.130530973451327,2.6403298170745493,Hot 95%,Low-High,p <= 0.05,49,6847.160566560609,41628.40534380892,8,0.8582712802375609,2,3,0.44831460674157303,0.891218872870249,0.03783102143757881,979,1808
36005004400,Census Tract 44; Bronx County; New York,133,40,0,3.090866837090402,1.9289045327093368,Hot 95%,Low-High,p <= 0.05,141,7587.036713124816,49345.26348747382,52,0.5638368670669454,4,1,0.3819815444390481,0.9610136452241715,0.06329884357881924,2518,4303
36061013502,Census Tract 135.02; New York County; New York,166,51,0,2.8264941256597993,2.237160087537624,Hot 95%,Low-High,p <= 0.05,58,23438.746830235254,78552.83016871726,25,1.164990069989987,1,0,0.20364379363187468,0.9833105335157318,0.09619188921859545,3317,5873
36081010500,Census Tract 105; Queens County; New York,92,33,0,1.9708654670094259,-0.8553658000252642,Not significant,Not significant,Not significant,40,7162.993554806553,65397.09418416266,29,0.8616975198247246,2,0,0.13367609254498714,0.8719611021069692,0.0374414976599064,2136,4668
36081014202,Census Tract 142.02; Queens County; New York,256,86,0,9.292196007259529,0.7846187787304422,Not significant,Not significant,Not significant,67,32619.022729065622,152886.23333229803,25,0.5186759465314216,12,4,0.12154453707766565,0.4419306184012066,0,1218,2755
36081033700,Census Tract 337; Queens County; New York,117,43,0,4.192045861698316,0.14726772981055236,Not significant,Not significant,Not significant,25,1412.423837180811,63938.04167331665,13,1.2327878753234747,1,3,0.09888127029953085,0.38850574712643676,0.3302540415704388,1636,2791
36081023000,Census Tract 230; Queens County; New York,45,13,0,2.435064935064935,-0.8710436499795993,Not significant,Not significant,Not significant,18,3547.4854120057444,70692.21797093733,36,0.6941377304749066,2,0,0.03463203463203463,0.31348511383537653,0,887,1848
36081051200,Census Tract 512; Queens County; New York,87,32,0,3.242638837122624,-1.3613482192822464,Not significant,Not significant,Not significant,35,17858.520312794404,154826.0265937947,13,2.8598765884192376,12,6,0.12602535421327368,0.21024258760107817,0.05717916137229987,1328,2683
36081044602,Census Tract 446.02; Queens County; New York,220,73,0,4.608294930875576,2.6329747262530976,Hot 95%,High-High,p <= 0.05,27,5529.746482098392,61021.59387712299,21,0.302365390824878,4,0,0.31005469078670594,0.8594559585492227,0.09442815249266862,2173,4774
36081060100,Census Tract 601; Queens County; New York,77,27,0,3.6948176583493284,-1.5007241167097414,Cold 95%,Low-Low,p <= 0.05,47,5678.575650675908,53386.08692914312,18,1.1443743451767754,6,0,0.04654510556621881,0.5017751479289941,0.08450704225352113,1058,2084
36081062700,Census Tract 627; Queens County; New York,54,18,0,1.907453196750265,-0.9817296695220071,Not significant,Not significant,Not significant,12,1886.5913611700125,60581.16311211964,17,0.8403618663420963,2,1,0.07700459201695514,0.4406934306569343,0.06244653550042772,1443,2831
36081056600,Census Tract 566; Queens County; New York,46,27,0,2.975420439844761,-0.8759630286259286,Not significant,Not significant,Not significant,18,5246.698608673992,82436.29815481885,6,3.9160267454698228,5,1,0.24385510996119017,0.46120689655172414,0.031315240083507306,811,1546
36081086400,Census Tract 864; Queens County; New York,79,23,0,2.739251040221914,-0.22250000414247892,Not significant,Not significant,Not significant,59,16084.616305462609,113518.59174120286,22,0.3917955622278737,19,0,0.13349514563106796,0.402187120291616,0,1542,2884
36081079900,Census Tract 799; Queens County; New York,125,50,0,3.9669946048873372,-0.07151975459051672,Not significant,Not significant,Not significant,25,11401.072034083643,112339.64665014455,11,1.4192022683388923,2,0,0.41709021601016516,0.5914529914529915,0.0873634945397816,1524,3151
36081112300,Census Tract 1123; Queens County; New York,136,46,0,5.80948312686886,-1.335924932057712,Cold 95%,Low-Low,p <= 0.05,59,20260.360749871863,130820.345520434,30,5.018494880928852,7,9,0.19564288765484836,0.7084870848708487,0.06228373702422145,1127,2341
36061011202,Census Tract 112.02; New York County; New York,89,29,0,17.18146718146718,1.6633213529547435,Hot 95%,Low-High,p <= 0.05,15,5127.465829510103,28665.338310794603,8,0.2656908043418585,1,1,0.025096525096525095,0.28434504792332266,0.4935275080906149,250,518
36061013400,Census Tract 134; New York County; New York,163,49,0,1.5560859188544154,-0.9341862991655252,Not significant,Not significant,Not significant,77,2168.0609384136515,67640.16203551891,180,0.37450769747834944,5,6,0.09712472353110876,0.6932482721956407,0.2979596914655387,6600,10475
36061008900,Census Tract 89; New York County; New York,223,88,0,3.7860780984719864,3.330474796597155,Hot 95%,High-High,p <= 0.05,70,5426.269036238522,58941.9332587337,58,0.41621706072481923,0,4,0.13513513513513514,0.7525911066532932,0.20218724993331555,2995,5890
36061003900,Census Tract 39; New York County; New York,173,60,0,3.0356202842603968,2.358630694377554,Hot 95%,High-High,p <= 0.05,124,33979.13947754841,162022.39526535477,41,0.7187846383596588,2,0,0.1861730128092648,0.5383475361244906,0.2570878062207542,2736,5699
36061001502,Census Tract 15.02; New York County; New York,528,249,0,6.304477611940299,2.913564331623938,Hot 95%,High-High,p <= 0.05,115,9905.189552383348,79399.27979570933,112,0.236560973204614,7,11,0.057998381440517936,0.8410931174089069,0.1410562921104108,4454,8375
36061009300,Census Tract 93; New York County; New York,333,130,0,3.4836279945601003,2.573303749434737,Hot 95%,High-High,p <= 0.05,86,782.1080322277904,57544.60994092471,41,0.27431828703111777,0,4,0.12375458835867856,0.5506535947712419,0.14245679588977114,4438,9559
36061004200,Census Tract 42; New York County; New York,240,82,0,4.668352460610776,3.977702810981145,Hot 99%,High-High,p <= 0.01,40,9166.685675590608,51529.14911458616,49,0.2417524842471265,6,2,0.1653579676674365,0.5913757700205339,0.18425460636515914,2931,5141
36047090600,Census Tract 906; Kings County; New York,223,98,0,5.133517495395949,1.433118228583428,Not significant,Not significant,Not significant,37,7263.478150511853,47726.417346006274,25,0.5882986356088565,6,2,0.47559852670349906,0.9951219512195122,0.013368983957219251,2742,4344
36047112200,Census Tract 1122; Kings County; New York,168,88,0,4.8,2.296381300945016,Hot 95%,High-High,p <= 0.05,19,5116.543395973447,54990.94078242074,8,0.3190828672045284,20,9,0.2337142857142857,0.781578947368421,0.055900621118012424,1876,3500
36047088200,Census Tract 882; Kings County; New York,170,63,0,2.6013771996939554,-0.2615195704588444,Not significant,Not significant,Not significant,33,1596.76724027535,51525.04178490723,21,0.543980693553515,3,0,0.23851806491120636,0.8740188383045526,0.07007299270072993,3802,6535
36047090000,Census Tract 900; Kings County; New York,234,118,0,4.713940370668816,0.6199654137204019,Not significant,Not significant,Not significant,52,8780.158570103426,107554.85716882559,21,0.29167041437404456,8,5,0.5300161160354553,0.846030042918455,0.04897959183673469,2721,4964
36061014402,Census Tract 144.02; New York County; New York,102,39,0,1.5002206206795117,-1.4608805047494053,Cold 95%,Low-Low,p <= 0.05,115,8023.415627544778,44921.90427964948,213,0.5731980600872967,1,1,0.07795264009413148,0.6825185972369819,0.17959895379250218,3700,6799
36061021800,Census Tract 218; New York County; New York,474,177,0,7.734986945169712,1.7229923297731033,Not significant,Not significant,Not significant,102,13835.006995715716,77071.81593713167,83,0.27466163959875084,9,0,0.1385669985310919,0.6926960619320094,0.16380523501266536,3437,6128
36061016400,Census Tract 164; New York County; New York,293,139,0,3.525872442839952,2.1700610118181025,Hot 95%,High-High,p <= 0.05,46,3490.1178481007805,52945.69148145211,37,0.40860543160265295,2,0,0.3716354858177429,0.9897810218978103,0.06828073993471165,4522,8310
36061020102,Census Tract 201.02; New York County; New York,172,82,0,4.146576663452266,2.082273837087524,Hot 95%,High-High,p <= 0.05,59,25.06466216895577,30010.96846475008,46,0.14687765894311372,6,3,0.156702025072324,0.7538844002486016,0.1427810335641982,2044,4148
36061000600,Census Tract 6; New York County; New York,316,106,0,3.0673655600854204,2.5430051305728902,Hot 95%,High-High,p <= 0.05,75,11061.816267519438,57664.94911066853,42,0.4085601668292213,2,2,0.3468414779499404,0.9484516966437975,0.1154666229293095,4421,10302
36061009200,Census Tract 92; New York County; New York,777,338,0,56.020187454938714,2.4594589820664448,Not significant,Not significant,Not significant,51,11159.23427870663,83552.40861314062,43,0.27544755286268907,1,1,0.06547619047619048,0.851409978308026,0.23864574731626756,638,1387
36085013302,Census Tract 133.02; Richmond County; New York,203,86,0,6.312189054726368,-0.8384192429146691,Not significant,Not significant,Not significant,104,41868.97109044941,202748.92201064804,32,4.114312431493075,28,13,0.31592039800995025,0.6,0.2024793388429752,1890,3216
36047015900,Census Tract 159; Kings County; New York,162,61,0,3.012832434442998,-0.6193645649604088,Not significant,Not significant,Not significant,117,21152.652337417065,74500.5978871637,145,0.1726520922617988,4,5,0.04889884285181038,0.4313050133945656,0.05050872093023256,2860,5377
36047017800,Census Tract 178; Kings County; New York,85,30,0,3.377036154151768,-1.7059577309676708,Cold 99%,Low-Low,p <= 0.01,35,15306.52458428635,90465.98054891167,27,0.2754956210269792,4,0,0.04543506215173596,0.6481042654028436,0.07354555433589462,1223,2517
36047009800,Census Tract 98; Kings County; New York,167,59,0,2.487710412632206,-0.4123679426733554,Not significant,Not significant,Not significant,63,345.1912801052215,48613.0930938667,28,0.520808090842904,2,4,0.2813307002886222,0.8702997275204359,0.03825995807127883,2988,6713
36047002200,Census Tract 22; Kings County; New York,184,71,0,3.956989247311828,-0.5615536398441184,Not significant,Not significant,Not significant,156,62298.76840475345,194664.2262901692,36,0.3976428627613166,19,6,0.2500538444970924,0.635678391959799,0.062978222483814,2304,4650
36047032300,Census Tract 323; Kings County; New York,119,46,0,3.31568682084146,0.08697449305388072,Not significant,Not significant,Not significant,38,3738.537648118935,59128.63983942321,9,0.3992876617691656,1,4,0.16829200334354974,0.7905604719764012,0.025301897642323174,1858,3589
36047027200,Census Tract 272; Kings County; New York,46,17,0,1.2266666666666666,-1.4523017077526452,Not significant,Not significant,Not significant,35,189.28907380030086,49020.20135623918,18,0.6105890295047363,1,0,0.26053333333333334,0.6671328671328671,0.015829318651066758,1617,3750
36047037300,Census Tract 373; Kings County; New York,215,100,0,4.341680129240711,0.5723732701485494,Not significant,Not significant,Not significant,43,5958.914884761224,90515.36744611859,17,0.29337684245652496,5,10,0.2054185200161747,0.7773359840954275,0.07748739110499771,2825,4952
36047041401,Census Tract 414.01; Kings County; New York,58,14,0,4.688763136620857,-1.6600513024641605,Cold 95%,Low-Low,p <= 0.01,14,9905.03141250644,59528.852385733866,17,0.20044450679926148,4,0,0.29991915925626517,0.4188034188034188,0.03505154639175258,576,1237
36047046201,Census Tract 462.01; Kings County; New York,46,16,0,1.99048031155344,-1.5035026310482342,Cold 95%,Low-Low,p <= 0.05,16,6204.027475600779,47505.56716032474,32,0.3376707465723039,4,1,0.18072824156305506,0.6389684813753582,0.07508833922261485,1211,2311
36047052000,Census Tract 520; Kings County; New York,113,47,0,3.218456280262034,-0.912858368473398,Not significant,Not significant,Not significant,40,4194.138919725467,66813.40152990117,32,0.2877793704116006,6,0,0.15294787809740815,0.6464419475655431,0.06512605042016807,1817,3511
36047057600,Census Tract 576; Kings County; New York,61,17,0,2.3027557568893924,-1.719272515871552,Cold 99%,Low-Low,p <= 0.01,23,1920.0476842821736,63313.16039443507,28,0.7103620663856486,2,0,0.22234805587013967,0.32340862422997946,0.11131386861313869,1480,2649
36047059600,Census Tract 596; Kings County; New York,67,21,0,2.9632905793896507,-1.2705579373617029,Not significant,Not significant,Not significant,18,5252.216437415586,52630.58753502917,20,1.2813197369967837,3,1,0.12251216275984078,0.3535958904109589,0.043407043407043405,1125,2261
36081027301,Census Tract 273.01; Queens County; New York,476,156,0,15.364751452550033,2.383635287404949,Hot 95%,High-High,p <= 0.05,43,1622.9841046098059,28242.003638339225,9,0.2655437171882601,0,0,0.3279535183989671,0.7804610318331504,0.01406926406926407,1440,3098
36081097206,Census Tract 972.06; Queens County; New York,31,14,0,1.1764705882352942,-1.2915395894518191,Not significant,Not significant,Not significant,36,10900.543677875141,70068.8100755311,13,0.5017981632783247,210,8,0.2872865275142315,0.8174366616989568,0.042796005706134094,1607,2635
36005017702,Census Tract 177.02; Bronx County; New York,314,120,0,6.0015290519877675,2.115063300239105,Hot 95%,High-High,p <= 0.05,38,28489.371330036483,76693.68986100162,17,0.4754635563148105,3,9,0.3474770642201835,0.7665671641791045,0.017595307917888565,2545,5232
36005037504,Census Tract 375.04; Bronx County; New York,443,187,0,11.033623910336239,4.783782103975858,Hot 99%,High-High,p <= 0.01,80,19165.800862780638,128006.81666961817,22,0.9378033452473886,11,1,0.32367528060558604,0.9801282051282051,0,2104,4015
36081019902,Census Tract 199.02; Queens County; New York,80,22,0,44.19889502762431,-0.8389723513091367,Not significant,Not significant,Not significant,70,43923.16928891685,195465.0497680012,19,1.1456491995431124,9,0,0.696969696969697,1,0,154,181
36005025300,Census Tract 253; Bronx County; New York,268,108,0,4.870070870434309,3.9750749271468364,Hot 99%,High-High,p <= 0.01,26,5440.228700447674,52004.310465355295,9,0.29156185937092693,15,2,0.3337593573123973,0.985499462943072,0.017932489451476793,2943,5503
36005017300,Census Tract 173; Bronx County; New York,349,158,0,6.62742119255602,4.588407096629227,Hot 99%,High-High,p <= 0.01,74,9886.54853140516,69537.69934926675,6,0.7904381898848041,18,2,0.301994301994302,0.9125659050966608,0.04208754208754209,2975,5266
36047053000,Census Tract 530; Kings County; New York,70,21,0,2.102733553619706,-1.44661095160012,Cold 95%,Low-Low,p <= 0.05,63,1472.0953834335016,54353.748605730136,12,0.2761453114093976,2,1,0.22122031860535016,0.6959459459459459,0.08359133126934984,1589,3329
36081080900,Census Tract 809; Queens County; New York,158,63,0,2.009155645981689,-0.4510575757582661,Not significant,Not significant,Not significant,112,54409.00079403173,225628.52350622765,67,2.1449030414374675,5,1,0.08831133487549327,0.2287878787878788,0.08776779543883897,4268,7864
36081129102,Census Tract 1291.02; Queens County; New York,91,30,0,2.390333596007355,-1.2178598445458104,Not significant,Not significant,Not significant,168,36323.944535365925,344847.2803750815,59,3.26309741377287,13,0,0.07486209613869188,0.03145695364238411,0.03127506014434643,1723,3807
36081155101,Census Tract 1551.01; Queens County; New York,0,0,0,0,-1.4506246775808582,Not significant,Not significant,Not significant,0,3093.8951562113702,6359.411477295649,0,7.641085698924349,0,0,0.07635694572217111,0.0547945205479452,0.2392059553349876,1422,2174
36081122300,Census Tract 1223; Queens County; New York,98,37,0,3.0953885028427037,-0.8513840986761538,Not significant,Not significant,Not significant,57,9687.226572248912,205624.96534817928,35,2.765862913343755,10,1,0.08085912823752368,0.21406491499227204,0.033607169529499624,1589,3166
36081025302,Census Tract 253.02; Queens County; New York,122,52,0,4.03172504957039,-0.6261579952777563,Not significant,Not significant,Not significant,30,11093.693040945678,49657.96984813976,12,0.059370886093782535,6,0,0.1728354263053536,0.898973954222573,0.055182699478001494,1551,3026
36081006502,Census Tract 65.02; Queens County; New York,184,60,0,4.628930817610063,0.42941079660365056,Not significant,Not significant,Not significant,31,6463.599383694027,63520.90665530956,52,0.44805240554169623,2,5,0.1519496855345912,0.8310552214324768,0.1323529411764706,1839,3975
36081094202,Census Tract 942.02; Queens County; New York,220,99,0,3.9125022230126265,-0.020330270549390614,Not significant,Not significant,Not significant,167,59761.047899898345,218822.82101458687,23,0.44033867409287936,69,3,0.3113996087497777,0.6485981308411215,0.0467706013363029,3189,5623
36085014607,Census Tract 146.07; Richmond County; New York,27,12,0,0.5679427850231384,-1.6848420702186742,Cold 99%,Low-Low,p <= 0.01,112,27952.4798800887,238465.2452404685,52,1.247120331039066,28,2,0.0818910932883073,0.09307875894988067,0.01873536299765808,2377,4754
36047033600,Census Tract 336; Kings County; New York,53,15,0,1.112977740445191,-0.7339120995974425,Not significant,Not significant,Not significant,175,1624.318214749465,20059.33394802202,6,2.2071171107038,40,17,0.10676080445014977,0.47361809045226133,0.15454062665958576,2495,4762
36047040200,Census Tract 402; Kings County; New York,91,39,0,3.7696768848384425,-1.628324419355197,Cold 95%,Low-Low,p <= 0.05,36,8834.597348812027,84834.20578843198,12,0.3447844836912995,1,1,0.3011599005799503,0.5453367875647669,0.09283196239717979,1083,2414
36047045200,Census Tract 452; Kings County; New York,22,3,0,0.8651199370821864,-2.1044746118617197,Cold 99%,Low-Low,p <= 0.001,30,3374.760345505753,51326.50365461459,31,0.6044860482491315,2,3,0.08764311093564943,0.5403587443946188,0.07372793354101766,1228,2543
36081061900,Census Tract 619; Queens County; New York,72,20,0,2.3637557452396587,-1.910543937202049,Cold 99%,Low-Low,p <= 0.01,54,15478.988062297849,105389.64834324401,13,1.077174224338431,23,1,0.17793827971109652,0.6337792642140468,0.04777070063694268,1046,3046
36081054800,Census Tract 548; Queens County; New York,34,10,0,1.4273719563392107,-1.4983318350824384,Cold 95%,Low-Low,p <= 0.05,36,18336.16693698004,99086.39689252194,8,2.988609959999312,8,1,0.10621326616288833,0.21137026239067055,0.04055944055944056,1203,2382
36081088400,Census Tract 884; Queens County; New York,259,95,0,2.8793774319066148,0.030031018623697094,Not significant,Not significant,Not significant,278,37582.19094807313,501418.5868933711,87,0.6176418033948214,399,10,0.10216787103946637,0.30383211678832117,0.04139941690962099,4454,8995
36081073700,Census Tract 737; Queens County; New York,277,140,0,13.266283524904214,-0.9302350323289871,Not significant,Not significant,Not significant,87,15074.96715786966,49875.820508584016,35,0.3706952776170135,16,1,0.004310344827586207,0.6121323529411765,0.14330708661417324,1158,2088
36047077200,Census Tract 772; Kings County; New York,103,42,0,3.3572359843546282,-1.7123510499124954,Cold 99%,Low-Low,p <= 0.01,89,9700.694544272956,106062.25367057355,37,0.5023019927255885,3,14,0.24779627815866798,0.6246648793565683,0.0675,1892,3068
36047081600,Census Tract 816; Kings County; New York,93,44,0,3.214656066367093,-0.40273938704570056,Not significant,Not significant,Not significant,33,4543.486241038313,59637.07689611834,14,0.5432100823697388,5,0,0.04044244728655375,0.6435432230522946,0.12429906542056075,1584,2893
36047069200,Census Tract 692; Kings County; New York,62,19,0,2.6944806605823555,-1.6606039227154417,Cold 99%,Low-Low,p <= 0.01,56,10825.068341470378,83280.23355488524,13,2.5431204178041478,1,7,0.057130396860008724,0.38813349814585907,0.13010752688172042,1211,2301
36047091000,Census Tract 910; Kings County; New York,201,85,0,3.4435497687168066,0.43774629554381345,Not significant,Not significant,Not significant,52,9924.28010335913,71405.49980002052,27,0.2615370230077509,0,0,0.4947747130375193,1,0.046622613803230545,2994,5837
36047096400,Census Tract 964; Kings County; New York,93,33,0,4.458293384467881,-1.1885593341822382,Not significant,Not significant,Not significant,21,22577.24893711787,77123.43927270692,11,0.6949681524322663,14,7,0.10579710144927536,0.5356600910470409,0.20983213429256595,1064,2086
36047115800,Census Tract 1158; Kings County; New York,155,77,0,6.128904705417161,1.9638314102727417,Hot 95%,Low-High,p <= 0.05,21,0,68474.26601347931,12,0.4472018090238893,8,10,0.2321075523922499,0.5287846481876333,0.11842105263157894,1404,2529
36047120200,Census Tract 1202; Kings County; New York,162,59,0,8.104052026013006,0.3375257805466899,Not significant,Not significant,Not significant,55,10756.31809731963,76324.16974767976,7,0.09702629273564232,1,0,0.0525783619817998,0.5717171717171717,0.0900735294117647,1033,1999
36081156700,Census Tract 1567; Queens County; New York,73,34,0,4.169046259280411,-1.6414397001056866,Cold 95%,Low-Low,p <= 0.05,50,18811.470640784217,55036.01448902954,16,5.52117597104228,3,0,0.30606060606060603,0.7516556291390728,0.028938906752411574,817,1751
36005033201,Census Tract 332.01; Bronx County; New York,120,53,0,2.962962962962963,1.814937090916163,Hot 95%,Low-High,p <= 0.05,35,3881.690373018806,33814.44268143043,13,0.2878540563944386,3,0,0.2800296589223925,0.7435783879539415,0.04037399065023375,2168,4050
36005009600,Census Tract 96; Bronx County; New York,359,120,0,18.14964610717897,1.9739473087719739,Not significant,Not significant,Not significant,347,27614.12415662481,183413.9524892462,23,0.36235965902739065,24,2,0.20730337078651687,0.7836185819070904,0.11471861471861472,1026,1978
36047034800,Census Tract 348; Kings County; New York,253,96,0,8.402524078379276,1.8404787911498188,Not significant,Not significant,Not significant,59,35424.061404064356,113937.38185251423,21,0.4103040004166988,62,0,0.2052474261042843,0.9232409381663113,0.0486815415821501,1309,3011
36047043000,Census Tract 430; Kings County; New York,155,46,0,4.228041462084016,-1.3790220719944497,Cold 95%,Low-Low,p <= 0.05,54,21192.841414937448,69833.70508479429,10,0.35215530216598456,1,0,0.13938897981451173,0.8269370021723389,0.0356145251396648,1805,3666
36061024302,Census Tract 243.02; New York County; New York,168,75,0,2.2027009309033696,4.831504782576801,Hot 99%,High-High,p <= 0.01,49,3609.333169265351,14678.995946037307,30,0.2655917637837124,1,0,0.4179144030740692,1,0.06397188049209139,4289,7627
36047105804,Census Tract 1058.04; Kings County; New York,167,79,0,2.745355909912872,0.6426465830865496,Not significant,Not significant,Not significant,84,23681.428102039168,85207.11690779025,11,1.4615537284843236,29,0,0.27894825551997304,0.9796816796478158,0.09638922888616891,3883,6083
36085009601,Census Tract 96.01; Richmond County; New York,54,25,0,1.248266296809986,-1.7024186412092401,Cold 99%,Low-Low,p <= 0.01,132,34397.18657026743,220560.1631702132,42,0.11216457921695949,41,4,0.03532277710109622,0.45966709346991036,0.061861861861861864,2107,4326
36005040702,Census Tract 407.02; Bronx County; New York,310,116,0,4.973527996149527,2.1940605486689733,Hot 95%,High-High,p <= 0.05,91,21105.444878396243,88012.32185469019,14,0.4556888718047382,5,3,0.2794472119556484,0.9664405569439486,0.06912595546693254,3600,6233
36005041900,Census Tract 419; Bronx County; New York,474,198,0,7.626709573612229,2.9250372586542457,Hot 95%,High-High,p <= 0.05,100,32737.224722257182,143292.0416085089,16,0.3303440390750803,5,0,0.1708340054847556,0.9598765432098766,0,2972,6215
36005043600,Census Tract 436; Bronx County; New York,109,44,0,4.614733276883997,-0.009265748047552242,Not significant,Not significant,Not significant,62,4538.96788245253,51549.2581859112,12,0.40761589404189086,1,0,0.12955122777307368,0.4302788844621514,0.01310615989515072,1143,2362
36005022902,Census Tract 229.02; Bronx County; New York,291,103,0,8.6145648312611,1.818056115731471,Not significant,Not significant,Not significant,60,9654.292332105731,49245.12272405464,8,0.3431733246113956,9,1,0.30728241563055064,0.8912310286677909,0,1942,3378
36085007002,Census Tract 70.02; Richmond County; New York,82,44,0,1.3865404125803178,-1.44661095160012,Cold 95%,Low-Low,p <= 0.05,155,100408.01881526277,330729.1737758897,32,1.3704908814951782,124,11,0.14620298083747338,0.2791221159257175,0.02201430930104568,2799,5914
36047019600,Census Tract 196; Kings County; New York,61,22,0,1.5754132231404958,-1.827430790919333,Cold 99%,Low-Low,p <= 0.01,14,779.7535019915694,64148.381733333874,19,0.6197110031155356,7,1,0.327431217651866,0.5977093772369363,0.12850904553961323,1849,3872
36047011600,Census Tract 116; Kings County; New York,81,25,0,2.5054129291679557,-1.2259531463881073,Not significant,Not significant,Not significant,24,4382.6550212996,61338.563140546554,20,0.5187500740496808,1,1,0.2777085927770859,0.7485822306238186,0.21279761904761904,1566,3233
36047013800,Census Tract 138; Kings County; New York,100,36,0,2.6315789473684212,-1.2008855343265499,Not significant,Not significant,Not significant,120,1594.0078012641686,68876.5557278248,33,0.30409413046849987,1,7,0.031118143459915613,0.776536312849162,0.11884669479606189,1832,3800
36081002600,Census Tract 26; Queens County; New York,70,27,0,3.1305903398926653,-1.2134178638200466,Not significant,Not significant,Not significant,18,1154.8371711759655,42299.292312861384,13,0.25224739748522473,4,2,0.129695885509839,0.28846153846153844,0.007342143906020558,1220,2236
36081034700,Census Tract 347; Queens County; New York,176,59,0,4.426559356136821,0.39744420187952895,Not significant,Not significant,Not significant,153,18017.054282692563,142541.71584290266,30,2.0518437711820585,8,4,0.2086032650945841,0.6146341463414634,0.15359207266721717,1729,3976
36047006300,Census Tract 63; Kings County; New York,72,36,17,3.7815126050420167,-1.6486626075781239,Cold 99%,Low-Low,p <= 0.01,19,4065.732320686665,34434.3273876832,22,0.5612453291985803,4,0,0.03413865546218487,0.7105263157894737,0.15227934044616878,868,1904
36047016700,Census Tract 167; Kings County; New York,73,30,0,1.5208333333333333,-1.5097205299684753,Cold 95%,Low-Low,p <= 0.05,58,5883.088660007031,60358.74204344199,81,0.2548669171921028,2,0,0.056875,0.47649475125513463,0.06527303754266212,2407,4800
36081009100,Census Tract 91; Queens County; New York,39,14,0,2.0228215767634854,-0.7239005828319375,Not significant,Not significant,Not significant,10,7321.266321441286,37592.79592749184,17,1.1743519157380322,8,0,0.060684647302904564,0.577755905511811,0.34025974025974026,997,1928
36081012400,Census Tract 124; Queens County; New York,123,53,0,4.222451081359424,-0.8108930786922668,Not significant,Not significant,Not significant,42,19846.440401755102,98795.94344274138,8,0.30031269295602114,4,0,0.09406110538963268,0.6020066889632107,0.005543237250554324,1450,2913
36081014400,Census Tract 144; Queens County; New York,112,43,0,6.7025733093955715,-0.369754071499389,Not significant,Not significant,Not significant,42,11571.30176421447,59101.55659759534,28,0.22029165430419104,7,5,0.14302812687013763,0.8147448015122873,0.10942760942760943,934,1671
36081019800,Census Tract 198; Queens County; New York,92,34,0,2.8849169018501097,-0.46722069140621897,Not significant,Not significant,Not significant,22,4613.962540341641,99620.75068310699,15,1.0442631779548324,20,11,0.0893765903307888,0.6607142857142857,0.09107303877366997,1444,3189
36081026600,Census Tract 266; Queens County; New York,57,27,0,2.936630602782071,-1.6950395732397463,Cold 99%,Low-Low,p <= 0.01,10,3684.547655736548,51032.21495740996,3,1.9972238683781243,6,0,0.22129436325678498,0.6284530386740331,0.1561771561771562,1069,1941
36081053401,Census Tract 534.01; Queens County; New York,76,29,0,3.861788617886179,-2.2709742723879427,Cold 99%,Low-Low,p <= 0.0001,27,20190.031846983922,120157.94096979575,3,3.6425859667856204,4,8,0.037601626016260166,0.20868113522537562,0.024429967426710098,1024,1968
36085030301,Census Tract 303.01; Richmond County; New York,189,115,42,3.510401188707281,-1.0581014112254736,Not significant,Not significant,Not significant,142,39158.56259552566,164644.14972390883,32,5.944228054676267,6,4,0.05279791782859267,0.3777429467084639,0.03186646433990895,2633,5384
36005044200,Census Tract 442; Bronx County; New York,196,81,0,4.891439980034939,1.7321567713291652,Hot 95%,High-High,p <= 0.05,115,12554.62924533477,85347.68683542083,14,0.38240068483741857,14,3,0.3210618582519409,0.422680412371134,0.0561377245508982,2409,4007
36005039700,Census Tract 397; Bronx County; New York,651,284,0,15.430196729082722,4.805146027803169,Hot 99%,High-High,p <= 0.01,128,49026.75896892606,121211.65901531244,29,0.891545017248415,6,0,0.3583650190114068,0.9673704414587332,0.11243611584327087,2335,4219
36047024600,Census Tract 246; Kings County; New York,75,22,0,2.274105518496058,-1.633500116259662,Cold 95%,Low-Low,p <= 0.05,48,1972.1097505604416,51273.772432788384,20,0.33942762714885705,0,1,0.23129251700680273,0.44976076555023925,0.06278026905829596,1543,3298
36047026500,Census Tract 265; Kings County; New York,139,61,0,3.389417215313338,0.27602682816209134,Not significant,Not significant,Not significant,19,1222.5165049986185,57046.99162621855,22,0.8108958838803106,13,13,0.21224688948524031,0.806272129489125,0.054519368723098996,2366,4101
36047030100,Census Tract 301; Kings County; New York,121,57,0,3.815830968148849,0.7009925305987573,Not significant,Not significant,Not significant,68,11032.291753326019,77551.4223464799,30,0.371884093268354,48,5,0.21394761754496686,0.6862567811934901,0.15053763440860216,1624,3171
36081036700,Census Tract 367; Queens County; New York,89,29,0,3.03236797274276,-0.559903376473008,Not significant,Not significant,Not significant,53,8709.315548852948,88740.9971867292,11,1.5481965231751358,10,2,0.144570058239123,0.671604938271605,0.14826498422712933,1338,2935
36081040400,Census Tract 404; Queens County; New York,85,37,0,2.3154453827295014,-0.5097931189744463,Not significant,Not significant,Not significant,63,15228.523629000694,175837.02081286273,27,1.3820921260113803,9,6,0.08716970852628711,0.34266764922623433,0.09593604263824117,1989,3671
36081046700,Census Tract 467; Queens County; New York,169,39,0,2.494833185710068,2.3146032127626746,Hot 95%,High-High,p <= 0.05,41,2925.353455404146,64073.34875051392,14,0.37014200678992687,0,0,0.09088186854319509,0.9294416243654823,0.07641819034224097,3305,6774
36081048900,Census Tract 489; Queens County; New York,139,41,0,7.562568008705115,-0.9851255868656876,Not significant,Not significant,Not significant,91,33254.66635362825,172357.9022249608,18,1.03058305746946,6,2,0.16923076923076924,0.5567010309278351,0.03322259136212625,762,1838
36061019600,Census Tract 196; New York County; New York,1019,411,0,24.459913586173787,5.512099357738981,Hot 99%,High-High,p <= 0.01,171,14672.994289166067,95626.1331649392,60,0.1695745426949513,23,2,0.31666666666666665,0.9967409016838674,0.09666339548577037,1963,4166
36061017700,Census Tract 177; New York County; New York,188,86,0,1.8743768693918246,1.2590473038809598,Not significant,Not significant,Not significant,104,6419.787485226149,61643.20503550885,128,0.4228649301459319,0,1,0.13150548354935193,0.6051314142678348,0.11451791651274473,5637,10030
36081006100,Census Tract 61; Queens County; New York,165,45,0,3.168811215671212,-0.36401782443317554,Not significant,Not significant,Not significant,17,4960.620494272211,66787.74745035803,121,0.29370953463488503,6,3,0.05982575024201355,0.9572829131652661,0.13872135102533173,2354,5207
36081020400,Census Tract 204; Queens County; New York,216,73,0,10.876132930513595,0.20997239782307822,Not significant,Not significant,Not significant,31,19216.557251715298,129829.9934225234,11,0.7036230561251058,30,5,0.17183528215556684,0.6671532846715329,0.09749670619235837,1053,1986
36081051100,Census Tract 511; Queens County; New York,50,23,0,2.0048115477145148,-1.5643862654214518,Cold 95%,Low-Low,p <= 0.05,84,15244.136750017942,80943.00355765458,18,1.9788171464201698,13,1,0.1090617481956696,0.25357142857142856,0.04328018223234624,1260,2494
36081056200,Census Tract 562; Queens County; New York,17,9,0,1.2151536812008576,-0.9567967138899937,Not significant,Not significant,Not significant,18,1387.4963816893899,52142.473727452234,10,4.474111228842002,0,1,0.004288777698355968,0.14285714285714285,0.05018587360594796,697,1399
36081071100,Census Tract 711; Queens County; New York,266,143,61,4.6188574405278695,-1.4068358442062407,Cold 95%,High-Low,p <= 0.05,101,24840.427138019375,126381.48578500179,87,0.4959274631676866,7,1,0.05951752069026237,0.3260283209710047,0.027222040013119054,3147,5759
36047010000,Census Tract 100; Kings County; New York,180,54,0,3.279285844416105,-0.07876173588062822,Not significant,Not significant,Not significant,35,11.256114106696007,53630.94300271088,30,0.4960544230192192,1,0,0.23519766806339953,0.7445652173913043,0.10068426197458455,3140,5489
36081024300,Census Tract 243; Queens County; New York,164,47,0,2.9249152844658464,-1.3351452321678605,Cold 95%,Low-Low,p <= 0.05,123,56579.27713913141,272823.39313831896,49,1.003988786038042,11,3,0.08138079055625112,0.4052901023890785,0.03140495867768595,2854,5607
36081015801,Census Tract 158.01; Queens County; New York,218,57,0,5.675605311116897,-0.9348836882523254,Not significant,Not significant,Not significant,60,11064.550291152756,114477.91569491546,22,1.1830235097881252,17,2,0.1402502606882169,0.3584195672624647,0.1272577996715928,1963,3841
36081058700,Census Tract 587; Queens County; New York,80,31,0,2.2948938611589216,-0.7069735735175209,Not significant,Not significant,Not significant,66,823.5642529353,41865.512097331426,16,0.3841630395545255,2,4,0.09781985083189902,0.8340425531914893,0.10191082802547771,1739,3486
36085015601,Census Tract 156.01; Richmond County; New York,44,18,0,0.7080785323463148,-1.8549193792454466,Cold 99%,Low-Low,p <= 0.001,198,78110.76610648521,506079.2100344046,103,0.8888762658695614,86,9,0.07515288059221113,0.29573170731707316,0.05824446267432322,3035,6214
36005008400,Census Tract 84; Bronx County; New York,69,30,0,2.22007722007722,-0.030816568911489716,Not significant,Not significant,Not significant,74,7519.908152598174,63949.515103324506,9,2.0843293861796144,9,1,0.15480895915678525,0.3069403714565005,0.022922636103151862,1568,3108
36081155104,Census Tract 1551.04; Queens County; New York,58,20,0,1.7906761346094473,-1.687384170190649,Cold 99%,Low-Low,p <= 0.01,44,33644.38617723274,173167.77600187462,23,7.483113617567249,2,2,0.11098484848484849,0.5004156275976724,0.12189781021897811,1522,3239
36047076000,Census Tract 760; Kings County; New York,58,14,0,1.8096723868954758,-1.6462867541493102,Cold 95%,Low-Low,p <= 0.05,27,3418.8099447097798,64290.096809180395,22,0.5697258604648264,1,1,0.08517940717628705,0.7258883248730964,0.026359143327841845,1544,3205
36061010803,Census Tract 108.03; New York County; New York,106,48,0,5.515088449531738,0.9456820874610541,Not significant,Not significant,Not significant,25,4309.011842986158,31593.77274474877,17,0.29924022468649547,0,0,0.05463059313215401,0.452991452991453,0.3567501527183873,949,1922
36081027101,Census Tract 271.01; Queens County; New York,97,25,0,1.7933074505453874,0.6553080659874431,Not significant,Not significant,Not significant,37,2170.9873798900608,30590.136600434118,2,0.24094793536027032,0,0,0.15853204172876303,0.692222835079978,0.03203416978109984,2761,5409
36081040502,Census Tract 405.02; Queens County; New York,503,147,0,29.833926453143533,2.538085751926561,Hot 95%,High-High,p <= 0.05,29,2952.230305647083,17610.891483983894,5,0.221458939735299,2,0,0.13819691577698695,0.841897233201581,0.03065134099616858,734,1686
36047057500,Census Tract 575; Kings County; New York,138,49,0,3.0026109660574414,-0.19954846475565854,Not significant,Not significant,Not significant,20,7586.044406985333,68299.39225542401,33,0.13276902265942297,2,7,0.10451412052479431,0.8796133567662566,0.14177978883861236,2395,4596
36047076200,Census Tract 762; Kings County; New York,54,13,0,1.2784090909090908,-1.8167752593446258,Cold 99%,Low-Low,p <= 0.01,42,2639.3268652606803,72789.34553234349,32,0.3729533777298864,0,2,0.2974137931034483,0.8375241779497099,0.06170598911070781,2122,4224
36047088600,Census Tract 886; Kings County; New York,226,97,0,5.207373271889401,0.8386283555323083,Not significant,Not significant,Not significant,43,11326.675968990156,88665.74087374873,17,0.5738495341685764,5,1,0.11906998590887741,0.9582441113490364,0.057041898031297326,2321,4340
36081113900,Census Tract 1139; Queens County; New York,96,39,0,2.369785238212787,-1.6995644120228464,Cold 99%,Low-Low,p <= 0.01,80,24870.84386417489,141672.37683565202,28,3.3665010170483733,3,0,0.14095285114786474,0.5425048669695003,0.02096569250317662,2185,4051
36047021200,Census Tract 212; Kings County; New York,66,25,0,2.0952380952380953,-1.1390834511932482,Not significant,Not significant,Not significant,19,11187.516061670385,82109.8588593938,13,0.2163294683350527,6,0,0.20952380952380953,0.7635914332784185,0.14687280393534785,1402,3150
36047019200,Census Tract 192; Kings County; New York,119,36,0,3.816549069916613,-1.2903919995540902,Not significant,Not significant,Not significant,31,4061.301223325054,63837.38595563888,15,0.27969548256667803,6,0,0.26765083440308085,0.6784260515603799,0.13191990577149587,1444,3118
36047031702,Census Tract 317.02; Kings County; New York,169,70,0,4.665930425179459,-0.5871172390706894,Not significant,Not significant,Not significant,16,8242.587746904477,70032.77434345213,39,0.14967475445734968,3,3,0.10141313383208644,0.7244043786220219,0.07117224880382775,2115,3622
36047038100,Census Tract 381; Kings County; New York,137,67,0,2.666407162319969,-0.05861254951793913,Not significant,Not significant,Not significant,33,6329.9578191525125,80227.34599297994,20,0.46319774987257667,18,9,0.1897625535227715,0.8291293734743694,0.019154030327214685,2794,5138
36085024402,Census Tract 244.02; Richmond County; New York,40,21,0,0.7979253939756633,-1.070889942694801,Not significant,Not significant,Not significant,152,77296.16673080857,261829.83528306225,35,1.6001984421163173,91,3,0.054819277108433734,0.1311659192825112,0.01545253863134658,2595,5013
36005037400,Census Tract 374; Bronx County; New York,155,56,0,4.266446462978255,0.37852508213642216,Not significant,Not significant,Not significant,91,12449.281955900502,75017.7300072427,22,0.3600756135757353,8,0,0.3245419211549139,0.849933598937583,0.045627376425855515,1894,3633
36047020400,Census Tract 204; Kings County; New York,19,6,0,0.9327442317133039,-1.9631457094646896,Cold 99%,Low-Low,p <= 0.001,36,1098.1139012265048,53216.04819843976,20,1.113541068044189,1,3,0.05743740795287187,0.2002840909090909,0.0650730411686587,1037,2037
36047013100,Census Tract 131; Kings County; New York,60,17,0,1.6982734220209454,0.1583800255744427,Not significant,Not significant,Not significant,59,12464.724707799134,68765.8104967535,58,0.29993585419424135,2,1,0.10787671232876712,0.7084499160604365,0.08733401430030643,1716,3533
36047038800,Census Tract 388; Kings County; New York,55,23,0,1.0274612366897067,-1.5844846710160088,Cold 95%,Low-Low,p <= 0.05,18,1415.1617982452792,77428.35189256251,21,0.4926516500790605,12,2,0.18920958309752878,0.5901960784313726,0.08874329958308518,2714,5353
36047068600,Census Tract 686; Kings County; New York,44,11,0,2.668283808368708,-1.167576942294631,Not significant,Not significant,Not significant,45,10633.799347789358,68435.44725565001,13,3.2547404523294854,0,1,0.0430563978168587,0.320863309352518,0.06586021505376344,975,1649
36081007300,Census Tract 73; Queens County; New York,86,27,0,2.255441909257802,-0.694289976128242,Not significant,Not significant,Not significant,51,7381.607882581598,45383.398937315476,26,0.3294373683081683,5,2,0.07710464201416208,0.8371868978805395,0.30707610146862485,1895,3813
36081040000,Census Tract 400; Queens County; New York,14,8,0,0.9929078014184397,-1.787208469322376,Cold 99%,Low-Low,p <= 0.01,78,6060.366456297156,89141.85238503611,11,2.2702099106905544,7,1,0.04113475177304964,0.23768736616702354,0.16308243727598568,726,1410
36081115700,Census Tract 1157; Queens County; New York,84,24,0,2.6785714285714284,-1.5631736078665943,Cold 95%,Low-Low,p <= 0.05,59,21664.929716040875,147908.2528529421,31,1.535443323933399,6,1,0.2420280612244898,0.5021097046413502,0.08916218293620293,1577,3136
36081013000,Census Tract 130; Queens County; New York,62,21,0,3.389830508474576,-1.053060659893781,Not significant,Not significant,Not significant,26,3407.3089859881447,67404.75646015973,9,0.3490547205516591,5,0,0.0612356478950246,0.6214285714285714,0,907,1829
36085004003,Census Tract 40.03; Richmond County; New York,148,89,0,4.20813193062269,-1.072738174479098,Not significant,Not significant,Not significant,58,11540.233264256187,61494.06563061725,7,1.247746606951357,0,5,0.4074495308501564,0.9276082327892122,0.07727570399476097,1939,3517
36081058200,Census Tract 582; Queens County; New York,84,35,0,1.6339233612137716,-1.454487185804581,Cold 95%,Low-Low,p <= 0.05,39,44385.158112417164,232771.00875011348,31,3.9585973815100823,22,5,0.055970149253731345,0.22462787550744248,0.0579987253027406,2865,5141
36061020101,Census Tract 201.01; New York County; New York,59,19,0,2.997967479674797,-0.6746473422216152,Not significant,Not significant,Not significant,27,3675.448187616786,23470.739691862433,15,0.35942629494276285,0,0,0.2503097893432466,0.8308605341246291,0.17804878048780487,832,1968
36061005501,Census Tract 55.01; New York County; New York,202,64,0,3.778526000748223,4.544509671448675,Hot 99%,High-High,p <= 0.01,34,7299.013857598893,43591.504225985824,31,0.2683071143816113,1,0,0.11801109688433632,0.6851574212893553,0.10429722470904208,2334,5346
36005007300,Census Tract 73; Bronx County; New York,396,154,0,9.15606936416185,3.2826422780758002,Hot 95%,High-High,p <= 0.05,72,29396.16037859154,100811.68841306942,98,0.24131696193906088,6,1,0.3976878612716763,0.9188514357053683,0.02850212249848393,2542,4325
36005012102,Census Tract 121.02; Bronx County; New York,168,67,0,11.756473058082575,1.6690044267315616,Hot 95%,High-High,p <= 0.05,23,10130.342136525758,39715.8648229848,14,0.15421506289683143,1,0,0.39814152966404576,0.9755244755244755,0.0848,998,1429
36005004001,Census Tract 40.01; Bronx County; New York,123,49,0,9.505409582689335,1.6870332461116029,Hot 95%,Low-High,p <= 0.05,72,1647.406112371488,39889.2807474254,17,0.5813537741185574,10,2,0.08578052550231839,0.39263803680981596,0.1092896174863388,633,1294
36047087401,Census Tract 874.01; Kings County; New York,168,70,0,5.372561560601215,-0.2615195704588444,Not significant,Not significant,Not significant,54,2498.2010558888596,61053.06828694308,42,1.0381865934698358,9,1,0.18100415733930283,0.8573281452658884,0.11936036550542548,1625,3127
36081011200,Census Tract 112; Queens County; New York,211,104,67,8.884210526315789,-0.6696064635737714,Not significant,Not significant,Not significant,30,1648.7915584291438,60782.062995986584,14,0.29375217513553326,13,11,0.19096334185848252,0.5414235705950992,0.05303867403314917,936,2375
36081015000,Census Tract 150; Queens County; New York,75,29,0,3.3587102552619794,-0.9440326030208307,Not significant,Not significant,Not significant,13,1088.6567298831528,49020.86636523316,7,0.9164952653030479,3,0,0.04254366323331841,0.3565365025466893,0.010084033613445379,991,2233
36047009402,Census Tract 94.02; Kings County; New York,35,12,0,1.0670731707317074,-1.5248136941976487,Cold 95%,Low-Low,p <= 0.05,11,824.0720301449087,23953.924894524433,17,0.5425003118443898,1,0,0.2165294297041781,0.7310565635005336,0.09381044487427466,1583,3280
36047023300,Census Tract 233; Kings County; New York,212,95,0,3.5404141616566465,-0.1772432283021722,Not significant,Not significant,Not significant,44,3344.455983197426,59022.08066081165,47,0.2182474217073645,15,7,0.3396793587174349,0.7860696517412935,0.07178841309823678,3980,5988
36081004001,Census Tract 40.01; Queens County; New York,59,23,0,2.8599127484246245,-0.793844228172735,Not significant,Not significant,Not significant,31,6721.224098710139,77773.75080265709,16,0.3565691871578149,2,0,0.09597673291323315,0.5865671641791045,0.023323615160349854,985,2063
36047031701,Census Tract 317.01; Kings County; New York,114,43,0,2.6511627906976742,-0.011728210589227184,Not significant,Not significant,Not significant,30,0.129744130026904,28785.997050563783,32,0.447336046170174,2,5,0.11074612857813233,0.84891240446796,0.060739922694643844,2244,4300
36081048100,Census Tract 481; Queens County; New York,121,31,0,1.8470462524805373,1.0345139075721408,Not significant,Not significant,Not significant,66,10024.161579847401,52026.86014973521,24,0.2564975465018625,5,0,0.1891030747172216,0.7686361126449476,0.0945,3130,6551
36047046400,Census Tract 464; Kings County; New York,17,3,0,0.5109708446047491,-1.9115861972960921,Cold 99%,Low-Low,p <= 0.01,14,3966.262706461099,43163.99485077458,25,0.2128891811740348,9,0,0.32251277427111513,0.5015923566878981,0.09510086455331412,1405,3327
36081055600,Census Tract 556; Queens County; New York,36,14,0,1.6121809225257502,-1.5051650520140605,Cold 95%,Low-Low,p <= 0.05,17,19358.373143278928,80598.91555834984,24,3.5788484666232425,0,1,0.029556650246305417,0.16442451420029897,0.03183791606367583,1112,2233
36047050202,Census Tract 502.02; Kings County; New York,25,9,0,1.0360547036883547,-1.6094141971948939,Cold 95%,Low-Low,p <= 0.05,16,4571.606058793388,35362.408749069204,38,0.30604015488919467,2,0,0.06331309627059845,0.4062214089661482,0.03102836879432624,1372,2413
36047092800,Census Tract 928; Kings County; New York,131,56,0,4.919263987983477,0.009525127713333978,Not significant,Not significant,Not significant,48,10857.403486772433,69717.67461525803,4,1.061718786729661,3,1,0.08374014269620729,0.5272232304900182,0.10040816326530612,1599,2663
36061015101,Census Tract 151.01; New York County; New York,61,27,0,1.754890678941312,-0.1992655663040739,Not significant,Not significant,Not significant,27,3243.2216854421363,20613.858836924923,11,0.4045219855415804,0,0,0.47847730600292826,0.9414414414414415,0.08856304985337243,2114,3476
36081037900,Census Tract 379; Queens County; New York,343,90,0,5.872282143468584,1.7613522434420494,Not significant,Not significant,Not significant,49,13065.781933915487,87024.87449214545,15,0.6318260922220221,14,3,0.1061462078411231,0.8072207084468664,0.0160857908847185,2528,5841
36047096800,Census Tract 968; Kings County; New York,143,54,0,11.683006535947712,-0.9643327333680501,Not significant,Not significant,Not significant,25,10015.563932084131,79895.16117823448,25,0.32748139834379425,9,1,0.12826797385620914,0.25,0.296969696969697,618,1224
36061017900,Census Tract 179; New York County; New York,245,85,0,2.481012658227848,1.2590473038809598,Not significant,Not significant,Not significant,65,5482.638555536692,66573.51908165505,35,0.5500433516881823,0,1,0.08870148343832554,0.6301213092240787,0.192719881744272,4369,9875
36081122704,Census Tract 1227.04; Queens County; New York,192,128,66,3.8285144566301095,-0.6816475720959237,Not significant,Not significant,Not significant,43,16908.79155815322,88352.8016973051,16,2.466725587760559,3,1,0.11186440677966102,0.5723172628304821,0.0046439628482972135,2753,5015
36005030100,Census Tract 301; Bronx County; New York,18,7,0,1.1464968152866242,-0.7087041546507344,Not significant,Not significant,Not significant,13,5333.992325295572,16463.87192716607,23,1.191319109310895,12,0,0.08148148148148149,0.615606936416185,0,972,1570
36081077907,Census Tract 779.07; Queens County; New York,73,29,0,2.2161505768063146,-1.0161653200463117,Not significant,Not significant,Not significant,89,15604.031410702308,103658.5738754658,62,1.5766243571687082,2,2,0.08691468890314304,0.7481818181818182,0.021352313167259787,1538,3294
36061027300,Census Tract 273; New York County; New York,263,102,0,3.537799300511165,1.7436061005443895,Not significant,Not significant,Not significant,130,9756.497755121698,62125.63236179763,42,0.25251728703118326,2,0,0.04465967177831585,0.6912708600770219,0.0846063454759107,3632,7434
36081024000,Census Tract 240; Queens County; New York,794,293,0,12.107349801768832,4.2483533129787086,Hot 95%,High-High,p <= 0.05,86,8062.368439113346,74944.86574632696,47,0.35800650845851234,6,1,0.1225114854517611,0.9661399548532731,0.04772141014617369,3175,6558
36061025100,Census Tract 251; New York County; New York,440,182,0,17.585931254996,2.856705089338025,Hot 95%,High-High,p <= 0.05,62,8563.678581822054,69731.13041884145,19,0.03072015365791533,1,4,0.2943157894736842,1,0.09297297297297297,1167,2502
36085029106,Census Tract 291.06; Richmond County; New York,19,11,0,0.6678383128295254,-1.3091008099377446,Not significant,Not significant,Not significant,77,22081.33998637676,103387.77113834166,20,4.844397925297237,33,1,0.1374340949033392,0.3393213572854291,0.026239067055393587,1396,2845
