{"type": "FeatureCollection", "name": "pumas", "crs": {"type": "name", "properties": {"name": "urn:ogc:def:crs:OGC:1.3:CRS84"}}, "features": [{"type": "Feature", "properties": {"STATE": "PA", "PUMA": "03230", "name": "Philadelphia City (Central) PUMA", "in_city": null, "puma_fb_prop": 13.51927353595256, "fb_limited_prop": 13.612429866206302, "fb_median_wage": 39.209177403846155, "county": "Philadelphia"}, "geometry": {"type": "Polygon", "coordinates": [[[-75.125421, 39.96196], [-75.130591, 39.958608], [-75.131777, 39.957319], [-75.133698, 39.95462], [-75.135239, 39.950677], [-75.135955, 39.946062], [-75.136268, 39.943282], [-75.136151, 39.932974], [-75.135527, 39.92916], [-75.134301, 39.925781], [-75.140261, 39.926353], [-75.140894, 39.927227], [-75.142098, 39.927016], [-75.146985, 39.927665], [-75.145702, 39.933438], [-75.144888, 39.935465], [-75.157848, 39.938982], [-75.16636, 39.94003], [-75.166816, 39.937869], [-75.18314, 39.939895], [-75.187445, 39.940364], [-75.18901, 39.939424], [-75.192343, 39.941454], [-75.193872, 39.9421], [-75.191495, 39.943153], [-75.18872, 39.946108], [-75.187231, 39.947176], [-75.183288, 39.949512], [-75.181663, 39.951509], [-75.180223, 39.954472], [-75.179126, 39.958004], [-75.179937, 39.960028], [-75.181679, 39.962099], [-75.183323, 39.964374], [-75.178128, 39.964658], [-75.176548, 39.964378], [-75.179683, 39.967416], [-75.181897, 39.96902], [-75.185442, 39.971999], [-75.186368, 39.973537], [-75.159702, 39.970202], [-75.147146, 39.967126], [-75.146543, 39.97038], [-75.139578, 39.969515], [-75.135143, 39.968687], [-75.134428, 39.968791], [-75.134414, 39.964768], [-75.128697, 39.966977], [-75.127539, 39.965433], [-75.125421, 39.96196]]]}}, {"type": "Feature", "properties": {"STATE": "PA", "PUMA": "03313", "name": "Delaware County (Southeast)--Chester City PUMA", "in_city": null, "puma_fb_prop": 7.989126247785077, "fb_limited_prop": 15.3601108033241, "fb_median_wage": 22.34386, "county": "Delaware"}, "geometry": {"type": "Polygon", "coordinates": [[[-75.338942, 39.898544], [-75.337666, 39.899285], [-75.331645, 39.903426], [-75.329329, 39.905114], [-75.326571, 39.906685], [-75.319234, 39.911796], [-75.314383, 39.916517], [-75.313843, 39.916911], [-75.311867, 39.915303], [-75.311034, 39.915373], [-75.306737, 39.911586], [-75.304892, 39.91182], [-75.294782, 39.916435], [-75.292732, 39.915267], [-75.286556, 39.918151], [-75.284098, 39.919181], [-75.275311, 39.923225], [-75.268223, 39.918798], [-75.267591, 39.918532], [-75.264039, 39.918313], [-75.264884, 39.914798], [-75.257736, 39.912914], [-75.254116, 39.912373], [-75.252872, 39.91712], [-75.249832, 39.916459], [-75.24856, 39.916378], [-75.24694, 39.916871], [-75.246752, 39.916232], [-75.247715, 39.914837], [-75.247068, 39.913778], [-75.248212, 39.913077], [-75.248762, 39.911983], [-75.250401, 39.911042], [-75.251237, 39.91011], [-75.249901, 39.909268], [-75.250319, 39.907626], [-75.25248, 39.906633], [-75.253492, 39.905585], [-75.251288, 39.904403], [-75.255597, 39.899596], [-75.255095, 39.898666], [-75.257389, 39.895704], [-75.256662, 39.894848], [-75.259112, 39.892436], [-75.261743, 39.891774], [-75.262092, 39.889355], [-75.262692, 39.888343], [-75.264276, 39.888401], [-75.265153, 39.887142], [-75.264817, 39.886431], [-75.262844, 39.885682], [-75.264602, 39.884737], [-75.264103, 39.884106], [-75.262387, 39.883446], [-75.262302, 39.882333], [-75.264433, 39.882167], [-75.264928, 39.881112], [-75.263328, 39.879712], [-75.263467, 39.878226], [-75.262528, 39.876561], [-75.252257, 39.875937], [-75.248431, 39.876485], [-75.246734, 39.875068], [-75.241746, 39.872585], [-75.24047, 39.872381], [-75.23811, 39.874593], [-75.236932, 39.875116], [-75.23637, 39.876187], [-75.234122, 39.877181], [-75.229985, 39.876847], [-75.223763, 39.875858], [-75.21977, 39.875479], [-75.215722, 39.876087], [-75.216039, 39.871115], [-75.211463, 39.867004], [-75.221371, 39.861543], [-75.228634, 39.85856], [-75.234718, 39.856732], [-75.239723, 39.855474], [-75.246149, 39.853982], [-75.255951, 39.852157], [-75.256762, 39.851934], [-75.272202, 39.849076], [-75.284709, 39.848966], [-75.286907, 39.848843], [-75.293376, 39.848782], [-75.300122, 39.849248], [-75.308514, 39.849996], [-75.309674, 39.850178], [-75.323231, 39.849813], [-75.330432, 39.849013], [-75.342422, 39.845845], [-75.346315, 39.844159], [-75.348512, 39.842967], [-75.353532, 39.839902], [-75.354401, 39.839917], [-75.367866, 39.830442], [-75.37173, 39.827559], [-75.374885, 39.825606], [-75.382479, 39.820611], [-75.38319, 39.820284], [-75.395411, 39.812326], [-75.398417, 39.810467], [-75.409053, 39.80465], [-75.410192, 39.804237], [-75.415062, 39.801919], [-75.420056, 39.804774], [-75.423104, 39.806709], [-75.429641, 39.81006], [-75.43467, 39.812488], [-75.440507, 39.815142], [-75.444468, 39.816848], [-75.450751, 39.819402], [-75.454916, 39.820993], [-75.450746, 39.822012], [-75.445684, 39.822874], [-75.444006, 39.82298], [-75.434128, 39.825596], [-75.41943, 39.829853], [-75.414852, 39.832715], [-75.410415, 39.835095], [-75.403703, 39.838322], [-75.407884, 39.843404], [-75.415798, 39.853325], [-75.418298, 39.856151], [-75.417829, 39.856487], [-75.410779, 39.859634], [-75.408169, 39.857557], [-75.405673, 39.856346], [-75.404661, 39.857057], [-75.401796, 39.857215], [-75.400613, 39.857522], [-75.399737, 39.856083], [-75.397257, 39.855775], [-75.396268, 39.854948], [-75.394996, 39.857446], [-75.39507, 39.859567], [-75.394245, 39.86126], [-75.394372, 39.861918], [-75.396147, 39.86348], [-75.394478, 39.863281], [-75.393596, 39.861036], [-75.392258, 39.859774], [-75.389165, 39.858342], [-75.388854, 39.859327], [-75.38368, 39.85843], [-75.38368, 39.862331], [-75.379645, 39.86189], [-75.379141, 39.864791], [-75.382167, 39.865882], [-75.382243, 39.86773], [-75.381347, 39.86775], [-75.379398, 39.870138], [-75.381353, 39.870907], [-75.376738, 39.873906], [-75.378389, 39.874882], [-75.375805, 39.875728], [-75.373497, 39.875346], [-75.373771, 39.874641], [-75.368949, 39.872931], [-75.369218, 39.87257], [-75.371569, 39.87314], [-75.373118, 39.872371], [-75.368692, 39.870502], [-75.36639, 39.870238], [-75.365761, 39.871522], [-75.366607, 39.872823], [-75.366203, 39.873231], [-75.361922, 39.872254], [-75.358773, 39.872879], [-75.35841, 39.873432], [-75.356789, 39.873927], [-75.355153, 39.873941], [-75.350949, 39.880689], [-75.350413, 39.881246], [-75.350965, 39.882667], [-75.350794, 39.883523], [-75.351672, 39.883886], [-75.354714, 39.883737], [-75.355185, 39.884456], [-75.355134, 39.885853], [-75.356119, 39.88669], [-75.350289, 39.890771], [-75.348575, 39.889414], [-75.340961, 39.894401], [-75.339636, 39.894794], [-75.340725, 39.895698], [-75.339495, 39.896481], [-75.337923, 39.89663], [-75.338348, 39.898009], [-75.338942, 39.898544]]]}}, {"type": "Feature", "properties": {"STATE": "PA", "PUMA": "03216", "name": "Philadelphia City (Northwest) PUMA", "in_city": null, "puma_fb_prop": 5.104746599322734, "fb_limited_prop": 8.500112435349674, "fb_median_wage": 33.63685897435897, "county": "Philadelphia"}, "geometry": {"type": "Polygon", "coordinates": [[[-75.159551, 40.023925], [-75.162462, 40.021954], [-75.162782, 40.020368], [-75.163758, 40.019234], [-75.166724, 40.018498], [-75.171944, 40.017724], [-75.174037, 40.016962], [-75.177316, 40.015073], [-75.182331, 40.011611], [-75.184956, 40.010352], [-75.189698, 40.008779], [-75.191539, 40.007767], [-75.19281, 40.006733], [-75.193212, 40.006927], [-75.203107, 40.010138], [-75.205771, 40.011629], [-75.208649, 40.013439], [-75.212219, 40.015461], [-75.214272, 40.017273], [-75.216347, 40.019478], [-75.218056, 40.020943], [-75.219917, 40.021881], [-75.222153, 40.022614], [-75.223694, 40.023712], [-75.232323, 40.028107], [-75.234604, 40.029926], [-75.239296, 40.03289], [-75.241493, 40.035141], [-75.243034, 40.036217], [-75.244308, 40.036743], [-75.24617, 40.03829], [-75.247, 40.039738], [-75.249039, 40.041848], [-75.254318, 40.045755], [-75.257655, 40.047611], [-75.259621, 40.049238], [-75.264431, 40.054094], [-75.256286, 40.061081], [-75.252024, 40.06519], [-75.252209, 40.065278], [-75.243133, 40.073628], [-75.232952, 40.083618], [-75.22361, 40.092907], [-75.213388, 40.087042], [-75.211868, 40.086086], [-75.209396, 40.084927], [-75.206711, 40.083214], [-75.188461, 40.07275], [-75.158889, 40.055768], [-75.157557, 40.055034], [-75.158217, 40.045076], [-75.158452, 40.038539], [-75.158363, 40.036346], [-75.159601, 40.035137], [-75.157934, 40.03379], [-75.157616, 40.031514], [-75.159033, 40.030316], [-75.159551, 40.023925]]]}}, {"type": "Feature", "properties": {"STATE": "PA", "PUMA": "03225", "name": "Philadelphia City (North) PUMA", "in_city": null, "puma_fb_prop": 12.2891653668976, "fb_limited_prop": 50.078709169618264, "fb_median_wage": 18.18989583333333, "county": "Philadelphia"}, "geometry": {"type": "Polygon", "coordinates": [[[-75.11288, 40.027457], [-75.112715, 40.026196], [-75.111352, 40.025446], [-75.111563, 40.024651], [-75.110936, 40.022606], [-75.109435, 40.022151], [-75.106903, 40.023366], [-75.106089, 40.022968], [-75.104255, 40.023338], [-75.10318, 40.021267], [-75.103743, 40.019524], [-75.10551, 40.0192], [-75.107158, 40.018214], [-75.1075, 40.017652], [-75.106916, 40.016504], [-75.105029, 40.016141], [-75.100932, 40.016012], [-75.098803, 40.016345], [-75.096425, 40.015955], [-75.094703, 40.015052], [-75.093456, 40.013084], [-75.095083, 40.010308], [-75.094687, 40.009267], [-75.092574, 40.007932], [-75.106442, 40.000322], [-75.112132, 39.997158], [-75.125491, 39.989836], [-75.125947, 39.99023], [-75.131437, 39.99096], [-75.187604, 39.998195], [-75.186861, 40.000409], [-75.188447, 40.000272], [-75.190518, 39.999641], [-75.191754, 39.999748], [-75.19132, 40.003715], [-75.192101, 40.005995], [-75.19281, 40.006733], [-75.191539, 40.007767], [-75.189698, 40.008779], [-75.184956, 40.010352], [-75.182331, 40.011611], [-75.177316, 40.015073], [-75.174037, 40.016962], [-75.171944, 40.017724], [-75.166724, 40.018498], [-75.163758, 40.019234], [-75.162782, 40.020368], [-75.162462, 40.021954], [-75.159551, 40.023925], [-75.159035, 40.0228], [-75.13674, 40.019958], [-75.135818, 40.020645], [-75.135724, 40.023602], [-75.128126, 40.025222], [-75.11288, 40.027457]]]}}, {"type": "Feature", "properties": {"STATE": "PA", "PUMA": "03314", "name": "Delaware County (West) PUMA", "in_city": null, "puma_fb_prop": 9.126522812325822, "fb_limited_prop": 6.69831223628692, "fb_median_wage": 58.57211538461539, "county": "Delaware"}, "geometry": {"type": "Polygon", "coordinates": [[[-75.454916, 39.820993], [-75.461293, 39.823286], [-75.468187, 39.825571], [-75.472445, 39.826884], [-75.47266, 39.826802], [-75.481039, 39.829319], [-75.486563, 39.830736], [-75.491949, 39.832007], [-75.498345, 39.83338], [-75.50823, 39.835215], [-75.515564, 39.836361], [-75.520306, 39.837005], [-75.528263, 39.837919], [-75.534977, 39.838531], [-75.544646, 39.83915], [-75.550206, 39.839369], [-75.557403, 39.839507], [-75.56809, 39.839405], [-75.575376, 39.839123], [-75.579926, 39.838862], [-75.582062, 39.841484], [-75.583825, 39.843022], [-75.586449, 39.844343], [-75.58713, 39.844303], [-75.58917, 39.843213], [-75.591291, 39.840445], [-75.59211, 39.838768], [-75.593099, 39.837723], [-75.59488, 39.837525], [-75.595568, 39.837644], [-75.597361, 39.838883], [-75.597893, 39.840073], [-75.597742, 39.841147], [-75.596372, 39.842347], [-75.594865, 39.844899], [-75.594145, 39.848586], [-75.594111, 39.84994], [-75.591917, 39.851413], [-75.591997, 39.852535], [-75.592814, 39.853124], [-75.594636, 39.853626], [-75.598737, 39.8542], [-75.601252, 39.855411], [-75.601384, 39.856834], [-75.600048, 39.858134], [-75.596406, 39.862971], [-75.596712, 39.864339], [-75.594818, 39.866729], [-75.593011, 39.867035], [-75.592631, 39.868455], [-75.59363, 39.869996], [-75.595604, 39.870787], [-75.596672, 39.872935], [-75.597914, 39.874464], [-75.584761, 39.880978], [-75.587192, 39.884207], [-75.58615, 39.884818], [-75.583695, 39.884779], [-75.582416, 39.885741], [-75.580414, 39.883746], [-75.571162, 39.888136], [-75.574253, 39.892153], [-75.572292, 39.893194], [-75.572419, 39.89474], [-75.573381, 39.896397], [-75.562539, 39.901638], [-75.559291, 39.902984], [-75.560288, 39.904294], [-75.559273, 39.904751], [-75.561308, 39.907429], [-75.558645, 39.90868], [-75.556106, 39.90534], [-75.555593, 39.905724], [-75.546416, 39.909731], [-75.550454, 39.914931], [-75.542494, 39.918417], [-75.544106, 39.920467], [-75.544395, 39.923401], [-75.541084, 39.925098], [-75.542734, 39.927181], [-75.536109, 39.929926], [-75.530238, 39.922123], [-75.527172, 39.92344], [-75.525832, 39.921816], [-75.523505, 39.923142], [-75.529482, 39.930636], [-75.530475, 39.932049], [-75.529626, 39.932458], [-75.530168, 39.933361], [-75.526171, 39.934987], [-75.524591, 39.931829], [-75.523959, 39.931798], [-75.520256, 39.933516], [-75.518963, 39.934302], [-75.518345, 39.936104], [-75.519686, 39.937722], [-75.519541, 39.938956], [-75.523816, 39.944124], [-75.502135, 39.954367], [-75.493743, 39.958195], [-75.461954, 39.972811], [-75.452431, 39.977342], [-75.436055, 39.984948], [-75.436143, 39.982616], [-75.437742, 39.981605], [-75.438378, 39.980078], [-75.437564, 39.978996], [-75.437378, 39.977892], [-75.436331, 39.975697], [-75.435384, 39.975114], [-75.435718, 39.973447], [-75.435561, 39.972293], [-75.434702, 39.971328], [-75.432169, 39.971821], [-75.430848, 39.971696], [-75.429175, 39.970065], [-75.429397, 39.968122], [-75.428103, 39.966101], [-75.426435, 39.965299], [-75.423949, 39.962515], [-75.429036, 39.954968], [-75.431835, 39.950509], [-75.430609, 39.950009], [-75.429568, 39.948281], [-75.428108, 39.947185], [-75.426885, 39.94733], [-75.424848, 39.947092], [-75.421407, 39.945973], [-75.419759, 39.944403], [-75.418706, 39.944632], [-75.417471, 39.9436], [-75.417286, 39.942069], [-75.418621, 39.940217], [-75.416212, 39.938739], [-75.415024, 39.935815], [-75.411441, 39.933576], [-75.411428, 39.931504], [-75.411827, 39.9297], [-75.410651, 39.928803], [-75.410409, 39.927926], [-75.409117, 39.926691], [-75.408289, 39.925118], [-75.409394, 39.924123], [-75.409212, 39.922907], [-75.409436, 39.921239], [-75.408899, 39.919619], [-75.407027, 39.919671], [-75.405738, 39.91927], [-75.404384, 39.917833], [-75.404266, 39.91692], [-75.402866, 39.91622], [-75.402731, 39.915033], [-75.399146, 39.912612], [-75.397316, 39.909839], [-75.397076, 39.908714], [-75.397656, 39.907856], [-75.397874, 39.906541], [-75.396616, 39.905544], [-75.393835, 39.904715], [-75.393477, 39.903455], [-75.391775, 39.90238], [-75.39206, 39.901162], [-75.391874, 39.899361], [-75.392336, 39.898233], [-75.392555, 39.89573], [-75.39525, 39.893905], [-75.39204, 39.891765], [-75.390066, 39.889997], [-75.386667, 39.888702], [-75.386076, 39.887622], [-75.386712, 39.886269], [-75.383999, 39.882178], [-75.383817, 39.881098], [-75.384419, 39.880117], [-75.385149, 39.876124], [-75.384384, 39.875113], [-75.382436, 39.874037], [-75.378389, 39.874882], [-75.376738, 39.873906], [-75.381353, 39.870907], [-75.379398, 39.870138], [-75.381347, 39.86775], [-75.382243, 39.86773], [-75.382167, 39.865882], [-75.379141, 39.864791], [-75.379645, 39.86189], [-75.38368, 39.862331], [-75.38368, 39.85843], [-75.388854, 39.859327], [-75.389165, 39.858342], [-75.392258, 39.859774], [-75.393596, 39.861036], [-75.394478, 39.863281], [-75.396147, 39.86348], [-75.394372, 39.861918], [-75.394245, 39.86126], [-75.39507, 39.859567], [-75.394996, 39.857446], [-75.396268, 39.854948], [-75.397257, 39.855775], [-75.399737, 39.856083], [-75.400613, 39.857522], [-75.401796, 39.857215], [-75.404661, 39.857057], [-75.405673, 39.856346], [-75.408169, 39.857557], [-75.410779, 39.859634], [-75.417829, 39.856487], [-75.418298, 39.856151], [-75.415798, 39.853325], [-75.407884, 39.843404], [-75.403703, 39.838322], [-75.410415, 39.835095], [-75.414852, 39.832715], [-75.41943, 39.829853], [-75.434128, 39.825596], [-75.444006, 39.82298], [-75.445684, 39.822874], [-75.450746, 39.822012], [-75.454916, 39.820993]]]}}, {"type": "Feature", "properties": {"STATE": "PA", "PUMA": "03228", "name": "Philadelphia City (Lower North and River Wards) PUMA", "in_city": null, "puma_fb_prop": 9.98014897375658, "fb_limited_prop": 29.83576642335766, "fb_median_wage": 26.741302884615383, "county": "Philadelphia"}, "geometry": {"type": "Polygon", "coordinates": [[[-75.092574, 40.007932], [-75.092189, 40.006969], [-75.092897, 40.006095], [-75.092024, 40.004845], [-75.090154, 40.004148], [-75.087448, 40.006079], [-75.085293, 40.006881], [-75.069508, 40.010798], [-75.068625, 40.007644], [-75.067696, 40.005333], [-75.066313, 40.005917], [-75.062543, 40.006224], [-75.061486, 40.00677], [-75.058561, 40.005423], [-75.058457, 40.004988], [-75.053712, 40.004078], [-75.0567, 39.999331], [-75.058089, 39.997404], [-75.058502, 39.994801], [-75.059913, 39.991529], [-75.064175, 39.986027], [-75.067069, 39.983483], [-75.071264, 39.980493], [-75.075605, 39.978041], [-75.0802, 39.97702], [-75.085831, 39.975102], [-75.090861, 39.974744], [-75.096372, 39.973981], [-75.102287, 39.972377], [-75.108089, 39.970332], [-75.114286, 39.967744], [-75.119491, 39.965372], [-75.123821, 39.962744], [-75.125421, 39.96196], [-75.127539, 39.965433], [-75.128697, 39.966977], [-75.134414, 39.964768], [-75.134428, 39.968791], [-75.135143, 39.968687], [-75.139578, 39.969515], [-75.146543, 39.97038], [-75.147146, 39.967126], [-75.159702, 39.970202], [-75.186368, 39.973537], [-75.185442, 39.971999], [-75.181897, 39.96902], [-75.179683, 39.967416], [-75.176548, 39.964378], [-75.178128, 39.964658], [-75.183323, 39.964374], [-75.184976, 39.966129], [-75.191012, 39.970034], [-75.193731, 39.975114], [-75.193985, 39.976132], [-75.198654, 39.978457], [-75.201831, 39.980357], [-75.204417, 39.983169], [-75.204084, 39.985856], [-75.201107, 39.987635], [-75.193986, 39.995365], [-75.191754, 39.999748], [-75.190518, 39.999641], [-75.188447, 40.000272], [-75.186861, 40.000409], [-75.187604, 39.998195], [-75.131437, 39.99096], [-75.125947, 39.99023], [-75.125491, 39.989836], [-75.112132, 39.997158], [-75.106442, 40.000322], [-75.092574, 40.007932]]]}}, {"type": "Feature", "properties": {"STATE": "PA", "PUMA": "03116", "name": "Montgomery County (Southern Lower)--King of Prussia PUMA", "in_city": null, "puma_fb_prop": 13.875037102997922, "fb_limited_prop": 7.455289808230985, "fb_median_wage": 40.364230769230765, "county": "Montgomery"}, "geometry": {"type": "Polygon", "coordinates": [[[-75.205771, 40.011629], [-75.2084, 40.009836], [-75.210619, 40.008652], [-75.218361, 40.00507], [-75.22776, 40.000599], [-75.256119, 39.987301], [-75.259476, 39.984955], [-75.263687, 39.982658], [-75.276482, 39.976959], [-75.280341, 39.982421], [-75.283928, 39.987217], [-75.287231, 39.990513], [-75.292825, 39.996878], [-75.295938, 40.000685], [-75.302534, 40.009015], [-75.305038, 40.01192], [-75.30633, 40.012911], [-75.30784, 40.01459], [-75.309433, 40.016762], [-75.309433, 40.01741], [-75.311432, 40.01981], [-75.315697, 40.018433], [-75.320699, 40.016216], [-75.32177, 40.017403], [-75.329546, 40.027635], [-75.335962, 40.035789], [-75.339396, 40.040323], [-75.349457, 40.052905], [-75.354976, 40.06052], [-75.356534, 40.062787], [-75.358582, 40.065025], [-75.360069, 40.066196], [-75.361066, 40.065543], [-75.366687, 40.072355], [-75.371388, 40.070346], [-75.392632, 40.060974], [-75.394539, 40.063267], [-75.398514, 40.068645], [-75.405647, 40.07856], [-75.407236, 40.080002], [-75.409557, 40.08305], [-75.409889, 40.083736], [-75.413223, 40.088051], [-75.414658, 40.089437], [-75.415085, 40.090364], [-75.417091, 40.092827], [-75.417296, 40.09362], [-75.420124, 40.097201], [-75.433689, 40.091419], [-75.437864, 40.089573], [-75.440721, 40.094322], [-75.446396, 40.091979], [-75.44868, 40.09086], [-75.456186, 40.087776], [-75.456659, 40.08857], [-75.456896, 40.091379], [-75.456666, 40.094453], [-75.457588, 40.095139], [-75.458755, 40.095295], [-75.461909, 40.096354], [-75.462926, 40.097253], [-75.462472, 40.098963], [-75.462637, 40.100247], [-75.46183, 40.101769], [-75.461729, 40.103035], [-75.454634, 40.105226], [-75.449414, 40.107484], [-75.443776, 40.108962], [-75.433364, 40.110287], [-75.430873, 40.110147], [-75.424332, 40.107906], [-75.420575, 40.107351], [-75.416546, 40.107859], [-75.406036, 40.111771], [-75.404018, 40.112865], [-75.393529, 40.117204], [-75.390929, 40.117807], [-75.380134, 40.118115], [-75.377865, 40.117908], [-75.370504, 40.116234], [-75.367678, 40.11474], [-75.364439, 40.114002], [-75.360929, 40.11339], [-75.358924, 40.11241], [-75.355581, 40.111049], [-75.350844, 40.109426], [-75.347487, 40.109508], [-75.346892, 40.111097], [-75.344038, 40.110252], [-75.340184, 40.109336], [-75.337751, 40.108455], [-75.335048, 40.107145], [-75.333068, 40.106608], [-75.32842, 40.105795], [-75.326924, 40.105214], [-75.32473, 40.103055], [-75.322308, 40.100014], [-75.321392, 40.097839], [-75.321527, 40.096409], [-75.321027, 40.091209], [-75.321089, 40.090698], [-75.320128, 40.081709], [-75.315655, 40.074623], [-75.309584, 40.070442], [-75.306264, 40.069016], [-75.301036, 40.069041], [-75.294645, 40.0704], [-75.287571, 40.072503], [-75.285352, 40.07292], [-75.282605, 40.073013], [-75.277786, 40.069168], [-75.27514, 40.065218], [-75.270408, 40.060783], [-75.264431, 40.054094], [-75.259621, 40.049238], [-75.257655, 40.047611], [-75.254318, 40.045755], [-75.249039, 40.041848], [-75.247, 40.039738], [-75.24617, 40.03829], [-75.244308, 40.036743], [-75.243034, 40.036217], [-75.241493, 40.035141], [-75.239296, 40.03289], [-75.234604, 40.029926], [-75.232323, 40.028107], [-75.223694, 40.023712], [-75.222153, 40.022614], [-75.219917, 40.021881], [-75.218056, 40.020943], [-75.216347, 40.019478], [-75.214272, 40.017273], [-75.212219, 40.015461], [-75.208649, 40.013439], [-75.205771, 40.011629]]]}}, {"type": "Feature", "properties": {"STATE": "PA", "PUMA": "03227", "name": "Philadelphia City (West and West Park) PUMA", "in_city": null, "puma_fb_prop": 9.596443732816466, "fb_limited_prop": 12.755214050493963, "fb_median_wage": 23.1211359375, "county": "Philadelphia"}, "geometry": {"type": "Polygon", "coordinates": [[[-75.247028, 39.943414], [-75.248421, 39.945454], [-75.250118, 39.94697], [-75.250365, 39.947978], [-75.251376, 39.949065], [-75.251122, 39.950701], [-75.251643, 39.951954], [-75.251047, 39.953295], [-75.249234, 39.955429], [-75.249006, 39.956907], [-75.250666, 39.958328], [-75.25085, 39.959099], [-75.248546, 39.960269], [-75.247922, 39.961085], [-75.247479, 39.963528], [-75.248056, 39.964074], [-75.250313, 39.965069], [-75.251603, 39.965356], [-75.25414, 39.965404], [-75.256686, 39.963719], [-75.257994, 39.963677], [-75.258797, 39.965571], [-75.260491, 39.966313], [-75.262457, 39.965633], [-75.265448, 39.965257], [-75.265921, 39.96586], [-75.268461, 39.966618], [-75.270002, 39.967479], [-75.270422, 39.968479], [-75.272957, 39.969293], [-75.275027, 39.969289], [-75.275606, 39.970211], [-75.278609, 39.972263], [-75.27917, 39.973986], [-75.280266, 39.974964], [-75.276482, 39.976959], [-75.263687, 39.982658], [-75.259476, 39.984955], [-75.256119, 39.987301], [-75.22776, 40.000599], [-75.218361, 40.00507], [-75.210619, 40.008652], [-75.2084, 40.009836], [-75.205771, 40.011629], [-75.203107, 40.010138], [-75.193212, 40.006927], [-75.19281, 40.006733], [-75.192101, 40.005995], [-75.19132, 40.003715], [-75.191754, 39.999748], [-75.193986, 39.995365], [-75.201107, 39.987635], [-75.204084, 39.985856], [-75.204417, 39.983169], [-75.201831, 39.980357], [-75.198654, 39.978457], [-75.193985, 39.976132], [-75.193731, 39.975114], [-75.191012, 39.970034], [-75.184976, 39.966129], [-75.183323, 39.964374], [-75.186437, 39.963481], [-75.200136, 39.961963], [-75.202235, 39.961643], [-75.20236, 39.962859], [-75.208976, 39.962311], [-75.210491, 39.962571], [-75.21306, 39.962577], [-75.214018, 39.958643], [-75.22092, 39.959505], [-75.223329, 39.948012], [-75.224946, 39.947744], [-75.231703, 39.947805], [-75.237271, 39.946463], [-75.240266, 39.945866], [-75.247028, 39.943414]]]}}, {"type": "Feature", "properties": {"STATE": "PA", "PUMA": "03311", "name": "Delaware County (North)--Broomall PUMA", "in_city": null, "puma_fb_prop": 10.09151322581615, "fb_limited_prop": 14.630512514898689, "fb_median_wage": 39.04807692307692, "county": "Delaware"}, "geometry": {"type": "Polygon", "coordinates": [[[-75.338942, 39.898544], [-75.338348, 39.898009], [-75.337923, 39.89663], [-75.339495, 39.896481], [-75.340725, 39.895698], [-75.339636, 39.894794], [-75.340961, 39.894401], [-75.348575, 39.889414], [-75.350289, 39.890771], [-75.356119, 39.88669], [-75.355134, 39.885853], [-75.355185, 39.884456], [-75.354714, 39.883737], [-75.351672, 39.883886], [-75.350794, 39.883523], [-75.350965, 39.882667], [-75.350413, 39.881246], [-75.350949, 39.880689], [-75.355153, 39.873941], [-75.356789, 39.873927], [-75.35841, 39.873432], [-75.358773, 39.872879], [-75.361922, 39.872254], [-75.366203, 39.873231], [-75.366607, 39.872823], [-75.365761, 39.871522], [-75.36639, 39.870238], [-75.368692, 39.870502], [-75.373118, 39.872371], [-75.371569, 39.87314], [-75.369218, 39.87257], [-75.368949, 39.872931], [-75.373771, 39.874641], [-75.373497, 39.875346], [-75.375805, 39.875728], [-75.378389, 39.874882], [-75.382436, 39.874037], [-75.384384, 39.875113], [-75.385149, 39.876124], [-75.384419, 39.880117], [-75.383817, 39.881098], [-75.383999, 39.882178], [-75.386712, 39.886269], [-75.386076, 39.887622], [-75.386667, 39.888702], [-75.390066, 39.889997], [-75.39204, 39.891765], [-75.39525, 39.893905], [-75.392555, 39.89573], [-75.392336, 39.898233], [-75.391874, 39.899361], [-75.39206, 39.901162], [-75.391775, 39.90238], [-75.393477, 39.903455], [-75.393835, 39.904715], [-75.396616, 39.905544], [-75.397874, 39.906541], [-75.397656, 39.907856], [-75.397076, 39.908714], [-75.397316, 39.909839], [-75.399146, 39.912612], [-75.402731, 39.915033], [-75.402866, 39.91622], [-75.404266, 39.91692], [-75.404384, 39.917833], [-75.405738, 39.91927], [-75.407027, 39.919671], [-75.408899, 39.919619], [-75.409436, 39.921239], [-75.409212, 39.922907], [-75.409394, 39.924123], [-75.408289, 39.925118], [-75.409117, 39.926691], [-75.410409, 39.927926], [-75.410651, 39.928803], [-75.411827, 39.9297], [-75.411428, 39.931504], [-75.411441, 39.933576], [-75.415024, 39.935815], [-75.416212, 39.938739], [-75.418621, 39.940217], [-75.417286, 39.942069], [-75.417471, 39.9436], [-75.418706, 39.944632], [-75.419759, 39.944403], [-75.421407, 39.945973], [-75.424848, 39.947092], [-75.426885, 39.94733], [-75.428108, 39.947185], [-75.429568, 39.948281], [-75.430609, 39.950009], [-75.431835, 39.950509], [-75.429036, 39.954968], [-75.423949, 39.962515], [-75.426435, 39.965299], [-75.428103, 39.966101], [-75.429397, 39.968122], [-75.429175, 39.970065], [-75.430848, 39.971696], [-75.432169, 39.971821], [-75.434702, 39.971328], [-75.435561, 39.972293], [-75.435718, 39.973447], [-75.435384, 39.975114], [-75.436331, 39.975697], [-75.437378, 39.977892], [-75.437564, 39.978996], [-75.438378, 39.980078], [-75.437742, 39.981605], [-75.436143, 39.982616], [-75.436055, 39.984948], [-75.43561, 39.985627], [-75.436193, 39.986929], [-75.43563, 39.98883], [-75.438219, 39.990714], [-75.438363, 39.991936], [-75.436847, 39.992968], [-75.437692, 39.993894], [-75.439488, 39.993466], [-75.441731, 39.992125], [-75.442855, 39.992975], [-75.4431, 39.993708], [-75.447883, 39.993683], [-75.449952, 39.993899], [-75.450828, 39.993198], [-75.452009, 39.993801], [-75.452546, 39.993316], [-75.453771, 39.993589], [-75.448808, 39.996886], [-75.43375, 40.007188], [-75.4226, 40.014703], [-75.418133, 40.017863], [-75.404394, 40.027434], [-75.412199, 40.038091], [-75.414991, 40.041787], [-75.405171, 40.046053], [-75.402672, 40.047217], [-75.390838, 40.052272], [-75.374981, 40.059275], [-75.370488, 40.061325], [-75.362333, 40.064898], [-75.361066, 40.065543], [-75.360069, 40.066196], [-75.358582, 40.065025], [-75.356534, 40.062787], [-75.354976, 40.06052], [-75.349457, 40.052905], [-75.339396, 40.040323], [-75.335962, 40.035789], [-75.329546, 40.027635], [-75.32177, 40.017403], [-75.320699, 40.016216], [-75.315697, 40.018433], [-75.311432, 40.01981], [-75.309433, 40.01741], [-75.309433, 40.016762], [-75.30784, 40.01459], [-75.30633, 40.012911], [-75.305038, 40.01192], [-75.302534, 40.009015], [-75.295938, 40.000685], [-75.292825, 39.996878], [-75.287231, 39.990513], [-75.283928, 39.987217], [-75.280341, 39.982421], [-75.276482, 39.976959], [-75.280266, 39.974964], [-75.299145, 39.966337], [-75.320234, 39.956993], [-75.327752, 39.953959], [-75.331717, 39.952228], [-75.332477, 39.95327], [-75.335132, 39.954973], [-75.337322, 39.953652], [-75.344106, 39.948413], [-75.343839, 39.948029], [-75.347238, 39.945634], [-75.348307, 39.945123], [-75.34704, 39.942622], [-75.350468, 39.940314], [-75.35407, 39.937636], [-75.35888, 39.934617], [-75.361246, 39.93326], [-75.363948, 39.931455], [-75.364835, 39.930211], [-75.366783, 39.926642], [-75.366822, 39.926054], [-75.364046, 39.924562], [-75.363802, 39.923633], [-75.364258, 39.922738], [-75.365606, 39.922655], [-75.365327, 39.92171], [-75.363568, 39.921461], [-75.362639, 39.923398], [-75.36152, 39.924299], [-75.360814, 39.924151], [-75.360441, 39.922053], [-75.361304, 39.921223], [-75.363856, 39.919651], [-75.363799, 39.919366], [-75.360846, 39.918977], [-75.359868, 39.918582], [-75.359688, 39.916912], [-75.359901, 39.915446], [-75.358317, 39.914222], [-75.358288, 39.913195], [-75.359793, 39.912854], [-75.360023, 39.912278], [-75.357132, 39.909853], [-75.355072, 39.911727], [-75.353815, 39.910984], [-75.351692, 39.913328], [-75.345631, 39.913881], [-75.343116, 39.914288], [-75.342691, 39.91325], [-75.33991, 39.908439], [-75.339239, 39.906706], [-75.338312, 39.907153], [-75.337536, 39.905407], [-75.340619, 39.903507], [-75.338143, 39.902398], [-75.339952, 39.901146], [-75.339502, 39.900788], [-75.338942, 39.898544]]]}}, {"type": "Feature", "properties": {"STATE": "PA", "PUMA": "03013", "name": "Bucks County (Southern Central) PUMA", "in_city": null, "puma_fb_prop": 12.289403916873344, "fb_limited_prop": 16.482412060301506, "fb_median_wage": 41.9788, "county": "Bucks"}, "geometry": {"type": "Polygon", "coordinates": [[[-75.029301, 40.146509], [-75.048308, 40.157711], [-75.059812, 40.164575], [-75.068565, 40.169495], [-75.073359, 40.172269], [-75.078159, 40.175292], [-75.08548, 40.179699], [-75.110631, 40.194489], [-75.11503, 40.197146], [-75.126276, 40.203811], [-75.137782, 40.210886], [-75.126526, 40.222081], [-75.114659, 40.234167], [-75.110993, 40.23781], [-75.118287, 40.24214], [-75.122519, 40.244918], [-75.112466, 40.255026], [-75.117162, 40.25788], [-75.112133, 40.262702], [-75.116452, 40.265227], [-75.112059, 40.269671], [-75.113106, 40.271858], [-75.111808, 40.272238], [-75.107986, 40.272512], [-75.105518, 40.273865], [-75.101171, 40.277022], [-75.09931, 40.277057], [-75.098229, 40.27671], [-75.09575, 40.276708], [-75.095455, 40.276304], [-75.089055, 40.282745], [-75.078143, 40.276316], [-75.073393, 40.273407], [-75.074733, 40.272061], [-75.07422, 40.271127], [-75.072702, 40.270246], [-75.073608, 40.269498], [-75.072461, 40.269071], [-75.069518, 40.26628], [-75.065801, 40.263397], [-75.063752, 40.26277], [-75.061752, 40.262996], [-75.061048, 40.264438], [-75.060755, 40.265834], [-75.05917, 40.268223], [-75.058112, 40.268989], [-75.055172, 40.269126], [-75.053171, 40.26782], [-75.053229, 40.265973], [-75.055049, 40.263225], [-75.055929, 40.260476], [-75.05681, 40.25953], [-75.057279, 40.257548], [-75.056808, 40.256917], [-75.054808, 40.255837], [-75.053573, 40.255883], [-75.051281, 40.256604], [-75.048871, 40.257011], [-75.047108, 40.258813], [-75.04605, 40.25949], [-75.046051, 40.260255], [-75.044288, 40.263049], [-75.040852, 40.260754], [-75.039704, 40.261695], [-75.034554, 40.266748], [-75.032477, 40.268938], [-75.027738, 40.273664], [-75.023913, 40.276937], [-75.022767, 40.278083], [-75.019482, 40.281899], [-75.018491, 40.282729], [-75.014414, 40.28692], [-75.005763, 40.295565], [-75.003676, 40.297489], [-74.998864, 40.302276], [-74.981015, 40.319204], [-74.947192, 40.32561], [-74.926908, 40.329463], [-74.91741, 40.322406], [-74.90831, 40.316907], [-74.90331, 40.315607], [-74.896409, 40.315107], [-74.891609, 40.313007], [-74.887109, 40.310307], [-74.880609, 40.305607], [-74.868208, 40.295206], [-74.864692, 40.290684], [-74.860492, 40.284584], [-74.859399, 40.282338], [-74.856482, 40.277348], [-74.853118, 40.26973], [-74.871455, 40.267464], [-74.892233, 40.265021], [-74.899348, 40.264004], [-74.904253, 40.263621], [-74.90921, 40.262984], [-74.914264, 40.262994], [-74.913183, 40.257216], [-74.911793, 40.251035], [-74.908994, 40.251201], [-74.903698, 40.242053], [-74.901744, 40.242426], [-74.896358, 40.239517], [-74.896378, 40.235816], [-74.895697, 40.234702], [-74.893631, 40.232235], [-74.887906, 40.225691], [-74.887551, 40.224735], [-74.902454, 40.22134], [-74.909683, 40.222016], [-74.915537, 40.221186], [-74.918659, 40.220502], [-74.927538, 40.218243], [-74.929343, 40.217636], [-74.94331, 40.214175], [-74.94441, 40.211453], [-74.942979, 40.210913], [-74.940631, 40.20902], [-74.940397, 40.207353], [-74.94093, 40.202849], [-74.941396, 40.201756], [-74.941739, 40.197578], [-74.942539, 40.195466], [-74.942021, 40.194226], [-74.940116, 40.192713], [-74.933952, 40.189015], [-74.932543, 40.18897], [-74.931338, 40.189352], [-74.925963, 40.189461], [-74.922647, 40.187094], [-74.922619, 40.18617], [-74.926027, 40.184776], [-74.928906, 40.183787], [-74.930668, 40.183518], [-74.931961, 40.182708], [-74.934311, 40.181943], [-74.938012, 40.18136], [-74.947, 40.178931], [-74.950407, 40.177897], [-74.951757, 40.178123], [-74.953636, 40.17961], [-74.955372, 40.179991], [-74.956943, 40.17956], [-74.956628, 40.178332], [-74.960101, 40.177683], [-74.967136, 40.174473], [-74.973694, 40.169437], [-74.976116, 40.167395], [-74.983829, 40.163231], [-74.998745, 40.171453], [-75.000127, 40.170965], [-75.007648, 40.167136], [-75.008999, 40.166612], [-75.016584, 40.159088], [-75.021417, 40.154091], [-75.029301, 40.146509]]]}}, {"type": "Feature", "properties": {"STATE": "PA", "PUMA": "03222", "name": "Philadelphia City (Central and Lower Northeast) PUMA", "in_city": null, "puma_fb_prop": 28.19576058679339, "fb_limited_prop": 38.80857930478048, "fb_median_wage": 19.17300961538461, "county": "Philadelphia"}, "geometry": {"type": "Polygon", "coordinates": [[[-75.018502, 40.044081], [-75.020279, 40.043518], [-75.021752, 40.043668], [-75.020489, 40.04639], [-75.021343, 40.048294], [-75.023007, 40.049197], [-75.024322, 40.048979], [-75.026037, 40.048163], [-75.028894, 40.048648], [-75.030489, 40.048407], [-75.03163, 40.047852], [-75.031636, 40.04566], [-75.033824, 40.04466], [-75.035997, 40.044969], [-75.039255, 40.045982], [-75.041323, 40.047292], [-75.043694, 40.047502], [-75.045269, 40.046509], [-75.047775, 40.046246], [-75.049377, 40.046771], [-75.051881, 40.047105], [-75.052455, 40.046732], [-75.061889, 40.037887], [-75.064495, 40.036723], [-75.070806, 40.03528], [-75.073042, 40.031294], [-75.074325, 40.028469], [-75.075367, 40.027038], [-75.073332, 40.025289], [-75.068623, 40.021514], [-75.061413, 40.013284], [-75.061339, 40.012764], [-75.069508, 40.010798], [-75.085293, 40.006881], [-75.087448, 40.006079], [-75.090154, 40.004148], [-75.092024, 40.004845], [-75.092897, 40.006095], [-75.092189, 40.006969], [-75.092574, 40.007932], [-75.094687, 40.009267], [-75.095083, 40.010308], [-75.093456, 40.013084], [-75.094703, 40.015052], [-75.096425, 40.015955], [-75.098803, 40.016345], [-75.100932, 40.016012], [-75.105029, 40.016141], [-75.106916, 40.016504], [-75.1075, 40.017652], [-75.107158, 40.018214], [-75.10551, 40.0192], [-75.103743, 40.019524], [-75.10318, 40.021267], [-75.104255, 40.023338], [-75.106089, 40.022968], [-75.106903, 40.023366], [-75.109435, 40.022151], [-75.110936, 40.022606], [-75.111563, 40.024651], [-75.111352, 40.025446], [-75.112715, 40.026196], [-75.11288, 40.027457], [-75.11154, 40.028176], [-75.1109, 40.029603], [-75.111165, 40.03092], [-75.110749, 40.033321], [-75.111196, 40.034263], [-75.113854, 40.037292], [-75.114509, 40.039925], [-75.112778, 40.042119], [-75.11225, 40.043419], [-75.111108, 40.044287], [-75.111266, 40.046135], [-75.110985, 40.046769], [-75.109431, 40.045874], [-75.108092, 40.047982], [-75.10627, 40.049548], [-75.100303, 40.053085], [-75.096711, 40.055109], [-75.094056, 40.056771], [-75.093644, 40.057429], [-75.091385, 40.059563], [-75.087425, 40.063599], [-75.096733, 40.068989], [-75.09384, 40.071829], [-75.093124, 40.072334], [-75.086861, 40.078625], [-75.081189, 40.084116], [-75.077805, 40.08577], [-75.069456, 40.094411], [-75.068496, 40.094573], [-75.066014, 40.092603], [-75.064652, 40.090981], [-75.063624, 40.090554], [-75.058343, 40.090153], [-75.057068, 40.089697], [-75.055807, 40.088095], [-75.057065, 40.086823], [-75.055208, 40.081189], [-75.052737, 40.079427], [-75.051761, 40.080217], [-75.051031, 40.080086], [-75.047286, 40.082932], [-75.044809, 40.079715], [-75.045593, 40.078487], [-75.043711, 40.078318], [-75.04312, 40.077166], [-75.039748, 40.072411], [-75.041267, 40.071189], [-75.042114, 40.070038], [-75.042048, 40.069166], [-75.03528, 40.064995], [-75.034225, 40.062701], [-75.035532, 40.05881], [-75.035062, 40.057327], [-75.036467, 40.053965], [-75.035867, 40.052716], [-75.036019, 40.051602], [-75.035252, 40.051221], [-75.032623, 40.052609], [-75.031136, 40.051359], [-75.029192, 40.051282], [-75.025758, 40.050607], [-75.023759, 40.051269], [-75.022732, 40.052387], [-75.022931, 40.053255], [-75.02425, 40.053991], [-75.023374, 40.055334], [-75.018196, 40.052506], [-75.017076, 40.051198], [-75.016957, 40.048858], [-75.017561, 40.047916], [-75.019409, 40.046474], [-75.019039, 40.044748], [-75.018502, 40.044081]]]}}, {"type": "Feature", "properties": {"STATE": "PA", "PUMA": "03221", "name": "Philadelphia City (Far Northeast) PUMA", "in_city": null, "puma_fb_prop": 26.113831962341305, "fb_limited_prop": 31.470533899870684, "fb_median_wage": 20.182115384615383, "county": "Philadelphia"}, "geometry": {"type": "Polygon", "coordinates": [[[-75.018502, 40.044081], [-75.019039, 40.044748], [-75.019409, 40.046474], [-75.017561, 40.047916], [-75.016957, 40.048858], [-75.017076, 40.051198], [-75.018196, 40.052506], [-75.023374, 40.055334], [-75.02425, 40.053991], [-75.022931, 40.053255], [-75.022732, 40.052387], [-75.023759, 40.051269], [-75.025758, 40.050607], [-75.029192, 40.051282], [-75.031136, 40.051359], [-75.032623, 40.052609], [-75.035252, 40.051221], [-75.036019, 40.051602], [-75.035867, 40.052716], [-75.036467, 40.053965], [-75.035062, 40.057327], [-75.035532, 40.05881], [-75.034225, 40.062701], [-75.03528, 40.064995], [-75.042048, 40.069166], [-75.042114, 40.070038], [-75.041267, 40.071189], [-75.039748, 40.072411], [-75.04312, 40.077166], [-75.043711, 40.078318], [-75.045593, 40.078487], [-75.044809, 40.079715], [-75.047286, 40.082932], [-75.051031, 40.080086], [-75.051761, 40.080217], [-75.052737, 40.079427], [-75.055208, 40.081189], [-75.057065, 40.086823], [-75.055807, 40.088095], [-75.057068, 40.089697], [-75.058343, 40.090153], [-75.063624, 40.090554], [-75.064652, 40.090981], [-75.066014, 40.092603], [-75.068496, 40.094573], [-75.069456, 40.094411], [-75.058342, 40.105892], [-75.025787, 40.128571], [-75.020571, 40.132274], [-75.016322, 40.136527], [-75.015066, 40.137992], [-75.00853, 40.133992], [-74.997885, 40.127816], [-74.994187, 40.131516], [-74.993595, 40.132266], [-74.992324, 40.130879], [-74.993973, 40.127045], [-74.99242, 40.126194], [-74.990214, 40.126392], [-74.988713, 40.125685], [-74.988632, 40.124416], [-74.98725, 40.123302], [-74.986327, 40.123264], [-74.985076, 40.123874], [-74.982958, 40.123353], [-74.982213, 40.122057], [-74.982748, 40.120887], [-74.981947, 40.120245], [-74.978813, 40.119603], [-74.977854, 40.120043], [-74.97618, 40.120209], [-74.973219, 40.119891], [-74.972052, 40.11926], [-74.970119, 40.117201], [-74.968574, 40.117251], [-74.964991, 40.118635], [-74.96391, 40.117653], [-74.963129, 40.114978], [-74.96363, 40.113369], [-74.963657, 40.111309], [-74.963371, 40.110337], [-74.963714, 40.109458], [-74.965359, 40.108024], [-74.963491, 40.10674], [-74.963205, 40.105724], [-74.960886, 40.103104], [-74.961058, 40.101852], [-74.961858, 40.099693], [-74.9614, 40.099172], [-74.961342, 40.097496], [-74.95994, 40.09737], [-74.958488, 40.09681], [-74.957744, 40.096091], [-74.956164, 40.095745], [-74.955763, 40.094982], [-74.956306, 40.094037], [-74.956447, 40.092757], [-74.957899, 40.090571], [-74.95818, 40.088811], [-74.9576, 40.087094], [-74.958006, 40.086645], [-74.958156, 40.08425], [-74.958956, 40.083222], [-74.958841, 40.082503], [-74.961615, 40.079756], [-74.963145, 40.077326], [-74.963989, 40.077041], [-74.965924, 40.077281], [-74.966882, 40.076439], [-74.969855, 40.076383], [-74.971355, 40.075541], [-74.971062, 40.073731], [-74.972212, 40.073142], [-74.972445, 40.072235], [-74.974637, 40.070811], [-74.974909, 40.070229], [-74.976699, 40.069144], [-74.977634, 40.067589], [-74.979209, 40.067259], [-74.980878, 40.066028], [-74.981023, 40.064939], [-74.983733, 40.064259], [-74.98561, 40.063317], [-74.990914, 40.060105], [-74.992033, 40.059681], [-75.001181, 40.057232], [-75.004795, 40.054747], [-75.010148, 40.050608], [-75.01402, 40.047471], [-75.018502, 40.044081]]]}}, {"type": "Feature", "properties": {"STATE": "PA", "PUMA": "03112", "name": "Montgomery County (Eastern Upper) PUMA", "in_city": null, "puma_fb_prop": 6.289898909496139, "fb_limited_prop": 19.76714755758036, "fb_median_wage": 29.77415865384615, "county": "Montgomery"}, "geometry": {"type": "Polygon", "coordinates": [[[-75.451322, 40.173284], [-75.459014, 40.177844], [-75.460435, 40.176482], [-75.480627, 40.188432], [-75.495999, 40.197457], [-75.490835, 40.202514], [-75.489367, 40.202535], [-75.48544, 40.204124], [-75.485905, 40.204589], [-75.479519, 40.208003], [-75.475935, 40.209307], [-75.474953, 40.210208], [-75.470902, 40.212174], [-75.470273, 40.212836], [-75.490078, 40.224544], [-75.476838, 40.238066], [-75.470617, 40.244559], [-75.477951, 40.248547], [-75.479923, 40.249744], [-75.515996, 40.269568], [-75.519507, 40.271518], [-75.517425, 40.272753], [-75.481954, 40.305254], [-75.478397, 40.308601], [-75.477636, 40.309016], [-75.471854, 40.31441], [-75.474826, 40.314624], [-75.475827, 40.315145], [-75.477129, 40.317508], [-75.477577, 40.318852], [-75.477389, 40.32061], [-75.47951, 40.322243], [-75.480567, 40.322797], [-75.481519, 40.324049], [-75.480962, 40.324531], [-75.478466, 40.325334], [-75.478153, 40.32642], [-75.479405, 40.327991], [-75.480537, 40.330413], [-75.480931, 40.332531], [-75.482016, 40.334407], [-75.481644, 40.336316], [-75.479436, 40.337224], [-75.476634, 40.33706], [-75.474972, 40.338154], [-75.473986, 40.338108], [-75.474318, 40.339399], [-75.476737, 40.339966], [-75.479206, 40.341477], [-75.480641, 40.341873], [-75.48383, 40.342133], [-75.485935, 40.341935], [-75.48769, 40.342263], [-75.488743, 40.342789], [-75.488819, 40.343544], [-75.487888, 40.345398], [-75.487461, 40.347313], [-75.488209, 40.348862], [-75.490467, 40.350785], [-75.496842, 40.344359], [-75.511708, 40.352279], [-75.514775, 40.354034], [-75.545902, 40.370733], [-75.535982, 40.381736], [-75.550687, 40.388957], [-75.569274, 40.397892], [-75.558893, 40.410819], [-75.551888, 40.419357], [-75.551321, 40.420182], [-75.544798, 40.428203], [-75.542709, 40.430607], [-75.537209, 40.437599], [-75.535652, 40.439713], [-75.529694, 40.446995], [-75.49874, 40.427706], [-75.490458, 40.422408], [-75.484057, 40.418451], [-75.482887, 40.417923], [-75.47653, 40.414181], [-75.456161, 40.402355], [-75.445407, 40.396065], [-75.432762, 40.388512], [-75.425667, 40.38443], [-75.422234, 40.381691], [-75.413589, 40.376335], [-75.408607, 40.373466], [-75.405624, 40.371574], [-75.400314, 40.368492], [-75.39711, 40.366463], [-75.390053, 40.362202], [-75.382322, 40.357646], [-75.36345, 40.346264], [-75.3535, 40.340354], [-75.346744, 40.336272], [-75.335762, 40.329472], [-75.32534, 40.323425], [-75.311234, 40.314884], [-75.299774, 40.307835], [-75.317495, 40.290463], [-75.327535, 40.28131], [-75.335986, 40.273066], [-75.337428, 40.273503], [-75.349605, 40.261291], [-75.355244, 40.255529], [-75.35817, 40.252783], [-75.362578, 40.248427], [-75.374624, 40.236985], [-75.377199, 40.234453], [-75.383097, 40.229103], [-75.385776, 40.226369], [-75.371055, 40.217845], [-75.369466, 40.216865], [-75.372225, 40.214061], [-75.3889, 40.197771], [-75.403912, 40.182878], [-75.410683, 40.176098], [-75.426048, 40.185465], [-75.426399, 40.185808], [-75.439546, 40.193878], [-75.440843, 40.194348], [-75.441939, 40.195284], [-75.44979, 40.200144], [-75.450445, 40.198311], [-75.450249, 40.195422], [-75.449058, 40.189912], [-75.448587, 40.186847], [-75.447396, 40.182276], [-75.447441, 40.181176], [-75.448074, 40.178067], [-75.45001, 40.174212], [-75.451322, 40.173284]]]}}, {"type": "Feature", "properties": {"STATE": "PA", "PUMA": "03312", "name": "Delaware County (East)--Yeadon, Lansdowne, Darby Boroughs & Drexel Hill PUMA", "in_city": null, "puma_fb_prop": 17.034160193769317, "fb_limited_prop": 16.18982460505038, "fb_median_wage": 22.14987163461538, "county": "Delaware"}, "geometry": {"type": "Polygon", "coordinates": [[[-75.247028, 39.943414], [-75.246469, 39.942667], [-75.242953, 39.942253], [-75.240149, 39.942086], [-75.239411, 39.940608], [-75.240763, 39.938794], [-75.23957, 39.938039], [-75.236878, 39.938432], [-75.235002, 39.938127], [-75.234979, 39.936222], [-75.236404, 39.935318], [-75.236852, 39.933436], [-75.237407, 39.932648], [-75.238611, 39.93264], [-75.240944, 39.933649], [-75.242186, 39.933426], [-75.244274, 39.930486], [-75.243965, 39.928645], [-75.244596, 39.926858], [-75.244301, 39.926353], [-75.245725, 39.924823], [-75.246257, 39.923401], [-75.247356, 39.922437], [-75.247601, 39.919076], [-75.24694, 39.916871], [-75.24856, 39.916378], [-75.249832, 39.916459], [-75.252872, 39.91712], [-75.254116, 39.912373], [-75.257736, 39.912914], [-75.264884, 39.914798], [-75.264039, 39.918313], [-75.267591, 39.918532], [-75.268223, 39.918798], [-75.275311, 39.923225], [-75.284098, 39.919181], [-75.286556, 39.918151], [-75.292732, 39.915267], [-75.294782, 39.916435], [-75.304892, 39.91182], [-75.306737, 39.911586], [-75.311034, 39.915373], [-75.311867, 39.915303], [-75.313843, 39.916911], [-75.314383, 39.916517], [-75.319234, 39.911796], [-75.326571, 39.906685], [-75.329329, 39.905114], [-75.331645, 39.903426], [-75.337666, 39.899285], [-75.338942, 39.898544], [-75.339502, 39.900788], [-75.339952, 39.901146], [-75.338143, 39.902398], [-75.340619, 39.903507], [-75.337536, 39.905407], [-75.338312, 39.907153], [-75.339239, 39.906706], [-75.33991, 39.908439], [-75.342691, 39.91325], [-75.343116, 39.914288], [-75.345631, 39.913881], [-75.351692, 39.913328], [-75.353815, 39.910984], [-75.355072, 39.911727], [-75.357132, 39.909853], [-75.360023, 39.912278], [-75.359793, 39.912854], [-75.358288, 39.913195], [-75.358317, 39.914222], [-75.359901, 39.915446], [-75.359688, 39.916912], [-75.359868, 39.918582], [-75.360846, 39.918977], [-75.363799, 39.919366], [-75.363856, 39.919651], [-75.361304, 39.921223], [-75.360441, 39.922053], [-75.360814, 39.924151], [-75.36152, 39.924299], [-75.362639, 39.923398], [-75.363568, 39.921461], [-75.365327, 39.92171], [-75.365606, 39.922655], [-75.364258, 39.922738], [-75.363802, 39.923633], [-75.364046, 39.924562], [-75.366822, 39.926054], [-75.366783, 39.926642], [-75.364835, 39.930211], [-75.363948, 39.931455], [-75.361246, 39.93326], [-75.35888, 39.934617], [-75.35407, 39.937636], [-75.350468, 39.940314], [-75.34704, 39.942622], [-75.348307, 39.945123], [-75.347238, 39.945634], [-75.343839, 39.948029], [-75.344106, 39.948413], [-75.337322, 39.953652], [-75.335132, 39.954973], [-75.332477, 39.95327], [-75.331717, 39.952228], [-75.327752, 39.953959], [-75.320234, 39.956993], [-75.299145, 39.966337], [-75.280266, 39.974964], [-75.27917, 39.973986], [-75.278609, 39.972263], [-75.275606, 39.970211], [-75.275027, 39.969289], [-75.272957, 39.969293], [-75.270422, 39.968479], [-75.270002, 39.967479], [-75.268461, 39.966618], [-75.265921, 39.96586], [-75.265448, 39.965257], [-75.262457, 39.965633], [-75.260491, 39.966313], [-75.258797, 39.965571], [-75.257994, 39.963677], [-75.256686, 39.963719], [-75.25414, 39.965404], [-75.251603, 39.965356], [-75.250313, 39.965069], [-75.248056, 39.964074], [-75.247479, 39.963528], [-75.247922, 39.961085], [-75.248546, 39.960269], [-75.25085, 39.959099], [-75.250666, 39.958328], [-75.249006, 39.956907], [-75.249234, 39.955429], [-75.251047, 39.953295], [-75.251643, 39.951954], [-75.251122, 39.950701], [-75.251376, 39.949065], [-75.250365, 39.947978], [-75.250118, 39.94697], [-75.248421, 39.945454], [-75.247028, 39.943414]]]}}, {"type": "Feature", "properties": {"STATE": "PA", "PUMA": "03224", "name": "Philadelphia City (Upper North) PUMA", "in_city": null, "puma_fb_prop": 11.122463196024707, "fb_limited_prop": 35.49060542797495, "fb_median_wage": 22.70237030411449, "county": "Philadelphia"}, "geometry": {"type": "Polygon", "coordinates": [[[-75.11288, 40.027457], [-75.128126, 40.025222], [-75.135724, 40.023602], [-75.135818, 40.020645], [-75.13674, 40.019958], [-75.159035, 40.0228], [-75.159551, 40.023925], [-75.159033, 40.030316], [-75.157616, 40.031514], [-75.157934, 40.03379], [-75.159601, 40.035137], [-75.158363, 40.036346], [-75.158452, 40.038539], [-75.158217, 40.045076], [-75.157557, 40.055034], [-75.158889, 40.055768], [-75.188461, 40.07275], [-75.176438, 40.084649], [-75.161957, 40.07613], [-75.155834, 40.072733], [-75.135193, 40.061031], [-75.129021, 40.057091], [-75.110985, 40.046769], [-75.111266, 40.046135], [-75.111108, 40.044287], [-75.11225, 40.043419], [-75.112778, 40.042119], [-75.114509, 40.039925], [-75.113854, 40.037292], [-75.111196, 40.034263], [-75.110749, 40.033321], [-75.111165, 40.03092], [-75.1109, 40.029603], [-75.11154, 40.028176], [-75.11288, 40.027457]]]}}, {"type": "Feature", "properties": {"STATE": "PA", "PUMA": "03114", "name": "Montgomery County (Southern Central)--Norristown Borough PUMA", "in_city": null, "puma_fb_prop": 12.891392071815456, "fb_limited_prop": 23.53833192923336, "fb_median_wage": 29.286057692307693, "county": "Montgomery"}, "geometry": {"type": "Polygon", "coordinates": [[[-75.293214, 40.193145], [-75.295445, 40.190959], [-75.315528, 40.170939], [-75.319, 40.167427], [-75.326934, 40.159696], [-75.322282, 40.156962], [-75.314753, 40.152739], [-75.301816, 40.145255], [-75.285246, 40.135813], [-75.275292, 40.130255], [-75.260409, 40.122002], [-75.250427, 40.132469], [-75.247945, 40.135134], [-75.235459, 40.148156], [-75.233397, 40.150591], [-75.231102, 40.149293], [-75.222316, 40.143937], [-75.220421, 40.142695], [-75.212655, 40.138208], [-75.204035, 40.133039], [-75.203081, 40.132013], [-75.202228, 40.13175], [-75.196295, 40.127838], [-75.199487, 40.124769], [-75.201825, 40.122709], [-75.207864, 40.116812], [-75.220152, 40.104204], [-75.227386, 40.096656], [-75.229543, 40.094562], [-75.247316, 40.076321], [-75.247391, 40.076104], [-75.252868, 40.070386], [-75.256094, 40.067123], [-75.252209, 40.065278], [-75.252024, 40.06519], [-75.256286, 40.061081], [-75.264431, 40.054094], [-75.270408, 40.060783], [-75.27514, 40.065218], [-75.277786, 40.069168], [-75.282605, 40.073013], [-75.285352, 40.07292], [-75.287571, 40.072503], [-75.294645, 40.0704], [-75.301036, 40.069041], [-75.306264, 40.069016], [-75.309584, 40.070442], [-75.315655, 40.074623], [-75.320128, 40.081709], [-75.321089, 40.090698], [-75.321027, 40.091209], [-75.321527, 40.096409], [-75.321392, 40.097839], [-75.322308, 40.100014], [-75.32473, 40.103055], [-75.326924, 40.105214], [-75.32842, 40.105795], [-75.333068, 40.106608], [-75.335048, 40.107145], [-75.337751, 40.108455], [-75.340184, 40.109336], [-75.344038, 40.110252], [-75.346892, 40.111097], [-75.347487, 40.109508], [-75.350844, 40.109426], [-75.355581, 40.111049], [-75.358924, 40.11241], [-75.360929, 40.11339], [-75.364439, 40.114002], [-75.367678, 40.11474], [-75.370504, 40.116234], [-75.377865, 40.117908], [-75.380134, 40.118115], [-75.390929, 40.117807], [-75.393529, 40.117204], [-75.404018, 40.112865], [-75.406036, 40.111771], [-75.416546, 40.107859], [-75.420575, 40.107351], [-75.424332, 40.107906], [-75.430873, 40.110147], [-75.433364, 40.110287], [-75.443776, 40.108962], [-75.449414, 40.107484], [-75.454634, 40.105226], [-75.461729, 40.103035], [-75.463918, 40.103532], [-75.467858, 40.10608], [-75.468961, 40.107061], [-75.470509, 40.109475], [-75.471603, 40.111853], [-75.471361, 40.113231], [-75.470361, 40.115727], [-75.469409, 40.116664], [-75.46708, 40.117884], [-75.463228, 40.119215], [-75.462633, 40.11958], [-75.457378, 40.119169], [-75.453397, 40.119347], [-75.451081, 40.120065], [-75.4484, 40.121431], [-75.446706, 40.122825], [-75.445263, 40.125002], [-75.444486, 40.12562], [-75.444545, 40.130633], [-75.444143, 40.132437], [-75.443303, 40.134184], [-75.442174, 40.135298], [-75.441876, 40.137142], [-75.442346, 40.137893], [-75.444188, 40.142261], [-75.444987, 40.146727], [-75.445595, 40.147598], [-75.447344, 40.149029], [-75.448653, 40.149589], [-75.450831, 40.149941], [-75.453476, 40.150059], [-75.454549, 40.150337], [-75.455765, 40.151794], [-75.456171, 40.155786], [-75.456017, 40.157406], [-75.456215, 40.160604], [-75.455, 40.163595], [-75.454941, 40.164562], [-75.456219, 40.165473], [-75.462066, 40.166351], [-75.463292, 40.167352], [-75.463029, 40.169168], [-75.462111, 40.170374], [-75.460952, 40.171097], [-75.458776, 40.171192], [-75.453036, 40.171954], [-75.451322, 40.173284], [-75.45001, 40.174212], [-75.448074, 40.178067], [-75.447441, 40.181176], [-75.447396, 40.182276], [-75.448587, 40.186847], [-75.449058, 40.189912], [-75.450249, 40.195422], [-75.450445, 40.198311], [-75.44979, 40.200144], [-75.441939, 40.195284], [-75.440843, 40.194348], [-75.439546, 40.193878], [-75.426399, 40.185808], [-75.426048, 40.185465], [-75.410683, 40.176098], [-75.403912, 40.182878], [-75.3889, 40.197771], [-75.372225, 40.214061], [-75.369466, 40.216865], [-75.355792, 40.229202], [-75.351273, 40.226444], [-75.343947, 40.22211], [-75.330051, 40.213766], [-75.318852, 40.20755], [-75.316788, 40.206322], [-75.309503, 40.202276], [-75.305175, 40.199793], [-75.298706, 40.196256], [-75.293214, 40.193145]]]}}, {"type": "Feature", "properties": {"STATE": "PA", "PUMA": "03415", "name": "Chester County (South) PUMA", "in_city": null, "puma_fb_prop": 11.284326474412913, "fb_limited_prop": 31.616052060737527, "fb_median_wage": 20.484847115384618, "county": "Chester"}, "geometry": {"type": "Polygon", "coordinates": [[[-76.135484, 39.721147], [-76.136317, 39.723243], [-76.136672, 39.725268], [-76.136451, 39.725682], [-76.134045, 39.727171], [-76.130008, 39.727216], [-76.128262, 39.727657], [-76.126627, 39.72699], [-76.124712, 39.726606], [-76.12454, 39.725742], [-76.122252, 39.723407], [-76.119195, 39.723444], [-76.118305, 39.724809], [-76.118521, 39.726432], [-76.119104, 39.727147], [-76.120304, 39.729848], [-76.120487, 39.731087], [-76.119778, 39.73193], [-76.120651, 39.735128], [-76.119924, 39.736364], [-76.115357, 39.736596], [-76.113616, 39.737125], [-76.11096, 39.736175], [-76.108565, 39.734836], [-76.109148, 39.733769], [-76.109945, 39.730541], [-76.111177, 39.728521], [-76.110644, 39.727603], [-76.10796, 39.725374], [-76.106288, 39.724269], [-76.105201, 39.723981], [-76.102479, 39.724033], [-76.101748, 39.725278], [-76.099887, 39.727443], [-76.096762, 39.729087], [-76.09262, 39.733534], [-76.092592, 39.734187], [-76.094418, 39.735995], [-76.096188, 39.737236], [-76.098438, 39.738056], [-76.099415, 39.73794], [-76.10159, 39.739104], [-76.10205, 39.739884], [-76.100657, 39.742877], [-76.100942, 39.743491], [-76.100467, 39.745525], [-76.098608, 39.745486], [-76.097821, 39.744067], [-76.096877, 39.743111], [-76.094035, 39.742733], [-76.09204, 39.743116], [-76.088033, 39.744932], [-76.085052, 39.747359], [-76.084334, 39.748342], [-76.084195, 39.750464], [-76.082599, 39.75305], [-76.083646, 39.754577], [-76.085115, 39.755076], [-76.085794, 39.75589], [-76.084724, 39.757462], [-76.084352, 39.758644], [-76.083179, 39.760241], [-76.081852, 39.761351], [-76.079568, 39.761963], [-76.076461, 39.761813], [-76.073817, 39.761173], [-76.069461, 39.759844], [-76.067427, 39.75965], [-76.065739, 39.761357], [-76.064891, 39.761884], [-76.062602, 39.764501], [-76.062468, 39.765098], [-76.063767, 39.767592], [-76.064923, 39.770283], [-76.064564, 39.771189], [-76.062016, 39.773919], [-76.060524, 39.775011], [-76.060311, 39.77633], [-76.058397, 39.779861], [-76.055388, 39.780279], [-76.053635, 39.781599], [-76.052183, 39.781874], [-76.050529, 39.782793], [-76.049678, 39.783784], [-76.049334, 39.786652], [-76.048525, 39.78924], [-76.046944, 39.790235], [-76.04517, 39.790574], [-76.043637, 39.791242], [-76.04364, 39.79189], [-76.045104, 39.793033], [-76.043382, 39.794376], [-76.041365, 39.797196], [-76.043507, 39.797852], [-76.044394, 39.799631], [-76.045738, 39.800989], [-76.049472, 39.802208], [-76.049161, 39.803534], [-76.048287, 39.803968], [-76.04572, 39.803778], [-76.042793, 39.802718], [-76.040223, 39.801121], [-76.038501, 39.80173], [-76.035858, 39.806241], [-76.035123, 39.808143], [-76.035389, 39.810074], [-76.035216, 39.811835], [-76.034438, 39.812517], [-76.031839, 39.812066], [-76.029925, 39.812505], [-76.031071, 39.814766], [-76.031072, 39.817526], [-76.031826, 39.81899], [-76.033118, 39.820498], [-76.036307, 39.823317], [-76.037319, 39.824526], [-76.037953, 39.825909], [-76.037636, 39.826917], [-76.036582, 39.826869], [-76.0331, 39.825988], [-76.030232, 39.823973], [-76.027034, 39.824153], [-76.025866, 39.82477], [-76.023784, 39.827134], [-76.023427, 39.828243], [-76.023581, 39.829394], [-76.022826, 39.8308], [-76.019293, 39.831054], [-76.017356, 39.830607], [-76.016473, 39.831481], [-76.017112, 39.832643], [-76.017783, 39.834876], [-76.017227, 39.835921], [-76.018041, 39.836376], [-76.017809, 39.838173], [-76.019965, 39.840029], [-76.019152, 39.840965], [-76.019758, 39.842851], [-76.020755, 39.845027], [-76.020387, 39.847642], [-76.020953, 39.849459], [-76.021893, 39.848804], [-76.022863, 39.848901], [-76.022823, 39.849844], [-76.021475, 39.85124], [-76.021165, 39.85209], [-76.01991, 39.853524], [-76.018825, 39.85408], [-76.017161, 39.854094], [-76.015805, 39.853758], [-76.014291, 39.852797], [-76.01158, 39.853178], [-76.008575, 39.851965], [-76.007576, 39.852349], [-76.006734, 39.853958], [-76.007327, 39.854867], [-76.0076, 39.857432], [-76.007007, 39.858219], [-76.006725, 39.860783], [-76.006194, 39.861802], [-76.006512, 39.86259], [-76.006125, 39.865191], [-76.005492, 39.866174], [-76.005638, 39.867346], [-76.004442, 39.86887], [-76.004047, 39.870592], [-76.004472, 39.872178], [-76.004136, 39.872879], [-76.002432, 39.874353], [-76.001307, 39.874826], [-75.999951, 39.874755], [-75.998426, 39.874042], [-75.998046, 39.872994], [-75.998451, 39.872123], [-75.997123, 39.8713], [-75.991644, 39.868713], [-75.991069, 39.868984], [-75.990492, 39.870936], [-75.988992, 39.872093], [-75.987466, 39.872478], [-75.986914, 39.873499], [-75.979804, 39.869284], [-75.969711, 39.862551], [-75.965041, 39.859633], [-75.958056, 39.860491], [-75.915011, 39.864418], [-75.917964, 39.876472], [-75.919925, 39.883929], [-75.917161, 39.884138], [-75.914746, 39.886015], [-75.913257, 39.885595], [-75.911377, 39.885696], [-75.911004, 39.886172], [-75.908808, 39.886955], [-75.907395, 39.888316], [-75.906664, 39.888585], [-75.905744, 39.890468], [-75.901862, 39.889998], [-75.900418, 39.890389], [-75.898655, 39.889818], [-75.896353, 39.890168], [-75.895205, 39.890874], [-75.894523, 39.890712], [-75.892291, 39.891049], [-75.891038, 39.891741], [-75.88849, 39.890058], [-75.8868, 39.889482], [-75.884594, 39.889525], [-75.883798, 39.889056], [-75.882325, 39.889999], [-75.882422, 39.890729], [-75.88085, 39.891495], [-75.878835, 39.891377], [-75.876477, 39.892599], [-75.876585, 39.893068], [-75.874263, 39.8951], [-75.87396, 39.896191], [-75.872952, 39.89646], [-75.872331, 39.8982], [-75.871416, 39.898668], [-75.871221, 39.900756], [-75.869305, 39.901425], [-75.868346, 39.902444], [-75.868359, 39.903087], [-75.867209, 39.903601], [-75.866328, 39.904794], [-75.864544, 39.904915], [-75.861994, 39.904576], [-75.861623, 39.905093], [-75.859982, 39.904604], [-75.858534, 39.905023], [-75.85833, 39.906192], [-75.856249, 39.906189], [-75.855925, 39.905557], [-75.853363, 39.904289], [-75.852285, 39.904105], [-75.849858, 39.902371], [-75.848296, 39.901732], [-75.847224, 39.90266], [-75.846109, 39.902824], [-75.845375, 39.904163], [-75.843539, 39.904167], [-75.843014, 39.905354], [-75.841878, 39.905762], [-75.840734, 39.90735], [-75.841949, 39.909279], [-75.84388, 39.916194], [-75.846531, 39.922175], [-75.846804, 39.923526], [-75.835861, 39.927854], [-75.835751, 39.928371], [-75.833766, 39.93075], [-75.831587, 39.930439], [-75.829455, 39.932314], [-75.828946, 39.932128], [-75.827266, 39.933226], [-75.826391, 39.933444], [-75.824322, 39.931422], [-75.824044, 39.929501], [-75.821662, 39.930203], [-75.813826, 39.931868], [-75.807929, 39.924012], [-75.79875, 39.918955], [-75.798768, 39.918812], [-75.78764, 39.916068], [-75.78723, 39.917242], [-75.784427, 39.923459], [-75.775765, 39.950368], [-75.741026, 39.943876], [-75.707468, 39.936878], [-75.697431, 39.934708], [-75.694396, 39.93426], [-75.691114, 39.923854], [-75.689918, 39.920517], [-75.688353, 39.921276], [-75.690494, 39.922953], [-75.689947, 39.923534], [-75.686801, 39.923118], [-75.68489, 39.924181], [-75.684227, 39.925795], [-75.681941, 39.926518], [-75.679933, 39.928488], [-75.679236, 39.929945], [-75.679794, 39.931676], [-75.679901, 39.934135], [-75.676518, 39.934606], [-75.675135, 39.933455], [-75.673101, 39.934254], [-75.669864, 39.934204], [-75.669028, 39.933871], [-75.667857, 39.934435], [-75.660056, 39.924812], [-75.657352, 39.924679], [-75.653497, 39.924218], [-75.65219, 39.923478], [-75.650384, 39.923183], [-75.644756, 39.919481], [-75.642783, 39.918953], [-75.639241, 39.917366], [-75.637645, 39.916936], [-75.634606, 39.917063], [-75.633609, 39.916686], [-75.63323, 39.914509], [-75.632027, 39.914459], [-75.628767, 39.913659], [-75.626297, 39.912824], [-75.62573, 39.912265], [-75.626665, 39.909822], [-75.626479, 39.908692], [-75.625157, 39.906057], [-75.623374, 39.904371], [-75.623275, 39.902522], [-75.6239, 39.899462], [-75.623801, 39.898709], [-75.622223, 39.896414], [-75.616037, 39.893513], [-75.61579, 39.892842], [-75.617272, 39.891165], [-75.616119, 39.890012], [-75.614419, 39.889319], [-75.612372, 39.887599], [-75.610378, 39.886849], [-75.609619, 39.885571], [-75.609931, 39.884561], [-75.607269, 39.883215], [-75.602799, 39.880436], [-75.602019, 39.879557], [-75.601548, 39.87811], [-75.599785, 39.877573], [-75.598431, 39.876633], [-75.598514, 39.87554], [-75.597914, 39.874464], [-75.596672, 39.872935], [-75.595604, 39.870787], [-75.59363, 39.869996], [-75.592631, 39.868455], [-75.593011, 39.867035], [-75.594818, 39.866729], [-75.596712, 39.864339], [-75.596406, 39.862971], [-75.600048, 39.858134], [-75.601384, 39.856834], [-75.601252, 39.855411], [-75.598737, 39.8542], [-75.594636, 39.853626], [-75.592814, 39.853124], [-75.591997, 39.852535], [-75.591917, 39.851413], [-75.594111, 39.84994], [-75.594145, 39.848586], [-75.594865, 39.844899], [-75.596372, 39.842347], [-75.597742, 39.841147], [-75.597893, 39.840073], [-75.597361, 39.838883], [-75.595568, 39.837644], [-75.59488, 39.837525], [-75.602495, 39.836563], [-75.610364, 39.83536], [-75.617948, 39.834], [-75.624347, 39.832695], [-75.634561, 39.830323], [-75.642344, 39.828217], [-75.647448, 39.826703], [-75.652932, 39.824949], [-75.660595, 39.822265], [-75.6666, 39.819963], [-75.674449, 39.816681], [-75.680468, 39.813939], [-75.684878, 39.811797], [-75.68974, 39.809301], [-75.694432, 39.806751], [-75.700089, 39.803478], [-75.703732, 39.80125], [-75.708716, 39.798035], [-75.714348, 39.794159], [-75.719502, 39.790365], [-75.722894, 39.787726], [-75.727175, 39.78422], [-75.732996, 39.779107], [-75.736951, 39.775384], [-75.742029, 39.770256], [-75.746707, 39.765141], [-75.749893, 39.761409], [-75.754056, 39.756178], [-75.756659, 39.752675], [-75.760353, 39.747406], [-75.764388, 39.74091], [-75.766009, 39.738114], [-75.768603, 39.733325], [-75.770324, 39.729897], [-75.773786, 39.7222], [-75.788596, 39.722199], [-75.81208, 39.722182], [-75.82706, 39.722058], [-75.841731, 39.721971], [-75.875127, 39.72194], [-75.893282, 39.721985], [-75.924458, 39.721925], [-75.96215, 39.721792], [-76.001292, 39.721748], [-76.013149, 39.721827], [-76.025576, 39.721737], [-76.054612, 39.721627], [-76.102467, 39.721408], [-76.135484, 39.721147]]]}}, {"type": "Feature", "properties": {"STATE": "PA", "PUMA": "03223", "name": "Philadelphia City (North Delaware) PUMA", "in_city": null, "puma_fb_prop": 23.09057608428844, "fb_limited_prop": 45.13452351018355, "fb_median_wage": 16.08266846153846, "county": "Philadelphia"}, "geometry": {"type": "Polygon", "coordinates": [[[-75.053712, 40.004078], [-75.058457, 40.004988], [-75.058561, 40.005423], [-75.061486, 40.00677], [-75.062543, 40.006224], [-75.066313, 40.005917], [-75.067696, 40.005333], [-75.068625, 40.007644], [-75.069508, 40.010798], [-75.061339, 40.012764], [-75.061413, 40.013284], [-75.068623, 40.021514], [-75.073332, 40.025289], [-75.075367, 40.027038], [-75.074325, 40.028469], [-75.073042, 40.031294], [-75.070806, 40.03528], [-75.064495, 40.036723], [-75.061889, 40.037887], [-75.052455, 40.046732], [-75.051881, 40.047105], [-75.049377, 40.046771], [-75.047775, 40.046246], [-75.045269, 40.046509], [-75.043694, 40.047502], [-75.041323, 40.047292], [-75.039255, 40.045982], [-75.035997, 40.044969], [-75.033824, 40.04466], [-75.031636, 40.04566], [-75.03163, 40.047852], [-75.030489, 40.048407], [-75.028894, 40.048648], [-75.026037, 40.048163], [-75.024322, 40.048979], [-75.023007, 40.049197], [-75.021343, 40.048294], [-75.020489, 40.04639], [-75.021752, 40.043668], [-75.020279, 40.043518], [-75.018502, 40.044081], [-75.01402, 40.047471], [-75.010148, 40.050608], [-75.004795, 40.054747], [-75.001181, 40.057232], [-74.992033, 40.059681], [-74.990914, 40.060105], [-74.98561, 40.063317], [-74.983733, 40.064259], [-74.981023, 40.064939], [-74.98114, 40.063368], [-74.980847, 40.06116], [-74.980378, 40.060349], [-74.9829, 40.058367], [-74.984893, 40.057287], [-74.98419, 40.055349], [-74.983487, 40.054448], [-74.982022, 40.053727], [-74.980028, 40.053637], [-74.977923, 40.052132], [-74.973981, 40.048595], [-74.977846, 40.045372], [-74.980779, 40.043543], [-74.983185, 40.041404], [-74.990068, 40.036435], [-74.994093, 40.033413], [-75.000617, 40.0287], [-75.003853, 40.026996], [-75.010369, 40.022491], [-75.013237, 40.020303], [-75.016671, 40.019434], [-75.019645, 40.018436], [-75.024072, 40.017829], [-75.0275, 40.017079], [-75.034216, 40.015219], [-75.041267, 40.012714], [-75.044878, 40.011196], [-75.04709, 40.009941], [-75.049902, 40.007217], [-75.053405, 40.004568], [-75.053712, 40.004078]]]}}, {"type": "Feature", "properties": {"STATE": "PA", "PUMA": "03231", "name": "Philadelphia City (South and Lower South) PUMA", "in_city": null, "puma_fb_prop": 16.614420062695924, "fb_limited_prop": 33.672126352734715, "fb_median_wage": 23.54580128205128, "county": "Philadelphia"}, "geometry": {"type": "Polygon", "coordinates": [[[-75.195236, 39.877365], [-75.195514, 39.89184], [-75.198744, 39.893114], [-75.205804, 39.894934], [-75.208124, 39.895675], [-75.211762, 39.897747], [-75.214927, 39.901616], [-75.216123, 39.909637], [-75.213906, 39.911072], [-75.206841, 39.911186], [-75.204148, 39.915073], [-75.20209, 39.918555], [-75.2017, 39.919834], [-75.203396, 39.921007], [-75.208526, 39.921033], [-75.21079, 39.922095], [-75.212057, 39.923562], [-75.212428, 39.92523], [-75.211253, 39.928519], [-75.208706, 39.931531], [-75.207479, 39.933522], [-75.206322, 39.934759], [-75.205578, 39.937111], [-75.205005, 39.941804], [-75.204149, 39.942991], [-75.203156, 39.943591], [-75.201315, 39.943977], [-75.19979, 39.943825], [-75.195944, 39.942392], [-75.193872, 39.9421], [-75.192343, 39.941454], [-75.18901, 39.939424], [-75.187445, 39.940364], [-75.18314, 39.939895], [-75.166816, 39.937869], [-75.16636, 39.94003], [-75.157848, 39.938982], [-75.144888, 39.935465], [-75.145702, 39.933438], [-75.146985, 39.927665], [-75.142098, 39.927016], [-75.140894, 39.927227], [-75.140261, 39.926353], [-75.134301, 39.925781], [-75.13035, 39.917404], [-75.129342, 39.9159], [-75.128253, 39.913164], [-75.128537, 39.909095], [-75.129634, 39.904826], [-75.130054, 39.90239], [-75.131363, 39.899138], [-75.134696, 39.894614], [-75.1354, 39.893057], [-75.137296, 39.889966], [-75.138527, 39.88889], [-75.139832, 39.888317], [-75.143746, 39.884998], [-75.147366, 39.883921], [-75.150653, 39.883504], [-75.156628, 39.883027], [-75.162872, 39.882649], [-75.180112, 39.882197], [-75.183956, 39.881885], [-75.187889, 39.881095], [-75.190099, 39.880348], [-75.192738, 39.879006], [-75.195236, 39.877365]]]}}, {"type": "Feature", "properties": {"STATE": "PA", "PUMA": "03011", "name": "Bucks County (Upper) PUMA", "in_city": null, "puma_fb_prop": 5.5090314496164305, "fb_limited_prop": 12.09924728185113, "fb_median_wage": 39.355125, "county": "Bucks"}, "geometry": {"type": "Polygon", "coordinates": [[[-75.26432, 40.286836], [-75.266809, 40.288335], [-75.278468, 40.295082], [-75.29126, 40.302658], [-75.294304, 40.304359], [-75.299774, 40.307835], [-75.311234, 40.314884], [-75.32534, 40.323425], [-75.335762, 40.329472], [-75.346744, 40.336272], [-75.3535, 40.340354], [-75.36345, 40.346264], [-75.382322, 40.357646], [-75.390053, 40.362202], [-75.39711, 40.366463], [-75.400314, 40.368492], [-75.405624, 40.371574], [-75.408607, 40.373466], [-75.413589, 40.376335], [-75.422234, 40.381691], [-75.425667, 40.38443], [-75.432762, 40.388512], [-75.445407, 40.396065], [-75.456161, 40.402355], [-75.47653, 40.414181], [-75.482887, 40.417923], [-75.484057, 40.418451], [-75.469026, 40.432359], [-75.46376, 40.437443], [-75.460753, 40.440085], [-75.447909, 40.452356], [-75.409733, 40.487984], [-75.402469, 40.492506], [-75.393336, 40.498323], [-75.390771, 40.500113], [-75.38532, 40.50353], [-75.36661, 40.515424], [-75.356952, 40.52185], [-75.345447, 40.529603], [-75.338633, 40.534068], [-75.333514, 40.537057], [-75.333048, 40.536767], [-75.316782, 40.54717], [-75.308745, 40.552611], [-75.293528, 40.561978], [-75.266366, 40.57758], [-75.261334, 40.580145], [-75.258151, 40.582009], [-75.253783, 40.583912], [-75.246728, 40.586844], [-75.236848, 40.590748], [-75.228669, 40.594469], [-75.216475, 40.599782], [-75.206126, 40.604383], [-75.196803, 40.60858], [-75.195923, 40.606788], [-75.194131, 40.604644], [-75.192707, 40.60346], [-75.192291, 40.602676], [-75.192228, 40.599731], [-75.191443, 40.595492], [-75.191076, 40.594309], [-75.1896, 40.591776], [-75.189268, 40.589919], [-75.189692, 40.587671], [-75.190974, 40.585934], [-75.19415, 40.582843], [-75.195222, 40.580303], [-75.195496, 40.578627], [-75.194937, 40.577142], [-75.194105, 40.576079], [-75.190163, 40.572581], [-75.18827, 40.570547], [-75.184907, 40.568308], [-75.181251, 40.566715], [-75.178085, 40.565749], [-75.172877, 40.564423], [-75.169923, 40.564146], [-75.162314, 40.564193], [-75.160484, 40.564401], [-75.157852, 40.565424], [-75.149414, 40.571283], [-75.148757, 40.571819], [-75.144932, 40.573869], [-75.140172, 40.57537], [-75.134995, 40.575662], [-75.128111, 40.574489], [-75.1226, 40.573827], [-75.11916, 40.573595], [-75.115536, 40.57286], [-75.110716, 40.571002], [-75.103226, 40.568728], [-75.099827, 40.567398], [-75.095834, 40.564481], [-75.095168, 40.563636], [-75.09133, 40.559848], [-75.086523, 40.555846], [-75.079133, 40.549026], [-75.078348, 40.548138], [-75.075138, 40.545579], [-75.072935, 40.544463], [-75.07063, 40.5436], [-75.068581, 40.542185], [-75.0681, 40.541488], [-75.067056, 40.538443], [-75.066501, 40.534405], [-75.065848, 40.53126], [-75.06509, 40.526278], [-75.065688, 40.522106], [-75.065599, 40.518787], [-75.065365, 40.517077], [-75.065217, 40.513123], [-75.064879, 40.510064], [-75.064842, 40.503503], [-75.0633, 40.499728], [-75.062576, 40.494074], [-75.062625, 40.488287], [-75.062859, 40.484446], [-75.062761, 40.480026], [-75.064795, 40.476475], [-75.066116, 40.474964], [-75.067715, 40.473669], [-75.068016, 40.471378], [-75.067016, 40.465308], [-75.068589, 40.461336], [-75.070419, 40.458407], [-75.070608, 40.456196], [-75.068725, 40.4515], [-75.066515, 40.447176], [-75.065946, 40.445266], [-75.065575, 40.441839], [-75.064665, 40.439946], [-75.064165, 40.438156], [-75.06438, 40.436396], [-75.063093, 40.433308], [-75.062202, 40.429423], [-75.062125, 40.425324], [-75.061316, 40.42263], [-75.060694, 40.421333], [-75.062788, 40.421553], [-75.063909, 40.422228], [-75.066562, 40.423128], [-75.067978, 40.424478], [-75.071989, 40.427314], [-75.073937, 40.429835], [-75.074765, 40.432402], [-75.075828, 40.434293], [-75.077008, 40.434788], [-75.07913, 40.434877], [-75.080285, 40.435841], [-75.081602, 40.439734], [-75.083049, 40.441708], [-75.08497, 40.441977], [-75.086337, 40.441538], [-75.088208, 40.440367], [-75.090572, 40.43756], [-75.091807, 40.437361], [-75.093045, 40.438266], [-75.094521, 40.439813], [-75.095833, 40.440662], [-75.097638, 40.440928], [-75.098753, 40.440534], [-75.099332, 40.439681], [-75.098204, 40.438671], [-75.096508, 40.438188], [-75.094718, 40.436777], [-75.094399, 40.435682], [-75.094983, 40.434679], [-75.096076, 40.434411], [-75.097378, 40.434978], [-75.099218, 40.436322], [-75.101329, 40.436487], [-75.103559, 40.43605], [-75.106292, 40.435221], [-75.107494, 40.434492], [-75.108366, 40.43267], [-75.109545, 40.432104], [-75.111187, 40.432679], [-75.116552, 40.433727], [-75.131861, 40.417983], [-75.135164, 40.414651], [-75.134624, 40.412658], [-75.135892, 40.412315], [-75.140464, 40.408053], [-75.140634, 40.407235], [-75.146597, 40.402275], [-75.150006, 40.400047], [-75.149313, 40.398282], [-75.154704, 40.393082], [-75.155436, 40.393484], [-75.156981, 40.392331], [-75.160064, 40.388972], [-75.162106, 40.38997], [-75.169221, 40.383021], [-75.182737, 40.369686], [-75.188177, 40.364272], [-75.188832, 40.363347], [-75.185888, 40.362158], [-75.181369, 40.359386], [-75.183023, 40.358554], [-75.187805, 40.353987], [-75.195816, 40.346123], [-75.208193, 40.334094], [-75.232295, 40.311463], [-75.235951, 40.31385], [-75.236341, 40.313707], [-75.241739, 40.308708], [-75.250223, 40.300411], [-75.25895, 40.291683], [-75.262615, 40.288121], [-75.26432, 40.286836]]]}}, {"type": "Feature", "properties": {"STATE": "PA", "PUMA": "03015", "name": "Bucks County (Eastern Lower) PUMA", "in_city": null, "puma_fb_prop": 10.702785471413453, "fb_limited_prop": 16.07859708430171, "fb_median_wage": 32.22672115384616, "county": "Bucks"}, "geometry": {"type": "Polygon", "coordinates": [[[-74.909103, 40.070505], [-74.908831, 40.076999], [-74.90967, 40.082679], [-74.910715, 40.084509], [-74.913444, 40.085804], [-74.914689, 40.087734], [-74.914953, 40.088604], [-74.914581, 40.090283], [-74.913022, 40.095097], [-74.912721, 40.097023], [-74.911705, 40.098169], [-74.910211, 40.098855], [-74.907762, 40.099174], [-74.90591, 40.099907], [-74.903936, 40.102015], [-74.90256, 40.104031], [-74.902438, 40.105774], [-74.903329, 40.108985], [-74.904401, 40.111187], [-74.904159, 40.113479], [-74.905339, 40.116094], [-74.904985, 40.117713], [-74.903553, 40.118675], [-74.902824, 40.11958], [-74.901151, 40.125339], [-74.901031, 40.127096], [-74.899737, 40.129573], [-74.89823, 40.131158], [-74.898155, 40.132297], [-74.892137, 40.132126], [-74.887807, 40.132134], [-74.877426, 40.139245], [-74.863364, 40.1488], [-74.855432, 40.154236], [-74.862069, 40.156796], [-74.860969, 40.15894], [-74.864538, 40.160055], [-74.870101, 40.164478], [-74.869787, 40.165724], [-74.868766, 40.165811], [-74.870801, 40.17197], [-74.871241, 40.174823], [-74.871189, 40.175836], [-74.869763, 40.180799], [-74.870121, 40.183802], [-74.869379, 40.183895], [-74.869344, 40.191558], [-74.86941, 40.192728], [-74.870926, 40.192694], [-74.874369, 40.200536], [-74.876712, 40.200011], [-74.880498, 40.20851], [-74.883698, 40.215972], [-74.887551, 40.224735], [-74.887906, 40.225691], [-74.893631, 40.232235], [-74.895697, 40.234702], [-74.896378, 40.235816], [-74.896358, 40.239517], [-74.901744, 40.242426], [-74.903698, 40.242053], [-74.908994, 40.251201], [-74.911793, 40.251035], [-74.913183, 40.257216], [-74.914264, 40.262994], [-74.90921, 40.262984], [-74.904253, 40.263621], [-74.899348, 40.264004], [-74.892233, 40.265021], [-74.871455, 40.267464], [-74.853118, 40.26973], [-74.851632, 40.267078], [-74.848008, 40.261708], [-74.846607, 40.258809], [-74.842308, 40.250508], [-74.836307, 40.246208], [-74.823907, 40.241508], [-74.819507, 40.238508], [-74.810207, 40.235108], [-74.805207, 40.233408], [-74.795306, 40.229408], [-74.789006, 40.226008], [-74.781206, 40.221508], [-74.77401, 40.217058], [-74.77246, 40.21559], [-74.771404, 40.215144], [-74.769678, 40.212604], [-74.768592, 40.210426], [-74.767861, 40.208129], [-74.766989, 40.206674], [-74.763436, 40.202605], [-74.760605, 40.198909], [-74.759505, 40.196909], [-74.756905, 40.189409], [-74.755605, 40.186709], [-74.754305, 40.185209], [-74.751705, 40.183809], [-74.751705, 40.183309], [-74.749505, 40.182509], [-74.744105, 40.181009], [-74.737205, 40.177609], [-74.733804, 40.174509], [-74.726581, 40.165778], [-74.722325, 40.160727], [-74.721519, 40.158568], [-74.721576, 40.15404], [-74.72191, 40.152724], [-74.722048, 40.150311], [-74.723223, 40.147902], [-74.724369, 40.146412], [-74.726122, 40.145444], [-74.727486, 40.144253], [-74.730863, 40.142169], [-74.731691, 40.141942], [-74.736143, 40.138577], [-74.740237, 40.135685], [-74.741184, 40.135165], [-74.743738, 40.134454], [-74.745797, 40.134401], [-74.749565, 40.134888], [-74.75313, 40.135033], [-74.756006, 40.134778], [-74.758028, 40.134332], [-74.762323, 40.132881], [-74.76909, 40.129187], [-74.774357, 40.12604], [-74.778743, 40.123143], [-74.781555, 40.121454], [-74.784842, 40.120388], [-74.788287, 40.120579], [-74.799421, 40.122703], [-74.803821, 40.124003], [-74.809448, 40.126067], [-74.815476, 40.127694], [-74.819499, 40.127614], [-74.822531, 40.126844], [-74.82377, 40.126189], [-74.826226, 40.124066], [-74.828646, 40.120497], [-74.830461, 40.117279], [-74.833103, 40.111972], [-74.834084, 40.107184], [-74.83467, 40.105401], [-74.835868, 40.103466], [-74.838168, 40.101055], [-74.840541, 40.099418], [-74.842215, 40.098502], [-74.847579, 40.096373], [-74.849904, 40.095606], [-74.853745, 40.093926], [-74.855859, 40.092186], [-74.857634, 40.090215], [-74.859721, 40.085311], [-74.861756, 40.083462], [-74.863422, 40.082635], [-74.865489, 40.082133], [-74.872258, 40.081163], [-74.877533, 40.079957], [-74.880374, 40.079023], [-74.885978, 40.07697], [-74.889685, 40.075834], [-74.90009, 40.07296], [-74.904549, 40.071536], [-74.909103, 40.070505]]]}}, {"type": "Feature", "properties": {"STATE": "PA", "PUMA": "03411", "name": "Chester County (North) PUMA", "in_city": null, "puma_fb_prop": 9.125318720998369, "fb_limited_prop": 8.816383200277683, "fb_median_wage": 53.711201923076935, "county": "Chester"}, "geometry": {"type": "Polygon", "coordinates": [[[-75.61333, 40.050536], [-75.628132, 40.045868], [-75.627832, 40.044926], [-75.631102, 40.044921], [-75.639776, 40.042161], [-75.642618, 40.04144], [-75.654505, 40.038151], [-75.66086, 40.035969], [-75.673653, 40.031918], [-75.695134, 40.029801], [-75.700929, 40.029137], [-75.701945, 40.029132], [-75.707805, 40.028346], [-75.70737, 40.029658], [-75.707609, 40.032366], [-75.708505, 40.034582], [-75.708132, 40.039275], [-75.707389, 40.039737], [-75.707421, 40.042671], [-75.70888, 40.043374], [-75.709896, 40.042752], [-75.71209, 40.043572], [-75.713473, 40.046507], [-75.714875, 40.047134], [-75.717626, 40.047891], [-75.718583, 40.048425], [-75.719185, 40.049511], [-75.72056, 40.050831], [-75.72276, 40.051039], [-75.724346, 40.052563], [-75.726137, 40.053001], [-75.728774, 40.051275], [-75.729413, 40.050615], [-75.731396, 40.049498], [-75.734637, 40.050654], [-75.737965, 40.051085], [-75.741318, 40.051217], [-75.742933, 40.051816], [-75.743698, 40.05161], [-75.744325, 40.052877], [-75.743617, 40.058557], [-75.744396, 40.059718], [-75.744241, 40.060482], [-75.741849, 40.061948], [-75.741337, 40.063043], [-75.74295, 40.065727], [-75.781387, 40.062661], [-75.790863, 40.061842], [-75.797662, 40.067211], [-75.801573, 40.07055], [-75.81126, 40.079325], [-75.818241, 40.080881], [-75.822542, 40.082071], [-75.833631, 40.073342], [-75.836971, 40.068227], [-75.844125, 40.056801], [-75.860468, 40.058056], [-75.868351, 40.058161], [-75.884859, 40.052911], [-75.916095, 40.04972], [-75.934332, 40.047566], [-75.936225, 40.065285], [-75.936135, 40.078585], [-75.94128, 40.100919], [-75.942997, 40.109266], [-75.912548, 40.120633], [-75.890457, 40.129531], [-75.877787, 40.135478], [-75.873173, 40.137181], [-75.866813, 40.14112], [-75.858488, 40.14675], [-75.854611, 40.149261], [-75.846516, 40.153798], [-75.835249, 40.160781], [-75.82098, 40.169716], [-75.796431, 40.184572], [-75.790271, 40.188349], [-75.784442, 40.191822], [-75.743178, 40.216721], [-75.729863, 40.224489], [-75.706569, 40.236776], [-75.696782, 40.241863], [-75.692511, 40.238942], [-75.690554, 40.236633], [-75.688526, 40.236193], [-75.685578, 40.236575], [-75.683126, 40.237944], [-75.67953, 40.240562], [-75.67667, 40.242293], [-75.671199, 40.244576], [-75.667161, 40.245124], [-75.664036, 40.2449], [-75.662393, 40.244171], [-75.660507, 40.242931], [-75.657595, 40.241393], [-75.655532, 40.241199], [-75.65275, 40.242001], [-75.651074, 40.242077], [-75.645344, 40.239579], [-75.643723, 40.238579], [-75.640254, 40.237054], [-75.634496, 40.235746], [-75.633796, 40.235169], [-75.630264, 40.234074], [-75.625998, 40.231986], [-75.624015, 40.231323], [-75.6209, 40.230699], [-75.618935, 40.22944], [-75.618151, 40.227891], [-75.616972, 40.22638], [-75.616278, 40.224911], [-75.614522, 40.223728], [-75.612373, 40.222997], [-75.610716, 40.223056], [-75.607416, 40.22397], [-75.604331, 40.225581], [-75.603173, 40.227006], [-75.603018, 40.228244], [-75.603703, 40.229549], [-75.606018, 40.231099], [-75.607468, 40.232773], [-75.607407, 40.235605], [-75.60589, 40.237051], [-75.604235, 40.237864], [-75.601356, 40.23805], [-75.599339, 40.237679], [-75.596674, 40.236575], [-75.595799, 40.235172], [-75.595463, 40.232571], [-75.594747, 40.230373], [-75.59326, 40.22771], [-75.592878, 40.225994], [-75.590228, 40.219697], [-75.5893, 40.218049], [-75.587757, 40.214449], [-75.586419, 40.212661], [-75.582064, 40.207908], [-75.581098, 40.206404], [-75.579735, 40.201821], [-75.57869, 40.200003], [-75.577189, 40.198357], [-75.573338, 40.195303], [-75.570352, 40.194117], [-75.56872, 40.19399], [-75.567015, 40.19428], [-75.564798, 40.195688], [-75.562878, 40.197361], [-75.562433, 40.198301], [-75.562235, 40.200562], [-75.562537, 40.202066], [-75.564299, 40.204873], [-75.564906, 40.206185], [-75.564967, 40.207536], [-75.563995, 40.209345], [-75.562351, 40.209972], [-75.561125, 40.209815], [-75.558474, 40.208555], [-75.557148, 40.207213], [-75.555299, 40.204108], [-75.554537, 40.202315], [-75.553391, 40.200354], [-75.552545, 40.19812], [-75.550333, 40.193429], [-75.549381, 40.190037], [-75.545364, 40.182592], [-75.542406, 40.17842], [-75.540986, 40.175951], [-75.539746, 40.175056], [-75.534425, 40.172363], [-75.530753, 40.170029], [-75.528941, 40.168396], [-75.527114, 40.162347], [-75.526615, 40.158562], [-75.526926, 40.156328], [-75.527776, 40.153107], [-75.527734, 40.151392], [-75.526838, 40.149552], [-75.53114, 40.145222], [-75.532113, 40.144044], [-75.540801, 40.135418], [-75.547244, 40.128567], [-75.564764, 40.110902], [-75.58277, 40.092469], [-75.591911, 40.082832], [-75.601119, 40.073506], [-75.607218, 40.067429], [-75.612061, 40.062456], [-75.615188, 40.059371], [-75.616469, 40.058334], [-75.618462, 40.056072], [-75.616324, 40.054757], [-75.61333, 40.050536]]]}}, {"type": "Feature", "properties": {"STATE": "PA", "PUMA": "03111", "name": "Montgomery County (Western Upper)--Pottstown Borough PUMA", "in_city": null, "puma_fb_prop": 8.73592225190276, "fb_limited_prop": 14.249565079867152, "fb_median_wage": 40.364230769230765, "county": "Montgomery"}, "geometry": {"type": "Polygon", "coordinates": [[[-75.696782, 40.241863], [-75.695949, 40.242365], [-75.688507, 40.251868], [-75.678955, 40.263778], [-75.671338, 40.273052], [-75.664552, 40.281069], [-75.660515, 40.286217], [-75.645237, 40.304955], [-75.634193, 40.318413], [-75.632407, 40.320807], [-75.629478, 40.324162], [-75.624893, 40.329773], [-75.623177, 40.33213], [-75.600288, 40.360165], [-75.594872, 40.366704], [-75.587837, 40.375054], [-75.571425, 40.395342], [-75.569274, 40.397892], [-75.550687, 40.388957], [-75.535982, 40.381736], [-75.545902, 40.370733], [-75.514775, 40.354034], [-75.511708, 40.352279], [-75.496842, 40.344359], [-75.490467, 40.350785], [-75.488209, 40.348862], [-75.487461, 40.347313], [-75.487888, 40.345398], [-75.488819, 40.343544], [-75.488743, 40.342789], [-75.48769, 40.342263], [-75.485935, 40.341935], [-75.48383, 40.342133], [-75.480641, 40.341873], [-75.479206, 40.341477], [-75.476737, 40.339966], [-75.474318, 40.339399], [-75.473986, 40.338108], [-75.474972, 40.338154], [-75.476634, 40.33706], [-75.479436, 40.337224], [-75.481644, 40.336316], [-75.482016, 40.334407], [-75.480931, 40.332531], [-75.480537, 40.330413], [-75.479405, 40.327991], [-75.478153, 40.32642], [-75.478466, 40.325334], [-75.480962, 40.324531], [-75.481519, 40.324049], [-75.480567, 40.322797], [-75.47951, 40.322243], [-75.477389, 40.32061], [-75.477577, 40.318852], [-75.477129, 40.317508], [-75.475827, 40.315145], [-75.474826, 40.314624], [-75.471854, 40.31441], [-75.477636, 40.309016], [-75.478397, 40.308601], [-75.481954, 40.305254], [-75.517425, 40.272753], [-75.519507, 40.271518], [-75.515996, 40.269568], [-75.479923, 40.249744], [-75.477951, 40.248547], [-75.470617, 40.244559], [-75.476838, 40.238066], [-75.490078, 40.224544], [-75.470273, 40.212836], [-75.470902, 40.212174], [-75.474953, 40.210208], [-75.475935, 40.209307], [-75.479519, 40.208003], [-75.485905, 40.204589], [-75.48544, 40.204124], [-75.489367, 40.202535], [-75.490835, 40.202514], [-75.495999, 40.197457], [-75.480627, 40.188432], [-75.460435, 40.176482], [-75.459014, 40.177844], [-75.451322, 40.173284], [-75.453036, 40.171954], [-75.458776, 40.171192], [-75.460952, 40.171097], [-75.462111, 40.170374], [-75.463029, 40.169168], [-75.463292, 40.167352], [-75.462066, 40.166351], [-75.456219, 40.165473], [-75.454941, 40.164562], [-75.455, 40.163595], [-75.456215, 40.160604], [-75.456017, 40.157406], [-75.456171, 40.155786], [-75.455765, 40.151794], [-75.454549, 40.150337], [-75.453476, 40.150059], [-75.450831, 40.149941], [-75.448653, 40.149589], [-75.447344, 40.149029], [-75.445595, 40.147598], [-75.444987, 40.146727], [-75.444188, 40.142261], [-75.442346, 40.137893], [-75.441876, 40.137142], [-75.442174, 40.135298], [-75.443303, 40.134184], [-75.444143, 40.132437], [-75.444545, 40.130633], [-75.444486, 40.12562], [-75.445263, 40.125002], [-75.446706, 40.122825], [-75.4484, 40.121431], [-75.451081, 40.120065], [-75.453397, 40.119347], [-75.457378, 40.119169], [-75.462633, 40.11958], [-75.461667, 40.120821], [-75.461138, 40.123936], [-75.461599, 40.124825], [-75.463509, 40.126149], [-75.465863, 40.127136], [-75.4678, 40.127682], [-75.470803, 40.128926], [-75.47245, 40.129298], [-75.475572, 40.12872], [-75.477563, 40.127838], [-75.481083, 40.126796], [-75.487806, 40.126164], [-75.489159, 40.125874], [-75.491882, 40.126067], [-75.493688, 40.126493], [-75.497036, 40.128033], [-75.500937, 40.130381], [-75.501611, 40.130495], [-75.505624, 40.132634], [-75.507245, 40.134043], [-75.508684, 40.136171], [-75.5097, 40.137059], [-75.510388, 40.138295], [-75.510824, 40.140041], [-75.510753, 40.141722], [-75.509982, 40.144289], [-75.508653, 40.146531], [-75.505415, 40.149126], [-75.503301, 40.151095], [-75.501429, 40.153619], [-75.500656, 40.155619], [-75.501076, 40.157436], [-75.502718, 40.159196], [-75.505545, 40.1601], [-75.508966, 40.160091], [-75.511363, 40.15934], [-75.513214, 40.158296], [-75.515669, 40.154863], [-75.517279, 40.15168], [-75.517757, 40.149744], [-75.518519, 40.148502], [-75.520447, 40.147244], [-75.522174, 40.147085], [-75.524324, 40.14772], [-75.525945, 40.148611], [-75.526838, 40.149552], [-75.527734, 40.151392], [-75.527776, 40.153107], [-75.526926, 40.156328], [-75.526615, 40.158562], [-75.527114, 40.162347], [-75.528941, 40.168396], [-75.530753, 40.170029], [-75.534425, 40.172363], [-75.539746, 40.175056], [-75.540986, 40.175951], [-75.542406, 40.17842], [-75.545364, 40.182592], [-75.549381, 40.190037], [-75.550333, 40.193429], [-75.552545, 40.19812], [-75.553391, 40.200354], [-75.554537, 40.202315], [-75.555299, 40.204108], [-75.557148, 40.207213], [-75.558474, 40.208555], [-75.561125, 40.209815], [-75.562351, 40.209972], [-75.563995, 40.209345], [-75.564967, 40.207536], [-75.564906, 40.206185], [-75.564299, 40.204873], [-75.562537, 40.202066], [-75.562235, 40.200562], [-75.562433, 40.198301], [-75.562878, 40.197361], [-75.564798, 40.195688], [-75.567015, 40.19428], [-75.56872, 40.19399], [-75.570352, 40.194117], [-75.573338, 40.195303], [-75.577189, 40.198357], [-75.57869, 40.200003], [-75.579735, 40.201821], [-75.581098, 40.206404], [-75.582064, 40.207908], [-75.586419, 40.212661], [-75.587757, 40.214449], [-75.5893, 40.218049], [-75.590228, 40.219697], [-75.592878, 40.225994], [-75.59326, 40.22771], [-75.594747, 40.230373], [-75.595463, 40.232571], [-75.595799, 40.235172], [-75.596674, 40.236575], [-75.599339, 40.237679], [-75.601356, 40.23805], [-75.604235, 40.237864], [-75.60589, 40.237051], [-75.607407, 40.235605], [-75.607468, 40.232773], [-75.606018, 40.231099], [-75.603703, 40.229549], [-75.603018, 40.228244], [-75.603173, 40.227006], [-75.604331, 40.225581], [-75.607416, 40.22397], [-75.610716, 40.223056], [-75.612373, 40.222997], [-75.614522, 40.223728], [-75.616278, 40.224911], [-75.616972, 40.22638], [-75.618151, 40.227891], [-75.618935, 40.22944], [-75.6209, 40.230699], [-75.624015, 40.231323], [-75.625998, 40.231986], [-75.630264, 40.234074], [-75.633796, 40.235169], [-75.634496, 40.235746], [-75.640254, 40.237054], [-75.643723, 40.238579], [-75.645344, 40.239579], [-75.651074, 40.242077], [-75.65275, 40.242001], [-75.655532, 40.241199], [-75.657595, 40.241393], [-75.660507, 40.242931], [-75.662393, 40.244171], [-75.664036, 40.2449], [-75.667161, 40.245124], [-75.671199, 40.244576], [-75.67667, 40.242293], [-75.67953, 40.240562], [-75.683126, 40.237944], [-75.685578, 40.236575], [-75.688526, 40.236193], [-75.690554, 40.236633], [-75.692511, 40.238942], [-75.696782, 40.241863]]]}}, {"type": "Feature", "properties": {"STATE": "PA", "PUMA": "03012", "name": "Bucks County (Northern Central) PUMA", "in_city": null, "puma_fb_prop": 9.843991836622882, "fb_limited_prop": 11.058230683090706, "fb_median_wage": 42.96896153846154, "county": "Bucks"}, "geometry": {"type": "Polygon", "coordinates": [[[-75.137782, 40.210886], [-75.152756, 40.220028], [-75.159776, 40.224133], [-75.167594, 40.228871], [-75.176185, 40.234302], [-75.187646, 40.241455], [-75.19768, 40.247648], [-75.213285, 40.256927], [-75.2392, 40.272112], [-75.25354, 40.280334], [-75.260332, 40.28437], [-75.26432, 40.286836], [-75.262615, 40.288121], [-75.25895, 40.291683], [-75.250223, 40.300411], [-75.241739, 40.308708], [-75.236341, 40.313707], [-75.235951, 40.31385], [-75.232295, 40.311463], [-75.208193, 40.334094], [-75.195816, 40.346123], [-75.187805, 40.353987], [-75.183023, 40.358554], [-75.181369, 40.359386], [-75.185888, 40.362158], [-75.188832, 40.363347], [-75.188177, 40.364272], [-75.182737, 40.369686], [-75.169221, 40.383021], [-75.162106, 40.38997], [-75.160064, 40.388972], [-75.156981, 40.392331], [-75.155436, 40.393484], [-75.154704, 40.393082], [-75.149313, 40.398282], [-75.150006, 40.400047], [-75.146597, 40.402275], [-75.140634, 40.407235], [-75.140464, 40.408053], [-75.135892, 40.412315], [-75.134624, 40.412658], [-75.135164, 40.414651], [-75.131861, 40.417983], [-75.116552, 40.433727], [-75.111187, 40.432679], [-75.109545, 40.432104], [-75.108366, 40.43267], [-75.107494, 40.434492], [-75.106292, 40.435221], [-75.103559, 40.43605], [-75.101329, 40.436487], [-75.099218, 40.436322], [-75.097378, 40.434978], [-75.096076, 40.434411], [-75.094983, 40.434679], [-75.094399, 40.435682], [-75.094718, 40.436777], [-75.096508, 40.438188], [-75.098204, 40.438671], [-75.099332, 40.439681], [-75.098753, 40.440534], [-75.097638, 40.440928], [-75.095833, 40.440662], [-75.094521, 40.439813], [-75.093045, 40.438266], [-75.091807, 40.437361], [-75.090572, 40.43756], [-75.088208, 40.440367], [-75.086337, 40.441538], [-75.08497, 40.441977], [-75.083049, 40.441708], [-75.081602, 40.439734], [-75.080285, 40.435841], [-75.07913, 40.434877], [-75.077008, 40.434788], [-75.075828, 40.434293], [-75.074765, 40.432402], [-75.073937, 40.429835], [-75.071989, 40.427314], [-75.067978, 40.424478], [-75.066562, 40.423128], [-75.063909, 40.422228], [-75.062788, 40.421553], [-75.060694, 40.421333], [-75.058575, 40.418193], [-75.057619, 40.417336], [-75.055888, 40.416471], [-75.0525, 40.415329], [-75.047276, 40.414338], [-75.045526, 40.413679], [-75.044202, 40.412784], [-75.042311, 40.410999], [-75.038334, 40.409034], [-75.035504, 40.407443], [-75.034907, 40.406393], [-75.031778, 40.404813], [-75.028633, 40.403971], [-75.025713, 40.403479], [-75.023028, 40.403693], [-75.0181, 40.404888], [-75.014506, 40.405908], [-75.012934, 40.406183], [-75.007443, 40.407597], [-75.004049, 40.407524], [-75.002349, 40.408311], [-75.000637, 40.409466], [-74.998111, 40.410295], [-74.99586, 40.410384], [-74.993869, 40.410132], [-74.991009, 40.409419], [-74.988413, 40.408494], [-74.986118, 40.406991], [-74.984238, 40.405291], [-74.983131, 40.404599], [-74.978062, 40.402292], [-74.973577, 40.400768], [-74.969422, 40.39964], [-74.967499, 40.398813], [-74.965632, 40.397324], [-74.964431, 40.395948], [-74.963067, 40.393346], [-74.961478, 40.388935], [-74.96041, 40.387021], [-74.958076, 40.383354], [-74.955785, 40.380028], [-74.954063, 40.376351], [-74.953338, 40.374284], [-74.9516, 40.370455], [-74.948901, 40.365055], [-74.947122, 40.360209], [-74.945828, 40.355072], [-74.945349, 40.352103], [-74.945356, 40.348768], [-74.944517, 40.345063], [-74.942843, 40.341506], [-74.939711, 40.338006], [-74.933111, 40.333106], [-74.926908, 40.329463], [-74.947192, 40.32561], [-74.981015, 40.319204], [-74.998864, 40.302276], [-75.003676, 40.297489], [-75.005763, 40.295565], [-75.014414, 40.28692], [-75.018491, 40.282729], [-75.019482, 40.281899], [-75.022767, 40.278083], [-75.023913, 40.276937], [-75.027738, 40.273664], [-75.032477, 40.268938], [-75.034554, 40.266748], [-75.039704, 40.261695], [-75.040852, 40.260754], [-75.044288, 40.263049], [-75.046051, 40.260255], [-75.04605, 40.25949], [-75.047108, 40.258813], [-75.048871, 40.257011], [-75.051281, 40.256604], [-75.053573, 40.255883], [-75.054808, 40.255837], [-75.056808, 40.256917], [-75.057279, 40.257548], [-75.05681, 40.25953], [-75.055929, 40.260476], [-75.055049, 40.263225], [-75.053229, 40.265973], [-75.053171, 40.26782], [-75.055172, 40.269126], [-75.058112, 40.268989], [-75.05917, 40.268223], [-75.060755, 40.265834], [-75.061048, 40.264438], [-75.061752, 40.262996], [-75.063752, 40.26277], [-75.065801, 40.263397], [-75.069518, 40.26628], [-75.072461, 40.269071], [-75.073608, 40.269498], [-75.072702, 40.270246], [-75.07422, 40.271127], [-75.074733, 40.272061], [-75.073393, 40.273407], [-75.078143, 40.276316], [-75.089055, 40.282745], [-75.095455, 40.276304], [-75.09575, 40.276708], [-75.098229, 40.27671], [-75.09931, 40.277057], [-75.101171, 40.277022], [-75.105518, 40.273865], [-75.107986, 40.272512], [-75.111808, 40.272238], [-75.113106, 40.271858], [-75.112059, 40.269671], [-75.116452, 40.265227], [-75.112133, 40.262702], [-75.117162, 40.25788], [-75.112466, 40.255026], [-75.122519, 40.244918], [-75.118287, 40.24214], [-75.110993, 40.23781], [-75.114659, 40.234167], [-75.126526, 40.222081], [-75.137782, 40.210886]]]}}, {"type": "Feature", "properties": {"STATE": "PA", "PUMA": "03014", "name": "Bucks County (Western Lower) PUMA", "in_city": null, "puma_fb_prop": 16.848410196959268, "fb_limited_prop": 19.68073631983893, "fb_median_wage": 26.775824175824177, "county": "Bucks"}, "geometry": {"type": "Polygon", "coordinates": [[[-74.887551, 40.224735], [-74.883698, 40.215972], [-74.880498, 40.20851], [-74.876712, 40.200011], [-74.874369, 40.200536], [-74.870926, 40.192694], [-74.86941, 40.192728], [-74.869344, 40.191558], [-74.869379, 40.183895], [-74.870121, 40.183802], [-74.869763, 40.180799], [-74.871189, 40.175836], [-74.871241, 40.174823], [-74.870801, 40.17197], [-74.868766, 40.165811], [-74.869787, 40.165724], [-74.870101, 40.164478], [-74.864538, 40.160055], [-74.860969, 40.15894], [-74.862069, 40.156796], [-74.855432, 40.154236], [-74.863364, 40.1488], [-74.877426, 40.139245], [-74.887807, 40.132134], [-74.892137, 40.132126], [-74.898155, 40.132297], [-74.89823, 40.131158], [-74.899737, 40.129573], [-74.901031, 40.127096], [-74.901151, 40.125339], [-74.902824, 40.11958], [-74.903553, 40.118675], [-74.904985, 40.117713], [-74.905339, 40.116094], [-74.904159, 40.113479], [-74.904401, 40.111187], [-74.903329, 40.108985], [-74.902438, 40.105774], [-74.90256, 40.104031], [-74.903936, 40.102015], [-74.90591, 40.099907], [-74.907762, 40.099174], [-74.910211, 40.098855], [-74.911705, 40.098169], [-74.912721, 40.097023], [-74.913022, 40.095097], [-74.914581, 40.090283], [-74.914953, 40.088604], [-74.914689, 40.087734], [-74.913444, 40.085804], [-74.910715, 40.084509], [-74.90967, 40.082679], [-74.908831, 40.076999], [-74.909103, 40.070505], [-74.911189, 40.070262], [-74.915241, 40.070441], [-74.9196, 40.071282], [-74.921898, 40.071446], [-74.924073, 40.071235], [-74.927308, 40.070544], [-74.930642, 40.069537], [-74.935042, 40.067836], [-74.938897, 40.066099], [-74.946836, 40.062315], [-74.953336, 40.058989], [-74.958126, 40.056643], [-74.966891, 40.052716], [-74.973981, 40.048595], [-74.977923, 40.052132], [-74.980028, 40.053637], [-74.982022, 40.053727], [-74.983487, 40.054448], [-74.98419, 40.055349], [-74.984893, 40.057287], [-74.9829, 40.058367], [-74.980378, 40.060349], [-74.980847, 40.06116], [-74.98114, 40.063368], [-74.981023, 40.064939], [-74.980878, 40.066028], [-74.979209, 40.067259], [-74.977634, 40.067589], [-74.976699, 40.069144], [-74.974909, 40.070229], [-74.974637, 40.070811], [-74.972445, 40.072235], [-74.972212, 40.073142], [-74.971062, 40.073731], [-74.971355, 40.075541], [-74.969855, 40.076383], [-74.966882, 40.076439], [-74.965924, 40.077281], [-74.963989, 40.077041], [-74.963145, 40.077326], [-74.961615, 40.079756], [-74.958841, 40.082503], [-74.958956, 40.083222], [-74.958156, 40.08425], [-74.958006, 40.086645], [-74.9576, 40.087094], [-74.95818, 40.088811], [-74.957899, 40.090571], [-74.956447, 40.092757], [-74.956306, 40.094037], [-74.955763, 40.094982], [-74.956164, 40.095745], [-74.957744, 40.096091], [-74.958488, 40.09681], [-74.95994, 40.09737], [-74.961342, 40.097496], [-74.9614, 40.099172], [-74.961858, 40.099693], [-74.961058, 40.101852], [-74.960886, 40.103104], [-74.963205, 40.105724], [-74.963491, 40.10674], [-74.965359, 40.108024], [-74.963714, 40.109458], [-74.963371, 40.110337], [-74.963657, 40.111309], [-74.96363, 40.113369], [-74.963129, 40.114978], [-74.96391, 40.117653], [-74.964991, 40.118635], [-74.968574, 40.117251], [-74.970119, 40.117201], [-74.972052, 40.11926], [-74.973219, 40.119891], [-74.97618, 40.120209], [-74.977854, 40.120043], [-74.978813, 40.119603], [-74.981947, 40.120245], [-74.982748, 40.120887], [-74.982213, 40.122057], [-74.982958, 40.123353], [-74.985076, 40.123874], [-74.986327, 40.123264], [-74.98725, 40.123302], [-74.988632, 40.124416], [-74.988713, 40.125685], [-74.990214, 40.126392], [-74.99242, 40.126194], [-74.993973, 40.127045], [-74.992324, 40.130879], [-74.993595, 40.132266], [-74.994187, 40.131516], [-74.997885, 40.127816], [-75.00853, 40.133992], [-75.015066, 40.137992], [-75.019195, 40.140512], [-75.029301, 40.146509], [-75.021417, 40.154091], [-75.016584, 40.159088], [-75.008999, 40.166612], [-75.007648, 40.167136], [-75.000127, 40.170965], [-74.998745, 40.171453], [-74.983829, 40.163231], [-74.976116, 40.167395], [-74.973694, 40.169437], [-74.967136, 40.174473], [-74.960101, 40.177683], [-74.956628, 40.178332], [-74.956943, 40.17956], [-74.955372, 40.179991], [-74.953636, 40.17961], [-74.951757, 40.178123], [-74.950407, 40.177897], [-74.947, 40.178931], [-74.938012, 40.18136], [-74.934311, 40.181943], [-74.931961, 40.182708], [-74.930668, 40.183518], [-74.928906, 40.183787], [-74.926027, 40.184776], [-74.922619, 40.18617], [-74.922647, 40.187094], [-74.925963, 40.189461], [-74.931338, 40.189352], [-74.932543, 40.18897], [-74.933952, 40.189015], [-74.940116, 40.192713], [-74.942021, 40.194226], [-74.942539, 40.195466], [-74.941739, 40.197578], [-74.941396, 40.201756], [-74.94093, 40.202849], [-74.940397, 40.207353], [-74.940631, 40.20902], [-74.942979, 40.210913], [-74.94441, 40.211453], [-74.94331, 40.214175], [-74.929343, 40.217636], [-74.927538, 40.218243], [-74.918659, 40.220502], [-74.915537, 40.221186], [-74.909683, 40.222016], [-74.902454, 40.22134], [-74.887551, 40.224735]]]}}, {"type": "Feature", "properties": {"STATE": "PA", "PUMA": "03115", "name": "Montgomery County (Northeastern Lower)--Willow Grove & Horsham PUMA", "in_city": null, "puma_fb_prop": 12.20045879654138, "fb_limited_prop": 19.341126461211477, "fb_median_wage": 35.82325480769231, "county": "Montgomery"}, "geometry": {"type": "Polygon", "coordinates": [[[-75.137782, 40.210886], [-75.126276, 40.203811], [-75.11503, 40.197146], [-75.110631, 40.194489], [-75.08548, 40.179699], [-75.078159, 40.175292], [-75.073359, 40.172269], [-75.068565, 40.169495], [-75.059812, 40.164575], [-75.048308, 40.157711], [-75.029301, 40.146509], [-75.019195, 40.140512], [-75.015066, 40.137992], [-75.016322, 40.136527], [-75.020571, 40.132274], [-75.025787, 40.128571], [-75.058342, 40.105892], [-75.072068, 40.11411], [-75.073884, 40.11536], [-75.077925, 40.117702], [-75.092989, 40.126964], [-75.103676, 40.133395], [-75.132968, 40.150864], [-75.142919, 40.141076], [-75.143962, 40.14041], [-75.144878, 40.139221], [-75.148468, 40.135672], [-75.150422, 40.134071], [-75.14984, 40.133667], [-75.151667, 40.131939], [-75.151095, 40.13162], [-75.161595, 40.120734], [-75.162342, 40.120414], [-75.164634, 40.118134], [-75.165509, 40.118538], [-75.167003, 40.118188], [-75.171088, 40.114122], [-75.171439, 40.113032], [-75.170178, 40.112383], [-75.170513, 40.111779], [-75.175085, 40.11476], [-75.177167, 40.115933], [-75.186806, 40.121839], [-75.189526, 40.123703], [-75.193723, 40.126107], [-75.196295, 40.127838], [-75.202228, 40.13175], [-75.203081, 40.132013], [-75.204035, 40.133039], [-75.212655, 40.138208], [-75.220421, 40.142695], [-75.222316, 40.143937], [-75.231102, 40.149293], [-75.233397, 40.150591], [-75.235459, 40.148156], [-75.247945, 40.135134], [-75.250427, 40.132469], [-75.260409, 40.122002], [-75.275292, 40.130255], [-75.285246, 40.135813], [-75.301816, 40.145255], [-75.314753, 40.152739], [-75.322282, 40.156962], [-75.326934, 40.159696], [-75.319, 40.167427], [-75.315528, 40.170939], [-75.295445, 40.190959], [-75.293214, 40.193145], [-75.279318, 40.185719], [-75.278225, 40.187226], [-75.27599, 40.188416], [-75.266387, 40.198116], [-75.25492, 40.209582], [-75.247528, 40.216362], [-75.245484, 40.218667], [-75.238918, 40.214662], [-75.226779, 40.207371], [-75.208865, 40.225839], [-75.205491, 40.223799], [-75.20231, 40.226876], [-75.192695, 40.23639], [-75.187646, 40.241455], [-75.176185, 40.234302], [-75.167594, 40.228871], [-75.159776, 40.224133], [-75.152756, 40.220028], [-75.137782, 40.210886]]]}}, {"type": "Feature", "properties": {"STATE": "PA", "PUMA": "03412", "name": "Chester County (West)--Phoenixville Borough PUMA", "in_city": null, "puma_fb_prop": 19.137702148201782, "fb_limited_prop": 10.264187085960572, "fb_median_wage": 42.431849519230774, "county": "Chester"}, "geometry": {"type": "Polygon", "coordinates": [[[-75.61333, 40.050536], [-75.616324, 40.054757], [-75.618462, 40.056072], [-75.616469, 40.058334], [-75.615188, 40.059371], [-75.612061, 40.062456], [-75.607218, 40.067429], [-75.601119, 40.073506], [-75.591911, 40.082832], [-75.58277, 40.092469], [-75.564764, 40.110902], [-75.547244, 40.128567], [-75.540801, 40.135418], [-75.532113, 40.144044], [-75.53114, 40.145222], [-75.526838, 40.149552], [-75.525945, 40.148611], [-75.524324, 40.14772], [-75.522174, 40.147085], [-75.520447, 40.147244], [-75.518519, 40.148502], [-75.517757, 40.149744], [-75.517279, 40.15168], [-75.515669, 40.154863], [-75.513214, 40.158296], [-75.511363, 40.15934], [-75.508966, 40.160091], [-75.505545, 40.1601], [-75.502718, 40.159196], [-75.501076, 40.157436], [-75.500656, 40.155619], [-75.501429, 40.153619], [-75.503301, 40.151095], [-75.505415, 40.149126], [-75.508653, 40.146531], [-75.509982, 40.144289], [-75.510753, 40.141722], [-75.510824, 40.140041], [-75.510388, 40.138295], [-75.5097, 40.137059], [-75.508684, 40.136171], [-75.507245, 40.134043], [-75.505624, 40.132634], [-75.501611, 40.130495], [-75.500937, 40.130381], [-75.497036, 40.128033], [-75.493688, 40.126493], [-75.491882, 40.126067], [-75.489159, 40.125874], [-75.487806, 40.126164], [-75.481083, 40.126796], [-75.477563, 40.127838], [-75.475572, 40.12872], [-75.47245, 40.129298], [-75.470803, 40.128926], [-75.4678, 40.127682], [-75.465863, 40.127136], [-75.463509, 40.126149], [-75.461599, 40.124825], [-75.461138, 40.123936], [-75.461667, 40.120821], [-75.462633, 40.11958], [-75.463228, 40.119215], [-75.46708, 40.117884], [-75.469409, 40.116664], [-75.470361, 40.115727], [-75.471361, 40.113231], [-75.471603, 40.111853], [-75.470509, 40.109475], [-75.468961, 40.107061], [-75.467858, 40.10608], [-75.463918, 40.103532], [-75.461729, 40.103035], [-75.46183, 40.101769], [-75.462637, 40.100247], [-75.462472, 40.098963], [-75.462926, 40.097253], [-75.461909, 40.096354], [-75.458755, 40.095295], [-75.457588, 40.095139], [-75.456666, 40.094453], [-75.456896, 40.091379], [-75.456659, 40.08857], [-75.456186, 40.087776], [-75.44868, 40.09086], [-75.446396, 40.091979], [-75.440721, 40.094322], [-75.437864, 40.089573], [-75.433689, 40.091419], [-75.420124, 40.097201], [-75.417296, 40.09362], [-75.417091, 40.092827], [-75.415085, 40.090364], [-75.414658, 40.089437], [-75.413223, 40.088051], [-75.409889, 40.083736], [-75.409557, 40.08305], [-75.407236, 40.080002], [-75.405647, 40.07856], [-75.398514, 40.068645], [-75.394539, 40.063267], [-75.392632, 40.060974], [-75.371388, 40.070346], [-75.366687, 40.072355], [-75.361066, 40.065543], [-75.362333, 40.064898], [-75.370488, 40.061325], [-75.374981, 40.059275], [-75.390838, 40.052272], [-75.402672, 40.047217], [-75.405171, 40.046053], [-75.414991, 40.041787], [-75.412199, 40.038091], [-75.404394, 40.027434], [-75.418133, 40.017863], [-75.4226, 40.014703], [-75.43375, 40.007188], [-75.448808, 39.996886], [-75.453771, 39.993589], [-75.452546, 39.993316], [-75.452009, 39.993801], [-75.450828, 39.993198], [-75.449952, 39.993899], [-75.447883, 39.993683], [-75.4431, 39.993708], [-75.442855, 39.992975], [-75.441731, 39.992125], [-75.439488, 39.993466], [-75.437692, 39.993894], [-75.436847, 39.992968], [-75.438363, 39.991936], [-75.438219, 39.990714], [-75.43563, 39.98883], [-75.436193, 39.986929], [-75.43561, 39.985627], [-75.436055, 39.984948], [-75.452431, 39.977342], [-75.461954, 39.972811], [-75.493743, 39.958195], [-75.502135, 39.954367], [-75.510673, 39.965582], [-75.516347, 39.972744], [-75.5083, 39.976376], [-75.51441, 39.984514], [-75.515297, 39.985374], [-75.523413, 39.995651], [-75.529306, 40.002879], [-75.530175, 40.003622], [-75.535605, 40.010293], [-75.537301, 40.01343], [-75.537863, 40.01567], [-75.538745, 40.017661], [-75.53957, 40.018869], [-75.539804, 40.022129], [-75.54185, 40.025447], [-75.543978, 40.029406], [-75.550645, 40.026468], [-75.558651, 40.023257], [-75.575232, 40.016386], [-75.587133, 40.033014], [-75.589387, 40.036115], [-75.588331, 40.036506], [-75.588757, 40.037263], [-75.60131, 40.054316], [-75.61333, 40.050536]]]}}, {"type": "Feature", "properties": {"STATE": "PA", "PUMA": "03414", "name": "Chester County (West Central)--Coatesville City PUMA", "in_city": null, "puma_fb_prop": 6.349686752822251, "fb_limited_prop": 18.660629170638703, "fb_median_wage": 30.273173076923076, "county": "Chester"}, "geometry": {"type": "Polygon", "coordinates": [[[-75.986914, 39.873499], [-75.986777, 39.874716], [-75.987928, 39.876582], [-75.988386, 39.878218], [-75.991088, 39.880389], [-75.991285, 39.881122], [-75.992347, 39.88216], [-75.991575, 39.882851], [-75.990583, 39.884585], [-75.991495, 39.88524], [-75.991258, 39.887591], [-75.989371, 39.890616], [-75.986823, 39.892192], [-75.986762, 39.89298], [-75.987749, 39.893584], [-75.989047, 39.895679], [-75.992135, 39.897921], [-75.993329, 39.898996], [-75.994388, 39.898257], [-75.995133, 39.898916], [-75.99455, 39.90254], [-75.995989, 39.903786], [-75.99613, 39.905151], [-75.996687, 39.906628], [-75.997516, 39.909891], [-75.997091, 39.910734], [-75.99552, 39.911356], [-75.996103, 39.914552], [-75.994896, 39.916585], [-75.995106, 39.91767], [-75.996423, 39.920028], [-75.997132, 39.922062], [-75.995827, 39.924595], [-75.996654, 39.925514], [-75.997303, 39.927009], [-75.997165, 39.928671], [-75.995249, 39.928129], [-75.993819, 39.926923], [-75.992597, 39.92657], [-75.991167, 39.927258], [-75.991924, 39.928576], [-75.991467, 39.929003], [-75.987363, 39.9298], [-75.986563, 39.930225], [-75.98566, 39.931808], [-75.984083, 39.931765], [-75.982311, 39.929516], [-75.98136, 39.929755], [-75.981583, 39.931771], [-75.980966, 39.933479], [-75.982152, 39.935619], [-75.984617, 39.937784], [-75.98569, 39.938216], [-75.9888, 39.940841], [-75.989354, 39.941985], [-75.989039, 39.943217], [-75.9896, 39.944706], [-75.991165, 39.944919], [-75.992241, 39.945672], [-75.991897, 39.947152], [-75.99104, 39.947576], [-75.992618, 39.95008], [-75.993695, 39.951037], [-75.994629, 39.952429], [-75.994143, 39.953703], [-75.993148, 39.954887], [-75.992014, 39.95555], [-75.990626, 39.957957], [-75.990394, 39.959294], [-75.988969, 39.960818], [-75.98865, 39.961613], [-75.986163, 39.963887], [-75.985984, 39.964543], [-75.986702, 39.96724], [-75.982504, 39.973327], [-75.967478, 39.994439], [-75.952986, 40.014271], [-75.945793, 40.024065], [-75.940253, 40.031464], [-75.93587, 40.037466], [-75.934332, 40.047566], [-75.916095, 40.04972], [-75.884859, 40.052911], [-75.868351, 40.058161], [-75.860468, 40.058056], [-75.844125, 40.056801], [-75.836971, 40.068227], [-75.833631, 40.073342], [-75.822542, 40.082071], [-75.818241, 40.080881], [-75.81126, 40.079325], [-75.801573, 40.07055], [-75.797662, 40.067211], [-75.790863, 40.061842], [-75.781387, 40.062661], [-75.74295, 40.065727], [-75.741337, 40.063043], [-75.741849, 40.061948], [-75.744241, 40.060482], [-75.744396, 40.059718], [-75.743617, 40.058557], [-75.744325, 40.052877], [-75.743698, 40.05161], [-75.742933, 40.051816], [-75.741318, 40.051217], [-75.737965, 40.051085], [-75.734637, 40.050654], [-75.731396, 40.049498], [-75.729413, 40.050615], [-75.728774, 40.051275], [-75.726137, 40.053001], [-75.724346, 40.052563], [-75.72276, 40.051039], [-75.72056, 40.050831], [-75.719185, 40.049511], [-75.718583, 40.048425], [-75.717626, 40.047891], [-75.714875, 40.047134], [-75.713473, 40.046507], [-75.71209, 40.043572], [-75.709896, 40.042752], [-75.70888, 40.043374], [-75.707421, 40.042671], [-75.707389, 40.039737], [-75.708132, 40.039275], [-75.708505, 40.034582], [-75.707609, 40.032366], [-75.70737, 40.029658], [-75.707805, 40.028346], [-75.707892, 40.027388], [-75.707318, 40.025707], [-75.706242, 40.024737], [-75.706011, 40.021548], [-75.707117, 40.019022], [-75.706926, 40.017751], [-75.705913, 40.016825], [-75.704112, 40.015848], [-75.704315, 40.014729], [-75.705834, 40.013371], [-75.718468, 40.012408], [-75.719432, 40.01046], [-75.717205, 40.009607], [-75.716557, 40.004319], [-75.719225, 40.003561], [-75.724555, 40.003101], [-75.725082, 40.002257], [-75.7269, 40.000994], [-75.727044, 39.998768], [-75.724024, 39.999126], [-75.723702, 39.996787], [-75.715524, 39.996969], [-75.715345, 39.995422], [-75.709137, 39.997116], [-75.706843, 39.996187], [-75.702848, 39.9952], [-75.699044, 39.994991], [-75.695289, 39.994627], [-75.694701, 39.994398], [-75.692673, 39.992555], [-75.691374, 39.990975], [-75.688586, 39.985915], [-75.687351, 39.981693], [-75.685786, 39.980239], [-75.684275, 39.97843], [-75.682689, 39.975675], [-75.681879, 39.974971], [-75.679606, 39.97371], [-75.6776, 39.971393], [-75.676128, 39.970881], [-75.674083, 39.969581], [-75.672289, 39.967752], [-75.670398, 39.968398], [-75.668973, 39.968406], [-75.666147, 39.967484], [-75.664718, 39.96728], [-75.655123, 39.954291], [-75.67149, 39.946904], [-75.676194, 39.944655], [-75.667857, 39.934435], [-75.669028, 39.933871], [-75.669864, 39.934204], [-75.673101, 39.934254], [-75.675135, 39.933455], [-75.676518, 39.934606], [-75.679901, 39.934135], [-75.679794, 39.931676], [-75.679236, 39.929945], [-75.679933, 39.928488], [-75.681941, 39.926518], [-75.684227, 39.925795], [-75.68489, 39.924181], [-75.686801, 39.923118], [-75.689947, 39.923534], [-75.690494, 39.922953], [-75.688353, 39.921276], [-75.689918, 39.920517], [-75.691114, 39.923854], [-75.694396, 39.93426], [-75.697431, 39.934708], [-75.707468, 39.936878], [-75.741026, 39.943876], [-75.775765, 39.950368], [-75.784427, 39.923459], [-75.78723, 39.917242], [-75.78764, 39.916068], [-75.798768, 39.918812], [-75.79875, 39.918955], [-75.807929, 39.924012], [-75.813826, 39.931868], [-75.821662, 39.930203], [-75.824044, 39.929501], [-75.824322, 39.931422], [-75.826391, 39.933444], [-75.827266, 39.933226], [-75.828946, 39.932128], [-75.829455, 39.932314], [-75.831587, 39.930439], [-75.833766, 39.93075], [-75.835751, 39.928371], [-75.835861, 39.927854], [-75.846804, 39.923526], [-75.846531, 39.922175], [-75.84388, 39.916194], [-75.841949, 39.909279], [-75.840734, 39.90735], [-75.841878, 39.905762], [-75.843014, 39.905354], [-75.843539, 39.904167], [-75.845375, 39.904163], [-75.846109, 39.902824], [-75.847224, 39.90266], [-75.848296, 39.901732], [-75.849858, 39.902371], [-75.852285, 39.904105], [-75.853363, 39.904289], [-75.855925, 39.905557], [-75.856249, 39.906189], [-75.85833, 39.906192], [-75.858534, 39.905023], [-75.859982, 39.904604], [-75.861623, 39.905093], [-75.861994, 39.904576], [-75.864544, 39.904915], [-75.866328, 39.904794], [-75.867209, 39.903601], [-75.868359, 39.903087], [-75.868346, 39.902444], [-75.869305, 39.901425], [-75.871221, 39.900756], [-75.871416, 39.898668], [-75.872331, 39.8982], [-75.872952, 39.89646], [-75.87396, 39.896191], [-75.874263, 39.8951], [-75.876585, 39.893068], [-75.876477, 39.892599], [-75.878835, 39.891377], [-75.88085, 39.891495], [-75.882422, 39.890729], [-75.882325, 39.889999], [-75.883798, 39.889056], [-75.884594, 39.889525], [-75.8868, 39.889482], [-75.88849, 39.890058], [-75.891038, 39.891741], [-75.892291, 39.891049], [-75.894523, 39.890712], [-75.895205, 39.890874], [-75.896353, 39.890168], [-75.898655, 39.889818], [-75.900418, 39.890389], [-75.901862, 39.889998], [-75.905744, 39.890468], [-75.906664, 39.888585], [-75.907395, 39.888316], [-75.908808, 39.886955], [-75.911004, 39.886172], [-75.911377, 39.885696], [-75.913257, 39.885595], [-75.914746, 39.886015], [-75.917161, 39.884138], [-75.919925, 39.883929], [-75.917964, 39.876472], [-75.915011, 39.864418], [-75.958056, 39.860491], [-75.965041, 39.859633], [-75.969711, 39.862551], [-75.979804, 39.869284], [-75.986914, 39.873499]]]}}, {"type": "Feature", "properties": {"STATE": "PA", "PUMA": "03113", "name": "Montgomery County (Northern Central)--Lansdale Borough PUMA", "in_city": null, "puma_fb_prop": 19.063890043250066, "fb_limited_prop": 15.033101889229776, "fb_median_wage": 31.428726153846156, "county": "Montgomery"}, "geometry": {"type": "Polygon", "coordinates": [[[-75.293214, 40.193145], [-75.298706, 40.196256], [-75.305175, 40.199793], [-75.309503, 40.202276], [-75.316788, 40.206322], [-75.318852, 40.20755], [-75.330051, 40.213766], [-75.343947, 40.22211], [-75.351273, 40.226444], [-75.355792, 40.229202], [-75.369466, 40.216865], [-75.371055, 40.217845], [-75.385776, 40.226369], [-75.383097, 40.229103], [-75.377199, 40.234453], [-75.374624, 40.236985], [-75.362578, 40.248427], [-75.35817, 40.252783], [-75.355244, 40.255529], [-75.349605, 40.261291], [-75.337428, 40.273503], [-75.335986, 40.273066], [-75.327535, 40.28131], [-75.317495, 40.290463], [-75.299774, 40.307835], [-75.294304, 40.304359], [-75.29126, 40.302658], [-75.278468, 40.295082], [-75.266809, 40.288335], [-75.26432, 40.286836], [-75.260332, 40.28437], [-75.25354, 40.280334], [-75.2392, 40.272112], [-75.213285, 40.256927], [-75.19768, 40.247648], [-75.187646, 40.241455], [-75.192695, 40.23639], [-75.20231, 40.226876], [-75.205491, 40.223799], [-75.208865, 40.225839], [-75.226779, 40.207371], [-75.238918, 40.214662], [-75.245484, 40.218667], [-75.247528, 40.216362], [-75.25492, 40.209582], [-75.266387, 40.198116], [-75.27599, 40.188416], [-75.278225, 40.187226], [-75.279318, 40.185719], [-75.293214, 40.193145]]]}}, {"type": "Feature", "properties": {"STATE": "PA", "PUMA": "03117", "name": "Montgomery County (Eastern Lower) PUMA", "in_city": null, "puma_fb_prop": 8.797676871589859, "fb_limited_prop": 14.27294398092968, "fb_median_wage": 31.7265625, "county": "Montgomery"}, "geometry": {"type": "Polygon", "coordinates": [[[-75.058342, 40.105892], [-75.069456, 40.094411], [-75.077805, 40.08577], [-75.081189, 40.084116], [-75.086861, 40.078625], [-75.093124, 40.072334], [-75.09384, 40.071829], [-75.096733, 40.068989], [-75.087425, 40.063599], [-75.091385, 40.059563], [-75.093644, 40.057429], [-75.094056, 40.056771], [-75.096711, 40.055109], [-75.100303, 40.053085], [-75.10627, 40.049548], [-75.108092, 40.047982], [-75.109431, 40.045874], [-75.110985, 40.046769], [-75.129021, 40.057091], [-75.135193, 40.061031], [-75.155834, 40.072733], [-75.161957, 40.07613], [-75.176438, 40.084649], [-75.188461, 40.07275], [-75.206711, 40.083214], [-75.209396, 40.084927], [-75.211868, 40.086086], [-75.213388, 40.087042], [-75.22361, 40.092907], [-75.232952, 40.083618], [-75.243133, 40.073628], [-75.252209, 40.065278], [-75.256094, 40.067123], [-75.252868, 40.070386], [-75.247391, 40.076104], [-75.247316, 40.076321], [-75.229543, 40.094562], [-75.227386, 40.096656], [-75.220152, 40.104204], [-75.207864, 40.116812], [-75.201825, 40.122709], [-75.199487, 40.124769], [-75.196295, 40.127838], [-75.193723, 40.126107], [-75.189526, 40.123703], [-75.186806, 40.121839], [-75.177167, 40.115933], [-75.175085, 40.11476], [-75.170513, 40.111779], [-75.170178, 40.112383], [-75.171439, 40.113032], [-75.171088, 40.114122], [-75.167003, 40.118188], [-75.165509, 40.118538], [-75.164634, 40.118134], [-75.162342, 40.120414], [-75.161595, 40.120734], [-75.151095, 40.13162], [-75.151667, 40.131939], [-75.14984, 40.133667], [-75.150422, 40.134071], [-75.148468, 40.135672], [-75.144878, 40.139221], [-75.143962, 40.14041], [-75.142919, 40.141076], [-75.132968, 40.150864], [-75.103676, 40.133395], [-75.092989, 40.126964], [-75.077925, 40.117702], [-75.073884, 40.11536], [-75.072068, 40.11411], [-75.058342, 40.105892]]]}}, {"type": "Feature", "properties": {"STATE": "PA", "PUMA": "03413", "name": "Chester County (East Central)--West Chester Borough PUMA", "in_city": null, "puma_fb_prop": 9.810622813718789, "fb_limited_prop": 8.414194621569171, "fb_median_wage": 42.464783653846155, "county": "Chester"}, "geometry": {"type": "MultiPolygon", "coordinates": [[[[-75.707805, 40.028346], [-75.701945, 40.029132], [-75.700929, 40.029137], [-75.695134, 40.029801], [-75.673653, 40.031918], [-75.66086, 40.035969], [-75.654505, 40.038151], [-75.642618, 40.04144], [-75.639776, 40.042161], [-75.631102, 40.044921], [-75.627832, 40.044926], [-75.628132, 40.045868], [-75.61333, 40.050536], [-75.60131, 40.054316], [-75.588757, 40.037263], [-75.588331, 40.036506], [-75.589387, 40.036115], [-75.587133, 40.033014], [-75.575232, 40.016386], [-75.558651, 40.023257], [-75.550645, 40.026468], [-75.543978, 40.029406], [-75.54185, 40.025447], [-75.539804, 40.022129], [-75.53957, 40.018869], [-75.538745, 40.017661], [-75.537863, 40.01567], [-75.537301, 40.01343], [-75.535605, 40.010293], [-75.530175, 40.003622], [-75.529306, 40.002879], [-75.523413, 39.995651], [-75.515297, 39.985374], [-75.51441, 39.984514], [-75.5083, 39.976376], [-75.516347, 39.972744], [-75.510673, 39.965582], [-75.502135, 39.954367], [-75.523816, 39.944124], [-75.519541, 39.938956], [-75.519686, 39.937722], [-75.518345, 39.936104], [-75.518963, 39.934302], [-75.520256, 39.933516], [-75.523959, 39.931798], [-75.524591, 39.931829], [-75.526171, 39.934987], [-75.530168, 39.933361], [-75.529626, 39.932458], [-75.530475, 39.932049], [-75.529482, 39.930636], [-75.523505, 39.923142], [-75.525832, 39.921816], [-75.527172, 39.92344], [-75.530238, 39.922123], [-75.536109, 39.929926], [-75.542734, 39.927181], [-75.541084, 39.925098], [-75.544395, 39.923401], [-75.544106, 39.920467], [-75.542494, 39.918417], [-75.550454, 39.914931], [-75.546416, 39.909731], [-75.555593, 39.905724], [-75.556106, 39.90534], [-75.558645, 39.90868], [-75.561308, 39.907429], [-75.559273, 39.904751], [-75.560288, 39.904294], [-75.559291, 39.902984], [-75.562539, 39.901638], [-75.573381, 39.896397], [-75.572419, 39.89474], [-75.572292, 39.893194], [-75.574253, 39.892153], [-75.571162, 39.888136], [-75.580414, 39.883746], [-75.582416, 39.885741], [-75.583695, 39.884779], [-75.58615, 39.884818], [-75.587192, 39.884207], [-75.584761, 39.880978], [-75.597914, 39.874464], [-75.598514, 39.87554], [-75.598431, 39.876633], [-75.599785, 39.877573], [-75.601548, 39.87811], [-75.602019, 39.879557], [-75.602799, 39.880436], [-75.607269, 39.883215], [-75.609931, 39.884561], [-75.609619, 39.885571], [-75.610378, 39.886849], [-75.612372, 39.887599], [-75.614419, 39.889319], [-75.616119, 39.890012], [-75.617272, 39.891165], [-75.61579, 39.892842], [-75.616037, 39.893513], [-75.622223, 39.896414], [-75.623801, 39.898709], [-75.6239, 39.899462], [-75.623275, 39.902522], [-75.623374, 39.904371], [-75.625157, 39.906057], [-75.626479, 39.908692], [-75.626665, 39.909822], [-75.62573, 39.912265], [-75.626297, 39.912824], [-75.628767, 39.913659], [-75.632027, 39.914459], [-75.63323, 39.914509], [-75.633609, 39.916686], [-75.634606, 39.917063], [-75.637645, 39.916936], [-75.639241, 39.917366], [-75.642783, 39.918953], [-75.644756, 39.919481], [-75.650384, 39.923183], [-75.65219, 39.923478], [-75.653497, 39.924218], [-75.657352, 39.924679], [-75.660056, 39.924812], [-75.667857, 39.934435], [-75.676194, 39.944655], [-75.67149, 39.946904], [-75.655123, 39.954291], [-75.664718, 39.96728], [-75.666147, 39.967484], [-75.668973, 39.968406], [-75.670398, 39.968398], [-75.672289, 39.967752], [-75.674083, 39.969581], [-75.676128, 39.970881], [-75.6776, 39.971393], [-75.679606, 39.97371], [-75.681879, 39.974971], [-75.682689, 39.975675], [-75.684275, 39.97843], [-75.685786, 39.980239], [-75.687351, 39.981693], [-75.688586, 39.985915], [-75.691374, 39.990975], [-75.692673, 39.992555], [-75.694701, 39.994398], [-75.695289, 39.994627], [-75.699044, 39.994991], [-75.702848, 39.9952], [-75.706843, 39.996187], [-75.709137, 39.997116], [-75.715345, 39.995422], [-75.715524, 39.996969], [-75.723702, 39.996787], [-75.724024, 39.999126], [-75.727044, 39.998768], [-75.7269, 40.000994], [-75.725082, 40.002257], [-75.724555, 40.003101], [-75.719225, 40.003561], [-75.716557, 40.004319], [-75.717205, 40.009607], [-75.719432, 40.01046], [-75.718468, 40.012408], [-75.705834, 40.013371], [-75.704315, 40.014729], [-75.704112, 40.015848], [-75.705913, 40.016825], [-75.706926, 40.017751], [-75.707117, 40.019022], [-75.706011, 40.021548], [-75.706242, 40.024737], [-75.707318, 40.025707], [-75.707892, 40.027388], [-75.707805, 40.028346]]], [[[-75.593099, 39.837723], [-75.59211, 39.838768], [-75.591291, 39.840445], [-75.58917, 39.843213], [-75.58713, 39.844303], [-75.586449, 39.844343], [-75.583825, 39.843022], [-75.582062, 39.841484], [-75.579926, 39.838862], [-75.588324, 39.838203], [-75.593099, 39.837723]]]]}}, {"type": "Feature", "properties": {"STATE": "PA", "PUMA": "03229", "name": "Philadelphia City (University-Southwest and Lower Southwest) PUMA", "in_city": null, "puma_fb_prop": 17.567549338333492, "fb_limited_prop": 16.882516188714153, "fb_median_wage": 18.798920673076925, "county": "Philadelphia"}, "geometry": {"type": "Polygon", "coordinates": [[[-75.183323, 39.964374], [-75.181679, 39.962099], [-75.179937, 39.960028], [-75.179126, 39.958004], [-75.180223, 39.954472], [-75.181663, 39.951509], [-75.183288, 39.949512], [-75.187231, 39.947176], [-75.18872, 39.946108], [-75.191495, 39.943153], [-75.193872, 39.9421], [-75.195944, 39.942392], [-75.19979, 39.943825], [-75.201315, 39.943977], [-75.203156, 39.943591], [-75.204149, 39.942991], [-75.205005, 39.941804], [-75.205578, 39.937111], [-75.206322, 39.934759], [-75.207479, 39.933522], [-75.208706, 39.931531], [-75.211253, 39.928519], [-75.212428, 39.92523], [-75.212057, 39.923562], [-75.21079, 39.922095], [-75.208526, 39.921033], [-75.203396, 39.921007], [-75.2017, 39.919834], [-75.20209, 39.918555], [-75.204148, 39.915073], [-75.206841, 39.911186], [-75.213906, 39.911072], [-75.216123, 39.909637], [-75.214927, 39.901616], [-75.211762, 39.897747], [-75.208124, 39.895675], [-75.205804, 39.894934], [-75.198744, 39.893114], [-75.195514, 39.89184], [-75.195236, 39.877365], [-75.197123, 39.875818], [-75.199857, 39.873222], [-75.204087, 39.871204], [-75.211463, 39.867004], [-75.216039, 39.871115], [-75.215722, 39.876087], [-75.21977, 39.875479], [-75.223763, 39.875858], [-75.229985, 39.876847], [-75.234122, 39.877181], [-75.23637, 39.876187], [-75.236932, 39.875116], [-75.23811, 39.874593], [-75.24047, 39.872381], [-75.241746, 39.872585], [-75.246734, 39.875068], [-75.248431, 39.876485], [-75.252257, 39.875937], [-75.262528, 39.876561], [-75.263467, 39.878226], [-75.263328, 39.879712], [-75.264928, 39.881112], [-75.264433, 39.882167], [-75.262302, 39.882333], [-75.262387, 39.883446], [-75.264103, 39.884106], [-75.264602, 39.884737], [-75.262844, 39.885682], [-75.264817, 39.886431], [-75.265153, 39.887142], [-75.264276, 39.888401], [-75.262692, 39.888343], [-75.262092, 39.889355], [-75.261743, 39.891774], [-75.259112, 39.892436], [-75.256662, 39.894848], [-75.257389, 39.895704], [-75.255095, 39.898666], [-75.255597, 39.899596], [-75.251288, 39.904403], [-75.253492, 39.905585], [-75.25248, 39.906633], [-75.250319, 39.907626], [-75.249901, 39.909268], [-75.251237, 39.91011], [-75.250401, 39.911042], [-75.248762, 39.911983], [-75.248212, 39.913077], [-75.247068, 39.913778], [-75.247715, 39.914837], [-75.246752, 39.916232], [-75.24694, 39.916871], [-75.247601, 39.919076], [-75.247356, 39.922437], [-75.246257, 39.923401], [-75.245725, 39.924823], [-75.244301, 39.926353], [-75.244596, 39.926858], [-75.243965, 39.928645], [-75.244274, 39.930486], [-75.242186, 39.933426], [-75.240944, 39.933649], [-75.238611, 39.93264], [-75.237407, 39.932648], [-75.236852, 39.933436], [-75.236404, 39.935318], [-75.234979, 39.936222], [-75.235002, 39.938127], [-75.236878, 39.938432], [-75.23957, 39.938039], [-75.240763, 39.938794], [-75.239411, 39.940608], [-75.240149, 39.942086], [-75.242953, 39.942253], [-75.246469, 39.942667], [-75.247028, 39.943414], [-75.240266, 39.945866], [-75.237271, 39.946463], [-75.231703, 39.947805], [-75.224946, 39.947744], [-75.223329, 39.948012], [-75.22092, 39.959505], [-75.214018, 39.958643], [-75.21306, 39.962577], [-75.210491, 39.962571], [-75.208976, 39.962311], [-75.20236, 39.962859], [-75.202235, 39.961643], [-75.200136, 39.961963], [-75.186437, 39.963481], [-75.183323, 39.964374]]]}}, {"type": "Feature", "properties": {"STATE": "NJ", "PUMA": "02202", "name": "Gloucester County (South & West)--Glassboro Borough PUMA", "in_city": null, "puma_fb_prop": 6.755502836316328, "fb_limited_prop": 14.73474612430664, "fb_median_wage": 34.597912087912086, "county": "Gloucester"}, "geometry": {"type": "Polygon", "coordinates": [[[-75.015747, 39.725967], [-75.015671, 39.726035], [-75.004153, 39.721127], [-75.000813, 39.720073], [-74.999319, 39.719915], [-74.99848, 39.719205], [-74.997834, 39.717259], [-74.994386, 39.71602], [-74.994479, 39.714164], [-74.994234, 39.711224], [-74.993438, 39.710052], [-74.989563, 39.708829], [-74.988946, 39.70776], [-74.987551, 39.706701], [-74.985126, 39.705764], [-74.983509, 39.705479], [-74.981639, 39.704654], [-74.980768, 39.704642], [-74.978611, 39.703462], [-74.976914, 39.703495], [-74.971803, 39.702239], [-74.969523, 39.702248], [-74.967891, 39.702923], [-74.965924, 39.702939], [-74.964383, 39.702621], [-74.961992, 39.703093], [-74.960998, 39.70268], [-74.95919, 39.703065], [-74.95727, 39.701602], [-74.95566, 39.700812], [-74.954284, 39.700498], [-74.953079, 39.699075], [-74.948842, 39.698327], [-74.947216, 39.698679], [-74.945454, 39.69807], [-74.943677, 39.698361], [-74.939461, 39.696352], [-74.93815, 39.695136], [-74.936524, 39.694932], [-74.934132, 39.693151], [-74.932902, 39.691275], [-74.930579, 39.690846], [-74.929968, 39.690335], [-74.930043, 39.688682], [-74.927058, 39.687378], [-74.927093, 39.684972], [-74.926232, 39.683989], [-74.924983, 39.683821], [-74.923485, 39.682773], [-74.921719, 39.680586], [-74.921491, 39.679443], [-74.918585, 39.679128], [-74.918563, 39.677791], [-74.917524, 39.67577], [-74.916712, 39.674746], [-74.916887, 39.673463], [-74.915168, 39.672077], [-74.914927, 39.670523], [-74.913847, 39.670375], [-74.913192, 39.669056], [-74.911509, 39.668325], [-74.911432, 39.667633], [-74.910198, 39.66708], [-74.910405, 39.666299], [-74.90886, 39.665302], [-74.909949, 39.663782], [-74.910071, 39.662939], [-74.908979, 39.660712], [-74.909287, 39.656958], [-74.908896, 39.656287], [-74.909156, 39.654218], [-74.910506, 39.653498], [-74.909965, 39.651952], [-74.909102, 39.651616], [-74.9085, 39.650679], [-74.908137, 39.649063], [-74.908632, 39.648362], [-74.908138, 39.646252], [-74.907162, 39.645679], [-74.907563, 39.644516], [-74.907261, 39.642527], [-74.906515, 39.641724], [-74.907442, 39.640749], [-74.905642, 39.639437], [-74.905225, 39.636283], [-74.904812, 39.635221], [-74.902542, 39.632775], [-74.902725, 39.631879], [-74.901926, 39.631138], [-74.900244, 39.630422], [-74.900236, 39.62975], [-74.897786, 39.62853], [-74.897271, 39.628595], [-74.896577, 39.627018], [-74.895556, 39.627015], [-74.89411, 39.625689], [-74.89235, 39.624863], [-74.892002, 39.623517], [-74.893249, 39.622092], [-74.892725, 39.620691], [-74.891873, 39.620065], [-74.892481, 39.619178], [-74.891389, 39.618474], [-74.890826, 39.617366], [-74.888839, 39.615988], [-74.887081, 39.615779], [-74.885731, 39.61505], [-74.88351, 39.613426], [-74.882597, 39.613105], [-74.882552, 39.612003], [-74.881256, 39.610826], [-74.879833, 39.610322], [-74.879733, 39.609533], [-74.878887, 39.608716], [-74.87726, 39.608352], [-74.985271, 39.514967], [-75.061854, 39.568746], [-75.077054, 39.579384], [-75.087081, 39.586835], [-75.096189, 39.593343], [-75.109926, 39.603318], [-75.129109, 39.616933], [-75.134027, 39.620387], [-75.156952, 39.636737], [-75.183147, 39.655122], [-75.194354, 39.662913], [-75.196099, 39.663129], [-75.196915, 39.663657], [-75.197242, 39.66466], [-75.199793, 39.666996], [-75.203759, 39.66543], [-75.204968, 39.665723], [-75.207581, 39.665285], [-75.208838, 39.664497], [-75.210484, 39.664027], [-75.212945, 39.664504], [-75.214848, 39.663324], [-75.216398, 39.663462], [-75.219373, 39.661822], [-75.222475, 39.662164], [-75.22393, 39.663077], [-75.22598, 39.662895], [-75.2262, 39.66243], [-75.22887, 39.661941], [-75.230826, 39.662288], [-75.233453, 39.66143], [-75.235128, 39.661707], [-75.236116, 39.662609], [-75.239242, 39.663214], [-75.240464, 39.663104], [-75.24271, 39.663942], [-75.245311, 39.664107], [-75.247474, 39.664486], [-75.248737, 39.665948], [-75.24985, 39.667801], [-75.250704, 39.66862], [-75.250304, 39.6697], [-75.251127, 39.670952], [-75.250063, 39.673245], [-75.25171, 39.674414], [-75.251226, 39.676608], [-75.253018, 39.677798], [-75.253278, 39.679026], [-75.255359, 39.678755], [-75.258542, 39.679676], [-75.259876, 39.681014], [-75.261969, 39.681716], [-75.264516, 39.681878], [-75.265773, 39.682226], [-75.267495, 39.681936], [-75.268468, 39.682263], [-75.270621, 39.682134], [-75.271352, 39.681628], [-75.27259, 39.681757], [-75.273822, 39.68074], [-75.276021, 39.680424], [-75.278214, 39.68113], [-75.279521, 39.680984], [-75.282146, 39.680064], [-75.284324, 39.679989], [-75.285999, 39.679588], [-75.286918, 39.680173], [-75.287775, 39.681496], [-75.291052, 39.682759], [-75.291471, 39.683774], [-75.292945, 39.6845], [-75.295145, 39.686154], [-75.297161, 39.685834], [-75.298276, 39.686845], [-75.300635, 39.687209], [-75.302159, 39.688404], [-75.3033, 39.687722], [-75.304622, 39.687882], [-75.306451, 39.689532], [-75.3073, 39.689605], [-75.310393, 39.68903], [-75.311714, 39.68781], [-75.3129, 39.688349], [-75.314769, 39.6885], [-75.313753, 39.690186], [-75.314806, 39.690365], [-75.316714, 39.691397], [-75.31797, 39.691053], [-75.321784, 39.69125], [-75.322996, 39.690692], [-75.323062, 39.689744], [-75.324376, 39.689451], [-75.32672, 39.690372], [-75.327055, 39.691639], [-75.326635, 39.694269], [-75.325549, 39.694684], [-75.326422, 39.696064], [-75.327422, 39.696615], [-75.330226, 39.696433], [-75.330903, 39.696779], [-75.330926, 39.698131], [-75.331451, 39.698591], [-75.334582, 39.699797], [-75.335285, 39.700378], [-75.335413, 39.701916], [-75.336834, 39.704291], [-75.338736, 39.704596], [-75.340297, 39.705213], [-75.34159, 39.704329], [-75.342877, 39.704997], [-75.343588, 39.705802], [-75.345304, 39.706131], [-75.347428, 39.707108], [-75.348118, 39.70919], [-75.349453, 39.710748], [-75.350252, 39.711247], [-75.352618, 39.711523], [-75.354042, 39.711973], [-75.355534, 39.711725], [-75.356404, 39.712017], [-75.357225, 39.712963], [-75.360616, 39.714023], [-75.360271, 39.715289], [-75.361228, 39.71659], [-75.362637, 39.715924], [-75.36397, 39.71688], [-75.365318, 39.716492], [-75.366151, 39.71775], [-75.367239, 39.717565], [-75.367307, 39.719229], [-75.366335, 39.720198], [-75.367264, 39.720787], [-75.367436, 39.722286], [-75.369293, 39.721985], [-75.369163, 39.723249], [-75.370445, 39.723177], [-75.372342, 39.724774], [-75.372951, 39.724028], [-75.375263, 39.725329], [-75.374971, 39.726398], [-75.376635, 39.726572], [-75.376743, 39.727791], [-75.375839, 39.729217], [-75.375795, 39.729966], [-75.377964, 39.730462], [-75.377541, 39.731701], [-75.37563, 39.73189], [-75.375013, 39.733023], [-75.375298, 39.734002], [-75.374102, 39.735374], [-75.374809, 39.737154], [-75.377, 39.738024], [-75.37735, 39.739055], [-75.376426, 39.73977], [-75.37765, 39.740363], [-75.377777, 39.740996], [-75.376699, 39.741723], [-75.377618, 39.743044], [-75.377623, 39.744009], [-75.378627, 39.74703], [-75.380468, 39.748272], [-75.381306, 39.748022], [-75.381165, 39.746795], [-75.381929, 39.74611], [-75.383211, 39.745797], [-75.383985, 39.746977], [-75.385847, 39.746969], [-75.387019, 39.748421], [-75.387259, 39.749505], [-75.386366, 39.750837], [-75.387858, 39.750621], [-75.387903, 39.751754], [-75.388875, 39.752384], [-75.390622, 39.75121], [-75.390673, 39.750075], [-75.391839, 39.750008], [-75.392687, 39.750644], [-75.392747, 39.751438], [-75.394662, 39.753117], [-75.394993, 39.754945], [-75.393903, 39.755694], [-75.39117, 39.755309], [-75.390108, 39.75618], [-75.390283, 39.757], [-75.391958, 39.757375], [-75.392749, 39.757975], [-75.392341, 39.758838], [-75.389965, 39.759659], [-75.389947, 39.76051], [-75.393078, 39.760468], [-75.396118, 39.76138], [-75.396946, 39.760802], [-75.396623, 39.759417], [-75.39782, 39.757473], [-75.399491, 39.758426], [-75.398983, 39.760806], [-75.399406, 39.76141], [-75.403204, 39.761253], [-75.404301, 39.761758], [-75.405959, 39.763484], [-75.4057, 39.764969], [-75.405016, 39.766363], [-75.404922, 39.769043], [-75.403278, 39.770037], [-75.40165, 39.767883], [-75.400232, 39.767827], [-75.397367, 39.769234], [-75.396846, 39.769747], [-75.395215, 39.772609], [-75.395372, 39.774205], [-75.396601, 39.774141], [-75.397928, 39.772945], [-75.399378, 39.772565], [-75.400394, 39.77297], [-75.400972, 39.775125], [-75.400859, 39.776274], [-75.400104, 39.777354], [-75.400519, 39.778979], [-75.401598, 39.780157], [-75.402324, 39.782469], [-75.404011, 39.782874], [-75.404772, 39.781635], [-75.405928, 39.781122], [-75.407584, 39.781126], [-75.408075, 39.78195], [-75.406727, 39.782968], [-75.406185, 39.784206], [-75.40719, 39.785249], [-75.407517, 39.78724], [-75.409172, 39.787749], [-75.411476, 39.785725], [-75.41351, 39.785011], [-75.417398, 39.785626], [-75.420792, 39.784631], [-75.424715, 39.783881], [-75.427953, 39.783705], [-75.428302, 39.784373], [-75.424164, 39.786072], [-75.423178, 39.786248], [-75.421683, 39.787303], [-75.419329, 39.789725], [-75.416804, 39.79069], [-75.4156, 39.791477], [-75.413018, 39.792357], [-75.411302, 39.793538], [-75.407687, 39.794088], [-75.404274, 39.795567], [-75.405489, 39.796368], [-75.415062, 39.801919], [-75.410192, 39.804237], [-75.409053, 39.80465], [-75.398417, 39.810467], [-75.395411, 39.812326], [-75.38319, 39.820284], [-75.382479, 39.820611], [-75.374885, 39.825606], [-75.37173, 39.827559], [-75.367866, 39.830442], [-75.354401, 39.839917], [-75.353532, 39.839902], [-75.348512, 39.842967], [-75.346315, 39.844159], [-75.342422, 39.845845], [-75.330432, 39.849013], [-75.323231, 39.849813], [-75.309674, 39.850178], [-75.308514, 39.849996], [-75.300122, 39.849248], [-75.293376, 39.848782], [-75.286907, 39.848843], [-75.284709, 39.848966], [-75.272202, 39.849076], [-75.256762, 39.851934], [-75.251505, 39.844527], [-75.24908, 39.84516], [-75.247129, 39.842453], [-75.247506, 39.841717], [-75.245378, 39.838738], [-75.246368, 39.834196], [-75.24761, 39.833927], [-75.249418, 39.834317], [-75.249772, 39.833377], [-75.252527, 39.83265], [-75.256122, 39.826206], [-75.254873, 39.826389], [-75.248162, 39.823908], [-75.236603, 39.819739], [-75.236057, 39.819657], [-75.233461, 39.82197], [-75.229954, 39.824282], [-75.227107, 39.825784], [-75.226224, 39.824505], [-75.226081, 39.823035], [-75.224965, 39.822675], [-75.224305, 39.821558], [-75.221435, 39.819922], [-75.220972, 39.818617], [-75.21962, 39.816885], [-75.220816, 39.815248], [-75.217667, 39.812945], [-75.215429, 39.813634], [-75.213502, 39.813617], [-75.211208, 39.812208], [-75.208719, 39.813549], [-75.209111, 39.81467], [-75.208509, 39.815216], [-75.20639, 39.815475], [-75.204446, 39.814279], [-75.202963, 39.811624], [-75.203173, 39.810628], [-75.202606, 39.809777], [-75.200595, 39.809461], [-75.200342, 39.808801], [-75.20094, 39.807861], [-75.200835, 39.806813], [-75.202296, 39.806302], [-75.201195, 39.805176], [-75.200461, 39.803694], [-75.199464, 39.804632], [-75.197469, 39.803532], [-75.196174, 39.803623], [-75.194421, 39.803153], [-75.193682, 39.802551], [-75.194619, 39.801669], [-75.193052, 39.801304], [-75.191545, 39.801632], [-75.190618, 39.801219], [-75.189859, 39.800189], [-75.185682, 39.798718], [-75.186045, 39.797843], [-75.18306, 39.79733], [-75.182271, 39.797988], [-75.181002, 39.798244], [-75.180732, 39.797449], [-75.179444, 39.797943], [-75.177624, 39.797564], [-75.176754, 39.796371], [-75.175061, 39.796274], [-75.174328, 39.795664], [-75.172047, 39.795021], [-75.169846, 39.795513], [-75.168356, 39.793847], [-75.167524, 39.793575], [-75.165075, 39.79421], [-75.163022, 39.794089], [-75.162831, 39.793374], [-75.161532, 39.791956], [-75.160302, 39.791744], [-75.160329, 39.789887], [-75.15927, 39.788671], [-75.156478, 39.787847], [-75.155266, 39.785982], [-75.15349, 39.786296], [-75.153368, 39.783394], [-75.152252, 39.782952], [-75.150864, 39.783375], [-75.150783, 39.782483], [-75.149619, 39.782343], [-75.148713, 39.781086], [-75.146716, 39.779353], [-75.145184, 39.779061], [-75.144515, 39.778453], [-75.144506, 39.777257], [-75.143732, 39.776559], [-75.141398, 39.776082], [-75.140251, 39.776295], [-75.138685, 39.775665], [-75.137281, 39.775732], [-75.137108, 39.773754], [-75.13511, 39.773168], [-75.133935, 39.771926], [-75.132266, 39.769347], [-75.129359, 39.76858], [-75.129472, 39.767743], [-75.12716, 39.767769], [-75.126391, 39.766887], [-75.124279, 39.765909], [-75.123199, 39.765716], [-75.121557, 39.766083], [-75.120226, 39.764835], [-75.117571, 39.764763], [-75.116939, 39.763928], [-75.116534, 39.762367], [-75.114592, 39.762143], [-75.113826, 39.761585], [-75.115733, 39.760057], [-75.116123, 39.758463], [-75.116963, 39.75817], [-75.117279, 39.755508], [-75.117741, 39.754034], [-75.119431, 39.752431], [-75.119413, 39.750765], [-75.120607, 39.749269], [-75.121411, 39.747712], [-75.12109, 39.746008], [-75.121395, 39.745193], [-75.120832, 39.743897], [-75.119315, 39.743215], [-75.117265, 39.741439], [-75.115427, 39.740323], [-75.114514, 39.73892], [-75.113469, 39.739269], [-75.113823, 39.73748], [-75.113287, 39.737312], [-75.112476, 39.733978], [-75.111313, 39.7324], [-75.109991, 39.731354], [-75.107096, 39.730287], [-75.105227, 39.729072], [-75.105353, 39.72808], [-75.104813, 39.7275], [-75.102069, 39.726428], [-75.10012, 39.724715], [-75.098505, 39.722706], [-75.098494, 39.721421], [-75.097005, 39.721286], [-75.096838, 39.720027], [-75.096096, 39.719294], [-75.096231, 39.717632], [-75.095744, 39.716757], [-75.094205, 39.716553], [-75.092566, 39.715809], [-75.091782, 39.714802], [-75.092217, 39.714188], [-75.092635, 39.71211], [-75.092698, 39.710435], [-75.091269, 39.709016], [-75.091664, 39.707601], [-75.069648, 39.709664], [-75.049542, 39.711598], [-75.031049, 39.713321], [-75.029655, 39.713349], [-75.015747, 39.725967]]]}}, {"type": "Feature", "properties": {"STATE": "NJ", "PUMA": "02201", "name": "Gloucester County (Northeast)--Woodbury City PUMA", "in_city": null, "puma_fb_prop": 6.587929489848708, "fb_limited_prop": 17.180616740088105, "fb_median_wage": 26.211066538461537, "county": "Gloucester"}, "geometry": {"type": "Polygon", "coordinates": [[[-75.015747, 39.725967], [-75.029655, 39.713349], [-75.031049, 39.713321], [-75.049542, 39.711598], [-75.069648, 39.709664], [-75.091664, 39.707601], [-75.091269, 39.709016], [-75.092698, 39.710435], [-75.092635, 39.71211], [-75.092217, 39.714188], [-75.091782, 39.714802], [-75.092566, 39.715809], [-75.094205, 39.716553], [-75.095744, 39.716757], [-75.096231, 39.717632], [-75.096096, 39.719294], [-75.096838, 39.720027], [-75.097005, 39.721286], [-75.098494, 39.721421], [-75.098505, 39.722706], [-75.10012, 39.724715], [-75.102069, 39.726428], [-75.104813, 39.7275], [-75.105353, 39.72808], [-75.105227, 39.729072], [-75.107096, 39.730287], [-75.109991, 39.731354], [-75.111313, 39.7324], [-75.112476, 39.733978], [-75.113287, 39.737312], [-75.113823, 39.73748], [-75.113469, 39.739269], [-75.114514, 39.73892], [-75.115427, 39.740323], [-75.117265, 39.741439], [-75.119315, 39.743215], [-75.120832, 39.743897], [-75.121395, 39.745193], [-75.12109, 39.746008], [-75.121411, 39.747712], [-75.120607, 39.749269], [-75.119413, 39.750765], [-75.119431, 39.752431], [-75.117741, 39.754034], [-75.117279, 39.755508], [-75.116963, 39.75817], [-75.116123, 39.758463], [-75.115733, 39.760057], [-75.113826, 39.761585], [-75.114592, 39.762143], [-75.116534, 39.762367], [-75.116939, 39.763928], [-75.117571, 39.764763], [-75.120226, 39.764835], [-75.121557, 39.766083], [-75.123199, 39.765716], [-75.124279, 39.765909], [-75.126391, 39.766887], [-75.12716, 39.767769], [-75.129472, 39.767743], [-75.129359, 39.76858], [-75.132266, 39.769347], [-75.133935, 39.771926], [-75.13511, 39.773168], [-75.137108, 39.773754], [-75.137281, 39.775732], [-75.138685, 39.775665], [-75.140251, 39.776295], [-75.141398, 39.776082], [-75.143732, 39.776559], [-75.144506, 39.777257], [-75.144515, 39.778453], [-75.145184, 39.779061], [-75.146716, 39.779353], [-75.148713, 39.781086], [-75.149619, 39.782343], [-75.150783, 39.782483], [-75.150864, 39.783375], [-75.152252, 39.782952], [-75.153368, 39.783394], [-75.15349, 39.786296], [-75.155266, 39.785982], [-75.156478, 39.787847], [-75.15927, 39.788671], [-75.160329, 39.789887], [-75.160302, 39.791744], [-75.161532, 39.791956], [-75.162831, 39.793374], [-75.163022, 39.794089], [-75.165075, 39.79421], [-75.167524, 39.793575], [-75.168356, 39.793847], [-75.169846, 39.795513], [-75.172047, 39.795021], [-75.174328, 39.795664], [-75.175061, 39.796274], [-75.176754, 39.796371], [-75.177624, 39.797564], [-75.179444, 39.797943], [-75.180732, 39.797449], [-75.181002, 39.798244], [-75.182271, 39.797988], [-75.18306, 39.79733], [-75.186045, 39.797843], [-75.185682, 39.798718], [-75.189859, 39.800189], [-75.190618, 39.801219], [-75.191545, 39.801632], [-75.193052, 39.801304], [-75.194619, 39.801669], [-75.193682, 39.802551], [-75.194421, 39.803153], [-75.196174, 39.803623], [-75.197469, 39.803532], [-75.199464, 39.804632], [-75.200461, 39.803694], [-75.201195, 39.805176], [-75.202296, 39.806302], [-75.200835, 39.806813], [-75.20094, 39.807861], [-75.200342, 39.808801], [-75.200595, 39.809461], [-75.202606, 39.809777], [-75.203173, 39.810628], [-75.202963, 39.811624], [-75.204446, 39.814279], [-75.20639, 39.815475], [-75.208509, 39.815216], [-75.209111, 39.81467], [-75.208719, 39.813549], [-75.211208, 39.812208], [-75.213502, 39.813617], [-75.215429, 39.813634], [-75.217667, 39.812945], [-75.220816, 39.815248], [-75.21962, 39.816885], [-75.220972, 39.818617], [-75.221435, 39.819922], [-75.224305, 39.821558], [-75.224965, 39.822675], [-75.226081, 39.823035], [-75.226224, 39.824505], [-75.227107, 39.825784], [-75.229954, 39.824282], [-75.233461, 39.82197], [-75.236057, 39.819657], [-75.236603, 39.819739], [-75.248162, 39.823908], [-75.254873, 39.826389], [-75.256122, 39.826206], [-75.252527, 39.83265], [-75.249772, 39.833377], [-75.249418, 39.834317], [-75.24761, 39.833927], [-75.246368, 39.834196], [-75.245378, 39.838738], [-75.247506, 39.841717], [-75.247129, 39.842453], [-75.24908, 39.84516], [-75.251505, 39.844527], [-75.256762, 39.851934], [-75.255951, 39.852157], [-75.246149, 39.853982], [-75.239723, 39.855474], [-75.234718, 39.856732], [-75.228634, 39.85856], [-75.221371, 39.861543], [-75.211463, 39.867004], [-75.204087, 39.871204], [-75.199857, 39.873222], [-75.197123, 39.875818], [-75.195236, 39.877365], [-75.192738, 39.879006], [-75.190099, 39.880348], [-75.187889, 39.881095], [-75.183956, 39.881885], [-75.180112, 39.882197], [-75.162872, 39.882649], [-75.156628, 39.883027], [-75.150653, 39.883504], [-75.147366, 39.883921], [-75.143746, 39.884998], [-75.139832, 39.888317], [-75.131752, 39.884192], [-75.12934, 39.883398], [-75.127483, 39.88148], [-75.127414, 39.880839], [-75.128342, 39.879706], [-75.131746, 39.878524], [-75.13139, 39.877341], [-75.125506, 39.874207], [-75.122547, 39.873951], [-75.120635, 39.87261], [-75.121377, 39.872126], [-75.12347, 39.872657], [-75.124402, 39.871787], [-75.122857, 39.870032], [-75.12248, 39.869155], [-75.121896, 39.866248], [-75.119599, 39.864298], [-75.118844, 39.862761], [-75.117237, 39.863205], [-75.118513, 39.866351], [-75.117465, 39.866852], [-75.115961, 39.865633], [-75.113522, 39.864401], [-75.112687, 39.862685], [-75.113301, 39.862172], [-75.114998, 39.861794], [-75.115064, 39.860598], [-75.114334, 39.859714], [-75.113055, 39.859355], [-75.10786, 39.859919], [-75.108099, 39.860723], [-75.109659, 39.861493], [-75.108789, 39.862561], [-75.106986, 39.863382], [-75.104761, 39.862732], [-75.104771, 39.861544], [-75.105622, 39.861159], [-75.105675, 39.860056], [-75.10504, 39.859345], [-75.105389, 39.857407], [-75.10465, 39.856555], [-75.102615, 39.856274], [-75.097883, 39.853485], [-75.095865, 39.852883], [-75.094122, 39.851948], [-75.093291, 39.850795], [-75.092609, 39.848923], [-75.091806, 39.848111], [-75.090025, 39.847649], [-75.089239, 39.846569], [-75.089721, 39.845685], [-75.088859, 39.844138], [-75.087476, 39.844729], [-75.085155, 39.844598], [-75.083845, 39.843045], [-75.083272, 39.841651], [-75.084002, 39.841037], [-75.083748, 39.840208], [-75.08549, 39.839467], [-75.087019, 39.838186], [-75.085872, 39.83706], [-75.084532, 39.836497], [-75.08493, 39.834701], [-75.083113, 39.833636], [-75.083097, 39.832114], [-75.084347, 39.832831], [-75.084942, 39.832242], [-75.086787, 39.831433], [-75.086238, 39.830727], [-75.084952, 39.830524], [-75.083886, 39.829113], [-75.082776, 39.827057], [-75.08524, 39.82551], [-75.085832, 39.82429], [-75.085457, 39.823043], [-75.087177, 39.822534], [-75.08856, 39.820451], [-75.087084, 39.819485], [-75.087555, 39.81848], [-75.086558, 39.816619], [-75.086546, 39.815707], [-75.088385, 39.815222], [-75.088494, 39.814039], [-75.086383, 39.813474], [-75.085059, 39.813556], [-75.085303, 39.812598], [-75.084327, 39.811173], [-75.082928, 39.810641], [-75.082992, 39.809687], [-75.081756, 39.80909], [-75.080528, 39.807831], [-75.081567, 39.806645], [-75.080436, 39.805792], [-75.078709, 39.805605], [-75.077338, 39.806336], [-75.077011, 39.805022], [-75.075422, 39.804953], [-75.073683, 39.803041], [-75.075048, 39.801395], [-75.076491, 39.798422], [-75.074979, 39.797374], [-75.074481, 39.79517], [-75.072916, 39.794788], [-75.070491, 39.793597], [-75.071797, 39.792762], [-75.073435, 39.792171], [-75.076738, 39.790056], [-75.078356, 39.791122], [-75.080832, 39.789814], [-75.081939, 39.79133], [-75.083638, 39.788603], [-75.085175, 39.785732], [-75.08707, 39.779576], [-75.080858, 39.780046], [-75.077986, 39.780864], [-75.074413, 39.773962], [-75.072486, 39.774315], [-75.072881, 39.775475], [-75.069696, 39.776103], [-75.071527, 39.778157], [-75.072003, 39.779785], [-75.065893, 39.782321], [-75.066629, 39.782811], [-75.064725, 39.784593], [-75.06274, 39.785425], [-75.062657, 39.784372], [-75.060614, 39.783942], [-75.060078, 39.783332], [-75.056517, 39.782409], [-75.054462, 39.782602], [-75.053529, 39.78017], [-75.050987, 39.780116], [-75.050429, 39.778945], [-75.049325, 39.778478], [-75.050285, 39.776434], [-75.049848, 39.774987], [-75.050081, 39.773879], [-75.049252, 39.772092], [-75.049357, 39.771335], [-75.048283, 39.771079], [-75.047186, 39.769372], [-75.045987, 39.769193], [-75.045766, 39.768197], [-75.044273, 39.766984], [-75.044367, 39.76609], [-75.043071, 39.763804], [-75.044397, 39.762147], [-75.04258, 39.760675], [-75.04068, 39.760927], [-75.039563, 39.760258], [-75.038733, 39.758629], [-75.03613, 39.757223], [-75.035304, 39.755858], [-75.035436, 39.755106], [-75.031061, 39.752178], [-75.030226, 39.750693], [-75.02882, 39.750365], [-75.028039, 39.749559], [-75.027113, 39.749667], [-75.025758, 39.748633], [-75.023393, 39.747411], [-75.022159, 39.746397], [-75.02115, 39.744759], [-75.021115, 39.744029], [-75.022509, 39.742964], [-75.02236, 39.741796], [-75.0228, 39.740065], [-75.020559, 39.73757], [-75.020108, 39.736533], [-75.020453, 39.735495], [-75.021714, 39.734051], [-75.021799, 39.733149], [-75.023184, 39.731372], [-75.024252, 39.730582], [-75.015747, 39.725967]]]}}, {"type": "Feature", "properties": {"STATE": "NJ", "PUMA": "02101", "name": "Camden County (North)--Camden & Gloucester Cities PUMA", "in_city": null, "puma_fb_prop": 19.0610242176298, "fb_limited_prop": 47.38559822234567, "fb_median_wage": 19.17300961538461, "county": "Camden"}, "geometry": {"type": "Polygon", "coordinates": [[[-75.094759, 39.901483], [-75.095983, 39.901399], [-75.096993, 39.900402], [-75.099412, 39.899282], [-75.101141, 39.898874], [-75.101649, 39.895351], [-75.103249, 39.89539], [-75.103688, 39.892542], [-75.100307, 39.892113], [-75.098355, 39.892453], [-75.097852, 39.891555], [-75.096282, 39.890336], [-75.098085, 39.881559], [-75.100914, 39.882475], [-75.103215, 39.878772], [-75.10828, 39.877967], [-75.108546, 39.878547], [-75.110702, 39.87989], [-75.113715, 39.882413], [-75.114707, 39.882667], [-75.116002, 39.883712], [-75.117347, 39.883177], [-75.119654, 39.88305], [-75.121805, 39.883772], [-75.123141, 39.883644], [-75.12542, 39.884364], [-75.126104, 39.883906], [-75.126374, 39.882408], [-75.127414, 39.880839], [-75.127483, 39.88148], [-75.12934, 39.883398], [-75.131752, 39.884192], [-75.139832, 39.888317], [-75.138527, 39.88889], [-75.137296, 39.889966], [-75.1354, 39.893057], [-75.134696, 39.894614], [-75.131363, 39.899138], [-75.130054, 39.90239], [-75.129634, 39.904826], [-75.128537, 39.909095], [-75.128253, 39.913164], [-75.129342, 39.9159], [-75.13035, 39.917404], [-75.134301, 39.925781], [-75.135527, 39.92916], [-75.136151, 39.932974], [-75.136268, 39.943282], [-75.135955, 39.946062], [-75.135239, 39.950677], [-75.133698, 39.95462], [-75.131777, 39.957319], [-75.130591, 39.958608], [-75.125421, 39.96196], [-75.123821, 39.962744], [-75.119491, 39.965372], [-75.114286, 39.967744], [-75.108089, 39.970332], [-75.102287, 39.972377], [-75.096372, 39.973981], [-75.090861, 39.974744], [-75.085831, 39.975102], [-75.0802, 39.97702], [-75.075605, 39.978041], [-75.071264, 39.980493], [-75.067069, 39.983483], [-75.064175, 39.986027], [-75.059913, 39.991529], [-75.055273, 39.991847], [-75.053035, 39.991809], [-75.051309, 39.991342], [-75.049419, 39.991261], [-75.048207, 39.992473], [-75.047893, 39.994084], [-75.045187, 39.994739], [-75.043594, 39.993301], [-75.042784, 39.993396], [-75.041197, 39.994887], [-75.038965, 39.994766], [-75.03727, 39.995861], [-75.036354, 39.996081], [-75.034167, 39.995468], [-75.032323, 39.993925], [-75.033073, 39.992456], [-75.032497, 39.991798], [-75.028394, 39.991944], [-75.028023, 39.993205], [-75.027353, 39.993589], [-75.026184, 39.992822], [-75.025313, 39.990978], [-75.023239, 39.990557], [-75.02203, 39.989993], [-75.02033, 39.990396], [-75.018387, 39.988954], [-75.018192, 39.986695], [-75.016178, 39.986024], [-75.014686, 39.985064], [-75.01454, 39.9838], [-75.0139, 39.982161], [-75.013836, 39.980311], [-75.010146, 39.979768], [-75.013503, 39.977673], [-75.014192, 39.976521], [-75.015417, 39.976513], [-75.015583, 39.975539], [-75.014796, 39.974901], [-75.016036, 39.973691], [-75.017028, 39.974775], [-75.017615, 39.973588], [-75.01599, 39.97259], [-75.016503, 39.971421], [-75.016197, 39.97014], [-75.017578, 39.969371], [-75.019866, 39.969361], [-75.020094, 39.968047], [-75.019253, 39.967434], [-75.018907, 39.967176], [-75.018649, 39.963735], [-75.017269, 39.963318], [-75.016662, 39.962301], [-75.016542, 39.960553], [-75.0176, 39.959375], [-75.016687, 39.959024], [-75.0152, 39.957811], [-75.013092, 39.956628], [-75.013331, 39.954201], [-75.026782, 39.952804], [-75.032522, 39.951131], [-75.032386, 39.950371], [-75.034468, 39.950553], [-75.037201, 39.949755], [-75.035513, 39.949196], [-75.035373, 39.948163], [-75.037749, 39.946757], [-75.040222, 39.946166], [-75.0412, 39.947112], [-75.044216, 39.947548], [-75.047395, 39.946809], [-75.065755, 39.925905], [-75.066099, 39.925847], [-75.06863, 39.925548], [-75.074311, 39.925595], [-75.077248, 39.925242], [-75.079195, 39.925336], [-75.08154, 39.926041], [-75.091774, 39.920874], [-75.091907, 39.917792], [-75.090037, 39.917092], [-75.090239, 39.914573], [-75.092026, 39.913406], [-75.095805, 39.913397], [-75.092494, 39.90959], [-75.096973, 39.908332], [-75.0974, 39.908036], [-75.096005, 39.904783], [-75.094759, 39.901483]]]}}, {"type": "Feature", "properties": {"STATE": "NJ", "PUMA": "02001", "name": "Burlington County (North)--Burlington City PUMA", "in_city": null, "puma_fb_prop": 13.90544647031323, "fb_limited_prop": 18.04617117117117, "fb_median_wage": 26.998830833333336, "county": "Burlington"}, "geometry": {"type": "Polygon", "coordinates": [[[-74.722048, 40.150311], [-74.721146, 40.150032], [-74.71847, 40.150029], [-74.717512, 40.150342], [-74.713873, 40.152653], [-74.713418, 40.153551], [-74.713492, 40.155177], [-74.71292, 40.156095], [-74.71101, 40.157142], [-74.709329, 40.15919], [-74.70689, 40.160849], [-74.706269, 40.161793], [-74.704177, 40.168479], [-74.704607, 40.16903], [-74.706448, 40.168543], [-74.708043, 40.166844], [-74.709769, 40.16656], [-74.710782, 40.168045], [-74.710275, 40.169314], [-74.708886, 40.170311], [-74.708423, 40.171846], [-74.708753, 40.172234], [-74.71086, 40.172847], [-74.71267, 40.174408], [-74.712542, 40.175569], [-74.711051, 40.176411], [-74.709736, 40.17875], [-74.711157, 40.179677], [-74.711072, 40.180709], [-74.708279, 40.181904], [-74.706143, 40.181859], [-74.702531, 40.182434], [-74.700757, 40.183598], [-74.69998, 40.183525], [-74.699029, 40.18231], [-74.696229, 40.182756], [-74.69468, 40.182199], [-74.694706, 40.181413], [-74.696521, 40.179292], [-74.696058, 40.178889], [-74.693361, 40.17946], [-74.692195, 40.179189], [-74.691874, 40.178191], [-74.690567, 40.17688], [-74.688926, 40.177335], [-74.686808, 40.17726], [-74.685658, 40.175297], [-74.684444, 40.175753], [-74.685205, 40.176597], [-74.684486, 40.177954], [-74.682712, 40.176543], [-74.68287, 40.175578], [-74.682072, 40.175182], [-74.681268, 40.176239], [-74.680497, 40.175909], [-74.680427, 40.174576], [-74.679261, 40.173591], [-74.676674, 40.173431], [-74.675623, 40.172668], [-74.674329, 40.170061], [-74.675527, 40.168359], [-74.67675, 40.16852], [-74.677311, 40.167279], [-74.680036, 40.168117], [-74.682109, 40.163551], [-74.682481, 40.154709], [-74.682472, 40.153339], [-74.681902, 40.147338], [-74.681291, 40.143678], [-74.682133, 40.141847], [-74.681259, 40.137777], [-74.679976, 40.136822], [-74.680062, 40.125466], [-74.682658, 40.124901], [-74.690456, 40.124403], [-74.694357, 40.122643], [-74.695979, 40.120715], [-74.700068, 40.117012], [-74.702634, 40.116037], [-74.704028, 40.116065], [-74.706534, 40.116521], [-74.709513, 40.115846], [-74.713387, 40.114481], [-74.720869, 40.113868], [-74.722874, 40.113188], [-74.723794, 40.11536], [-74.725228, 40.116222], [-74.726268, 40.116209], [-74.728884, 40.117541], [-74.729952, 40.118808], [-74.729951, 40.119801], [-74.731677, 40.120185], [-74.733985, 40.121633], [-74.734368, 40.122286], [-74.735735, 40.122476], [-74.737908, 40.123618], [-74.739548, 40.125707], [-74.740581, 40.125819], [-74.742194, 40.127106], [-74.743741, 40.126256], [-74.745057, 40.126148], [-74.747351, 40.123502], [-74.75, 40.122295], [-74.752987, 40.121714], [-74.756838, 40.121259], [-74.758813, 40.12121], [-74.76076, 40.121444], [-74.762306, 40.12192], [-74.76373, 40.11894], [-74.765956, 40.116473], [-74.7672, 40.115486], [-74.768167, 40.115255], [-74.769476, 40.114111], [-74.769646, 40.112656], [-74.768971, 40.111358], [-74.767751, 40.112092], [-74.766071, 40.111398], [-74.765576, 40.112291], [-74.763198, 40.11177], [-74.762892, 40.110436], [-74.763362, 40.109085], [-74.763078, 40.107284], [-74.76378, 40.105775], [-74.762698, 40.10379], [-74.760816, 40.103188], [-74.76, 40.101503], [-74.759202, 40.101046], [-74.756402, 40.100555], [-74.75752, 40.098146], [-74.755864, 40.097998], [-74.754955, 40.097476], [-74.755375, 40.096118], [-74.756648, 40.094932], [-74.75907, 40.094823], [-74.772141, 40.066798], [-74.773412, 40.064134], [-74.776251, 40.063465], [-74.776398, 40.064065], [-74.777977, 40.064295], [-74.779501, 40.066222], [-74.783307, 40.06607], [-74.784308, 40.064917], [-74.784685, 40.063676], [-74.783465, 40.06171], [-74.784784, 40.060706], [-74.785545, 40.060663], [-74.786225, 40.062305], [-74.787032, 40.063119], [-74.787281, 40.064091], [-74.788305, 40.064758], [-74.78877, 40.06587], [-74.790634, 40.066718], [-74.792907, 40.065745], [-74.793937, 40.064087], [-74.795912, 40.062977], [-74.796455, 40.061703], [-74.797609, 40.061687], [-74.798606, 40.06301], [-74.798585, 40.065212], [-74.800825, 40.068129], [-74.79936, 40.06995], [-74.798432, 40.071549], [-74.799852, 40.072969], [-74.800352, 40.07255], [-74.805885, 40.072013], [-74.808059, 40.07134], [-74.80823, 40.073344], [-74.809033, 40.073983], [-74.808833, 40.075775], [-74.810726, 40.07592], [-74.811597, 40.076589], [-74.812409, 40.076307], [-74.812833, 40.070633], [-74.813097, 40.068618], [-74.81272, 40.066414], [-74.809229, 40.066268], [-74.810066, 40.061996], [-74.812025, 40.061166], [-74.811643, 40.058917], [-74.80889, 40.050829], [-74.797369, 40.044137], [-74.798783, 40.04071], [-74.804304, 40.038325], [-74.821378, 40.036397], [-74.824616, 40.024729], [-74.829112, 40.025851], [-74.832595, 40.027597], [-74.8358, 40.028417], [-74.838329, 40.029702], [-74.839605, 40.029922], [-74.840807, 40.030638], [-74.844131, 40.03105], [-74.846193, 40.030762], [-74.847298, 40.031163], [-74.849323, 40.030676], [-74.850896, 40.03064], [-74.852072, 40.031348], [-74.853527, 40.031312], [-74.855813, 40.032018], [-74.858061, 40.0323], [-74.863843, 40.017887], [-74.862175, 40.017578], [-74.864618, 40.012029], [-74.866212, 40.012644], [-74.869636, 40.012991], [-74.869935, 40.012246], [-74.871154, 40.012626], [-74.872315, 40.009856], [-74.867825, 40.008684], [-74.870928, 40.001448], [-74.872424, 39.997706], [-74.873942, 39.998463], [-74.87707, 39.998291], [-74.882226, 40.000745], [-74.887309, 40.002605], [-74.887762, 40.003793], [-74.888303, 40.007348], [-74.889092, 40.007836], [-74.892195, 40.008698], [-74.895301, 40.009365], [-74.898369, 40.011917], [-74.904577, 40.013644], [-74.905922, 40.013022], [-74.906561, 40.011797], [-74.908008, 40.011358], [-74.909224, 40.010283], [-74.911723, 40.010431], [-74.962847, 39.990031], [-74.967241, 39.988248], [-74.97467, 39.985388], [-74.990571, 39.97902], [-75.019253, 39.967434], [-75.020094, 39.968047], [-75.019866, 39.969361], [-75.017578, 39.969371], [-75.016197, 39.97014], [-75.016503, 39.971421], [-75.01599, 39.97259], [-75.017615, 39.973588], [-75.017028, 39.974775], [-75.016036, 39.973691], [-75.014796, 39.974901], [-75.015583, 39.975539], [-75.015417, 39.976513], [-75.014192, 39.976521], [-75.013503, 39.977673], [-75.010146, 39.979768], [-75.013836, 39.980311], [-75.0139, 39.982161], [-75.01454, 39.9838], [-75.014686, 39.985064], [-75.016178, 39.986024], [-75.018192, 39.986695], [-75.018387, 39.988954], [-75.02033, 39.990396], [-75.02203, 39.989993], [-75.023239, 39.990557], [-75.025313, 39.990978], [-75.026184, 39.992822], [-75.027353, 39.993589], [-75.028023, 39.993205], [-75.028394, 39.991944], [-75.032497, 39.991798], [-75.033073, 39.992456], [-75.032323, 39.993925], [-75.034167, 39.995468], [-75.036354, 39.996081], [-75.03727, 39.995861], [-75.038965, 39.994766], [-75.041197, 39.994887], [-75.042784, 39.993396], [-75.043594, 39.993301], [-75.045187, 39.994739], [-75.047893, 39.994084], [-75.048207, 39.992473], [-75.049419, 39.991261], [-75.051309, 39.991342], [-75.053035, 39.991809], [-75.055273, 39.991847], [-75.059913, 39.991529], [-75.058502, 39.994801], [-75.058089, 39.997404], [-75.0567, 39.999331], [-75.053712, 40.004078], [-75.053405, 40.004568], [-75.049902, 40.007217], [-75.04709, 40.009941], [-75.044878, 40.011196], [-75.041267, 40.012714], [-75.034216, 40.015219], [-75.0275, 40.017079], [-75.024072, 40.017829], [-75.019645, 40.018436], [-75.016671, 40.019434], [-75.013237, 40.020303], [-75.010369, 40.022491], [-75.003853, 40.026996], [-75.000617, 40.0287], [-74.994093, 40.033413], [-74.990068, 40.036435], [-74.983185, 40.041404], [-74.980779, 40.043543], [-74.977846, 40.045372], [-74.973981, 40.048595], [-74.966891, 40.052716], [-74.958126, 40.056643], [-74.953336, 40.058989], [-74.946836, 40.062315], [-74.938897, 40.066099], [-74.935042, 40.067836], [-74.930642, 40.069537], [-74.927308, 40.070544], [-74.924073, 40.071235], [-74.921898, 40.071446], [-74.9196, 40.071282], [-74.915241, 40.070441], [-74.911189, 40.070262], [-74.909103, 40.070505], [-74.904549, 40.071536], [-74.90009, 40.07296], [-74.889685, 40.075834], [-74.885978, 40.07697], [-74.880374, 40.079023], [-74.877533, 40.079957], [-74.872258, 40.081163], [-74.865489, 40.082133], [-74.863422, 40.082635], [-74.861756, 40.083462], [-74.859721, 40.085311], [-74.857634, 40.090215], [-74.855859, 40.092186], [-74.853745, 40.093926], [-74.849904, 40.095606], [-74.847579, 40.096373], [-74.842215, 40.098502], [-74.840541, 40.099418], [-74.838168, 40.101055], [-74.835868, 40.103466], [-74.83467, 40.105401], [-74.834084, 40.107184], [-74.833103, 40.111972], [-74.830461, 40.117279], [-74.828646, 40.120497], [-74.826226, 40.124066], [-74.82377, 40.126189], [-74.822531, 40.126844], [-74.819499, 40.127614], [-74.815476, 40.127694], [-74.809448, 40.126067], [-74.803821, 40.124003], [-74.799421, 40.122703], [-74.788287, 40.120579], [-74.784842, 40.120388], [-74.781555, 40.121454], [-74.778743, 40.123143], [-74.774357, 40.12604], [-74.76909, 40.129187], [-74.762323, 40.132881], [-74.758028, 40.134332], [-74.756006, 40.134778], [-74.75313, 40.135033], [-74.749565, 40.134888], [-74.745797, 40.134401], [-74.743738, 40.134454], [-74.741184, 40.135165], [-74.740237, 40.135685], [-74.736143, 40.138577], [-74.731691, 40.141942], [-74.730863, 40.142169], [-74.727486, 40.144253], [-74.726122, 40.145444], [-74.724369, 40.146412], [-74.723223, 40.147902], [-74.722048, 40.150311]]]}}, {"type": "Feature", "properties": {"STATE": "NJ", "PUMA": "02103", "name": "Camden County (South & West)--Bellmawr & Pine Hill Boroughs PUMA", "in_city": null, "puma_fb_prop": 8.008542970749183, "fb_limited_prop": 16.938674579624134, "fb_median_wage": 31.7265625, "county": "Camden"}, "geometry": {"type": "Polygon", "coordinates": [[[-74.736216, 39.729775], [-74.820638, 39.657156], [-74.87726, 39.608352], [-74.878887, 39.608716], [-74.879733, 39.609533], [-74.879833, 39.610322], [-74.881256, 39.610826], [-74.882552, 39.612003], [-74.882597, 39.613105], [-74.88351, 39.613426], [-74.885731, 39.61505], [-74.887081, 39.615779], [-74.888839, 39.615988], [-74.890826, 39.617366], [-74.891389, 39.618474], [-74.892481, 39.619178], [-74.891873, 39.620065], [-74.892725, 39.620691], [-74.893249, 39.622092], [-74.892002, 39.623517], [-74.89235, 39.624863], [-74.89411, 39.625689], [-74.895556, 39.627015], [-74.896577, 39.627018], [-74.897271, 39.628595], [-74.897786, 39.62853], [-74.900236, 39.62975], [-74.900244, 39.630422], [-74.901926, 39.631138], [-74.902725, 39.631879], [-74.902542, 39.632775], [-74.904812, 39.635221], [-74.905225, 39.636283], [-74.905642, 39.639437], [-74.907442, 39.640749], [-74.906515, 39.641724], [-74.907261, 39.642527], [-74.907563, 39.644516], [-74.907162, 39.645679], [-74.908138, 39.646252], [-74.908632, 39.648362], [-74.908137, 39.649063], [-74.9085, 39.650679], [-74.909102, 39.651616], [-74.909965, 39.651952], [-74.910506, 39.653498], [-74.909156, 39.654218], [-74.908896, 39.656287], [-74.909287, 39.656958], [-74.908979, 39.660712], [-74.910071, 39.662939], [-74.909949, 39.663782], [-74.90886, 39.665302], [-74.910405, 39.666299], [-74.910198, 39.66708], [-74.911432, 39.667633], [-74.911509, 39.668325], [-74.913192, 39.669056], [-74.913847, 39.670375], [-74.914927, 39.670523], [-74.915168, 39.672077], [-74.916887, 39.673463], [-74.916712, 39.674746], [-74.917524, 39.67577], [-74.918563, 39.677791], [-74.918585, 39.679128], [-74.921491, 39.679443], [-74.921719, 39.680586], [-74.923485, 39.682773], [-74.924983, 39.683821], [-74.926232, 39.683989], [-74.927093, 39.684972], [-74.927058, 39.687378], [-74.930043, 39.688682], [-74.929968, 39.690335], [-74.930579, 39.690846], [-74.932902, 39.691275], [-74.934132, 39.693151], [-74.936524, 39.694932], [-74.93815, 39.695136], [-74.939461, 39.696352], [-74.943677, 39.698361], [-74.945454, 39.69807], [-74.947216, 39.698679], [-74.948842, 39.698327], [-74.953079, 39.699075], [-74.954284, 39.700498], [-74.95566, 39.700812], [-74.95727, 39.701602], [-74.95919, 39.703065], [-74.960998, 39.70268], [-74.961992, 39.703093], [-74.964383, 39.702621], [-74.965924, 39.702939], [-74.967891, 39.702923], [-74.969523, 39.702248], [-74.971803, 39.702239], [-74.976914, 39.703495], [-74.978611, 39.703462], [-74.980768, 39.704642], [-74.981639, 39.704654], [-74.983509, 39.705479], [-74.985126, 39.705764], [-74.987551, 39.706701], [-74.988946, 39.70776], [-74.989563, 39.708829], [-74.993438, 39.710052], [-74.994234, 39.711224], [-74.994479, 39.714164], [-74.994386, 39.71602], [-74.997834, 39.717259], [-74.99848, 39.719205], [-74.999319, 39.719915], [-75.000813, 39.720073], [-75.004153, 39.721127], [-75.015671, 39.726035], [-75.015747, 39.725967], [-75.024252, 39.730582], [-75.023184, 39.731372], [-75.021799, 39.733149], [-75.021714, 39.734051], [-75.020453, 39.735495], [-75.020108, 39.736533], [-75.020559, 39.73757], [-75.0228, 39.740065], [-75.02236, 39.741796], [-75.022509, 39.742964], [-75.021115, 39.744029], [-75.02115, 39.744759], [-75.022159, 39.746397], [-75.023393, 39.747411], [-75.025758, 39.748633], [-75.027113, 39.749667], [-75.028039, 39.749559], [-75.02882, 39.750365], [-75.030226, 39.750693], [-75.031061, 39.752178], [-75.035436, 39.755106], [-75.035304, 39.755858], [-75.03613, 39.757223], [-75.038733, 39.758629], [-75.039563, 39.760258], [-75.04068, 39.760927], [-75.04258, 39.760675], [-75.044397, 39.762147], [-75.043071, 39.763804], [-75.044367, 39.76609], [-75.044273, 39.766984], [-75.045766, 39.768197], [-75.045987, 39.769193], [-75.047186, 39.769372], [-75.048283, 39.771079], [-75.049357, 39.771335], [-75.049252, 39.772092], [-75.050081, 39.773879], [-75.049848, 39.774987], [-75.050285, 39.776434], [-75.049325, 39.778478], [-75.050429, 39.778945], [-75.050987, 39.780116], [-75.053529, 39.78017], [-75.054462, 39.782602], [-75.056517, 39.782409], [-75.060078, 39.783332], [-75.060614, 39.783942], [-75.062657, 39.784372], [-75.06274, 39.785425], [-75.064725, 39.784593], [-75.066629, 39.782811], [-75.065893, 39.782321], [-75.072003, 39.779785], [-75.071527, 39.778157], [-75.069696, 39.776103], [-75.072881, 39.775475], [-75.072486, 39.774315], [-75.074413, 39.773962], [-75.077986, 39.780864], [-75.080858, 39.780046], [-75.08707, 39.779576], [-75.085175, 39.785732], [-75.083638, 39.788603], [-75.081939, 39.79133], [-75.080832, 39.789814], [-75.078356, 39.791122], [-75.076738, 39.790056], [-75.073435, 39.792171], [-75.071797, 39.792762], [-75.070491, 39.793597], [-75.072916, 39.794788], [-75.074481, 39.79517], [-75.074979, 39.797374], [-75.076491, 39.798422], [-75.075048, 39.801395], [-75.073683, 39.803041], [-75.075422, 39.804953], [-75.077011, 39.805022], [-75.077338, 39.806336], [-75.078709, 39.805605], [-75.080436, 39.805792], [-75.081567, 39.806645], [-75.080528, 39.807831], [-75.081756, 39.80909], [-75.082992, 39.809687], [-75.082928, 39.810641], [-75.084327, 39.811173], [-75.085303, 39.812598], [-75.085059, 39.813556], [-75.086383, 39.813474], [-75.088494, 39.814039], [-75.088385, 39.815222], [-75.086546, 39.815707], [-75.086558, 39.816619], [-75.087555, 39.81848], [-75.087084, 39.819485], [-75.08856, 39.820451], [-75.087177, 39.822534], [-75.085457, 39.823043], [-75.085832, 39.82429], [-75.08524, 39.82551], [-75.082776, 39.827057], [-75.083886, 39.829113], [-75.084952, 39.830524], [-75.086238, 39.830727], [-75.086787, 39.831433], [-75.084942, 39.832242], [-75.084347, 39.832831], [-75.083097, 39.832114], [-75.083113, 39.833636], [-75.08493, 39.834701], [-75.084532, 39.836497], [-75.085872, 39.83706], [-75.087019, 39.838186], [-75.08549, 39.839467], [-75.083748, 39.840208], [-75.084002, 39.841037], [-75.083272, 39.841651], [-75.083845, 39.843045], [-75.085155, 39.844598], [-75.087476, 39.844729], [-75.088859, 39.844138], [-75.089721, 39.845685], [-75.089239, 39.846569], [-75.090025, 39.847649], [-75.091806, 39.848111], [-75.092609, 39.848923], [-75.093291, 39.850795], [-75.094122, 39.851948], [-75.095865, 39.852883], [-75.097883, 39.853485], [-75.102615, 39.856274], [-75.10465, 39.856555], [-75.105389, 39.857407], [-75.10504, 39.859345], [-75.105675, 39.860056], [-75.105622, 39.861159], [-75.104771, 39.861544], [-75.104761, 39.862732], [-75.106986, 39.863382], [-75.108789, 39.862561], [-75.109659, 39.861493], [-75.108099, 39.860723], [-75.10786, 39.859919], [-75.113055, 39.859355], [-75.114334, 39.859714], [-75.115064, 39.860598], [-75.114998, 39.861794], [-75.113301, 39.862172], [-75.112687, 39.862685], [-75.113522, 39.864401], [-75.115961, 39.865633], [-75.117465, 39.866852], [-75.118513, 39.866351], [-75.117237, 39.863205], [-75.118844, 39.862761], [-75.119599, 39.864298], [-75.121896, 39.866248], [-75.12248, 39.869155], [-75.122857, 39.870032], [-75.124402, 39.871787], [-75.12347, 39.872657], [-75.121377, 39.872126], [-75.120635, 39.87261], [-75.122547, 39.873951], [-75.125506, 39.874207], [-75.13139, 39.877341], [-75.131746, 39.878524], [-75.128342, 39.879706], [-75.127414, 39.880839], [-75.126374, 39.882408], [-75.126104, 39.883906], [-75.12542, 39.884364], [-75.123141, 39.883644], [-75.121805, 39.883772], [-75.119654, 39.88305], [-75.117347, 39.883177], [-75.116002, 39.883712], [-75.114707, 39.882667], [-75.113715, 39.882413], [-75.110702, 39.87989], [-75.108546, 39.878547], [-75.10828, 39.877967], [-75.103215, 39.878772], [-75.100914, 39.882475], [-75.098085, 39.881559], [-75.096282, 39.890336], [-75.097852, 39.891555], [-75.098355, 39.892453], [-75.100307, 39.892113], [-75.103688, 39.892542], [-75.103249, 39.89539], [-75.101649, 39.895351], [-75.101141, 39.898874], [-75.099412, 39.899282], [-75.096993, 39.900402], [-75.095983, 39.901399], [-75.094759, 39.901483], [-75.092093, 39.895574], [-75.089439, 39.889198], [-75.087941, 39.88874], [-75.08567, 39.887414], [-75.083943, 39.885828], [-75.082717, 39.884113], [-75.080721, 39.882786], [-75.079694, 39.881692], [-75.081785, 39.881561], [-75.082863, 39.880737], [-75.085494, 39.880072], [-75.082417, 39.873026], [-75.080473, 39.873218], [-75.079685, 39.872988], [-75.077301, 39.873169], [-75.076304, 39.87213], [-75.076518, 39.869954], [-75.074466, 39.869255], [-75.071118, 39.870151], [-75.069478, 39.870943], [-75.067826, 39.871316], [-75.067187, 39.871947], [-75.065727, 39.869966], [-75.065241, 39.870121], [-75.063212, 39.867295], [-75.060042, 39.863441], [-75.06372, 39.859996], [-75.059397, 39.854843], [-75.05779, 39.853853], [-75.049252, 39.858674], [-75.048424, 39.854199], [-75.049252, 39.852231], [-75.04923, 39.850653], [-75.041736, 39.852599], [-75.040176, 39.849042], [-75.039196, 39.849299], [-75.037446, 39.842543], [-75.029528, 39.841818], [-75.028258, 39.831788], [-75.029035, 39.831079], [-75.031081, 39.83097], [-75.033597, 39.831464], [-75.034896, 39.831104], [-75.037534, 39.831056], [-75.038412, 39.829944], [-75.038074, 39.829217], [-75.035204, 39.829888], [-75.033077, 39.828161], [-75.031542, 39.827261], [-75.031451, 39.826625], [-75.02976, 39.825308], [-75.030485, 39.824611], [-75.029574, 39.823996], [-75.029127, 39.822423], [-75.027804, 39.821082], [-75.027069, 39.818701], [-75.025184, 39.817684], [-75.023691, 39.80423], [-75.000242, 39.805402], [-75.000217, 39.796186], [-74.99559, 39.796859], [-74.99586, 39.795899], [-74.98881, 39.79462], [-74.988333, 39.796175], [-74.988451, 39.796973], [-74.985119, 39.797483], [-74.983996, 39.798573], [-74.979581, 39.795897], [-74.974376, 39.793359], [-74.970988, 39.798339], [-74.970211, 39.800498], [-74.966126, 39.799741], [-74.957651, 39.809363], [-74.953808, 39.813892], [-74.957138, 39.816851], [-74.945551, 39.814638], [-74.943662, 39.815296], [-74.928674, 39.821425], [-74.915545, 39.813741], [-74.908307, 39.809738], [-74.905542, 39.801055], [-74.902963, 39.791108], [-74.899563, 39.790199], [-74.898633, 39.789693], [-74.898321, 39.78781], [-74.896104, 39.785709], [-74.896031, 39.784588], [-74.894822, 39.783312], [-74.893343, 39.783046], [-74.889814, 39.781982], [-74.887041, 39.781746], [-74.881666, 39.78206], [-74.87875, 39.781576], [-74.876108, 39.781473], [-74.874087, 39.782474], [-74.870305, 39.783633], [-74.869482, 39.784334], [-74.867953, 39.784766], [-74.866783, 39.78473], [-74.863925, 39.785586], [-74.859961, 39.785921], [-74.857907, 39.786592], [-74.85644, 39.786676], [-74.855344, 39.787346], [-74.853228, 39.78731], [-74.851449, 39.788602], [-74.85044, 39.788818], [-74.847917, 39.788596], [-74.847076, 39.789172], [-74.843208, 39.789919], [-74.841045, 39.789669], [-74.839116, 39.78916], [-74.837067, 39.789585], [-74.835295, 39.788957], [-74.832973, 39.789169], [-74.830539, 39.788625], [-74.828895, 39.788742], [-74.827714, 39.789202], [-74.825179, 39.788533], [-74.82271, 39.78818], [-74.819419, 39.788001], [-74.818879, 39.78673], [-74.817983, 39.786022], [-74.814506, 39.785507], [-74.81043, 39.784822], [-74.808594, 39.783902], [-74.807635, 39.783804], [-74.8061, 39.783013], [-74.804185, 39.781095], [-74.802416, 39.780323], [-74.801134, 39.778874], [-74.798817, 39.777439], [-74.799018, 39.776392], [-74.798148, 39.775721], [-74.79676, 39.775713], [-74.795499, 39.7747], [-74.79532, 39.773609], [-74.792875, 39.77262], [-74.790724, 39.771303], [-74.790698, 39.770603], [-74.789055, 39.769308], [-74.78792, 39.7669], [-74.786738, 39.765974], [-74.785294, 39.765757], [-74.784916, 39.764527], [-74.783531, 39.763594], [-74.78376, 39.762451], [-74.782403, 39.761377], [-74.782508, 39.760037], [-74.781454, 39.759396], [-74.781204, 39.758587], [-74.778323, 39.757856], [-74.776937, 39.75779], [-74.774991, 39.756401], [-74.77503, 39.754312], [-74.773723, 39.75351], [-74.77382, 39.752384], [-74.773, 39.75111], [-74.77209, 39.750436], [-74.768307, 39.749558], [-74.768003, 39.748177], [-74.766617, 39.747247], [-74.766385, 39.746562], [-74.763937, 39.74548], [-74.760241, 39.743585], [-74.759664, 39.742418], [-74.758633, 39.742675], [-74.75857, 39.743537], [-74.757354, 39.743433], [-74.756634, 39.742172], [-74.75578, 39.742207], [-74.736216, 39.729775]]]}}, {"type": "Feature", "properties": {"STATE": "NJ", "PUMA": "02003", "name": "Burlington County (South & East) PUMA", "in_city": null, "puma_fb_prop": 8.738177900155634, "fb_limited_prop": 10.316915900672246, "fb_median_wage": 35.31870192307692, "county": "Burlington"}, "geometry": {"type": "Polygon", "coordinates": [[[-74.736216, 39.729775], [-74.75578, 39.742207], [-74.756634, 39.742172], [-74.757354, 39.743433], [-74.75857, 39.743537], [-74.758633, 39.742675], [-74.759664, 39.742418], [-74.760241, 39.743585], [-74.763937, 39.74548], [-74.766385, 39.746562], [-74.766617, 39.747247], [-74.768003, 39.748177], [-74.768307, 39.749558], [-74.77209, 39.750436], [-74.773, 39.75111], [-74.77382, 39.752384], [-74.773723, 39.75351], [-74.77503, 39.754312], [-74.774991, 39.756401], [-74.776937, 39.75779], [-74.778323, 39.757856], [-74.781204, 39.758587], [-74.781454, 39.759396], [-74.782508, 39.760037], [-74.782403, 39.761377], [-74.78376, 39.762451], [-74.783531, 39.763594], [-74.784916, 39.764527], [-74.785294, 39.765757], [-74.786738, 39.765974], [-74.78792, 39.7669], [-74.789055, 39.769308], [-74.790698, 39.770603], [-74.790724, 39.771303], [-74.792875, 39.77262], [-74.79532, 39.773609], [-74.795499, 39.7747], [-74.79676, 39.775713], [-74.798148, 39.775721], [-74.799018, 39.776392], [-74.798817, 39.777439], [-74.801134, 39.778874], [-74.802416, 39.780323], [-74.804185, 39.781095], [-74.8061, 39.783013], [-74.807635, 39.783804], [-74.808594, 39.783902], [-74.81043, 39.784822], [-74.814506, 39.785507], [-74.799002, 39.824838], [-74.79901, 39.825988], [-74.797046, 39.826335], [-74.794235, 39.826456], [-74.791381, 39.827238], [-74.79176, 39.828511], [-74.754923, 39.842938], [-74.759533, 39.849587], [-74.766525, 39.860001], [-74.768329, 39.862234], [-74.7854, 39.887873], [-74.786379, 39.889301], [-74.788367, 39.890249], [-74.788753, 39.891228], [-74.789269, 39.894386], [-74.788605, 39.895334], [-74.788742, 39.897048], [-74.787419, 39.899933], [-74.78668, 39.900073], [-74.784989, 39.902152], [-74.787599, 39.904914], [-74.787462, 39.905849], [-74.789395, 39.906711], [-74.789648, 39.907949], [-74.791249, 39.9106], [-74.790745, 39.911008], [-74.791248, 39.913383], [-74.79034, 39.915279], [-74.789093, 39.916118], [-74.788364, 39.917229], [-74.788454, 39.918347], [-74.787861, 39.920329], [-74.788756, 39.920622], [-74.78878, 39.921856], [-74.788055, 39.922843], [-74.787801, 39.924008], [-74.786123, 39.923845], [-74.783742, 39.925719], [-74.782405, 39.927387], [-74.782242, 39.928143], [-74.783621, 39.929578], [-74.785117, 39.929782], [-74.785688, 39.932509], [-74.78694, 39.932873], [-74.787989, 39.932488], [-74.788671, 39.933409], [-74.790428, 39.933908], [-74.791331, 39.934706], [-74.79159, 39.935876], [-74.862455, 39.931153], [-74.862526, 39.940315], [-74.86242, 39.96239], [-74.860783, 39.965189], [-74.859135, 39.965681], [-74.859222, 39.968004], [-74.857859, 39.969177], [-74.857695, 39.970841], [-74.857037, 39.971968], [-74.857472, 39.973741], [-74.858653, 39.974188], [-74.859892, 39.975758], [-74.859486, 39.976756], [-74.85839, 39.977606], [-74.857506, 39.979294], [-74.856606, 39.979885], [-74.856097, 39.981051], [-74.854222, 39.98113], [-74.851655, 39.982654], [-74.851407, 39.983309], [-74.851854, 39.984523], [-74.851756, 39.986479], [-74.85237, 39.988632], [-74.849351, 39.990061], [-74.848577, 39.990732], [-74.848765, 39.991943], [-74.85319, 39.992487], [-74.85426, 39.994436], [-74.85879, 39.994604], [-74.859865, 39.996008], [-74.86095, 39.996481], [-74.863186, 39.99609], [-74.865027, 39.996251], [-74.868004, 39.996078], [-74.872424, 39.997706], [-74.870928, 40.001448], [-74.867825, 40.008684], [-74.872315, 40.009856], [-74.871154, 40.012626], [-74.869935, 40.012246], [-74.869636, 40.012991], [-74.866212, 40.012644], [-74.864618, 40.012029], [-74.862175, 40.017578], [-74.863843, 40.017887], [-74.858061, 40.0323], [-74.855813, 40.032018], [-74.853527, 40.031312], [-74.852072, 40.031348], [-74.850896, 40.03064], [-74.849323, 40.030676], [-74.847298, 40.031163], [-74.846193, 40.030762], [-74.844131, 40.03105], [-74.840807, 40.030638], [-74.839605, 40.029922], [-74.838329, 40.029702], [-74.8358, 40.028417], [-74.832595, 40.027597], [-74.829112, 40.025851], [-74.824616, 40.024729], [-74.821378, 40.036397], [-74.804304, 40.038325], [-74.798783, 40.04071], [-74.797369, 40.044137], [-74.80889, 40.050829], [-74.811643, 40.058917], [-74.812025, 40.061166], [-74.810066, 40.061996], [-74.809229, 40.066268], [-74.81272, 40.066414], [-74.813097, 40.068618], [-74.812833, 40.070633], [-74.812409, 40.076307], [-74.811597, 40.076589], [-74.810726, 40.07592], [-74.808833, 40.075775], [-74.809033, 40.073983], [-74.80823, 40.073344], [-74.808059, 40.07134], [-74.805885, 40.072013], [-74.800352, 40.07255], [-74.799852, 40.072969], [-74.798432, 40.071549], [-74.79936, 40.06995], [-74.800825, 40.068129], [-74.798585, 40.065212], [-74.798606, 40.06301], [-74.797609, 40.061687], [-74.796455, 40.061703], [-74.795912, 40.062977], [-74.793937, 40.064087], [-74.792907, 40.065745], [-74.790634, 40.066718], [-74.78877, 40.06587], [-74.788305, 40.064758], [-74.787281, 40.064091], [-74.787032, 40.063119], [-74.786225, 40.062305], [-74.785545, 40.060663], [-74.784784, 40.060706], [-74.783465, 40.06171], [-74.784685, 40.063676], [-74.784308, 40.064917], [-74.783307, 40.06607], [-74.779501, 40.066222], [-74.777977, 40.064295], [-74.776398, 40.064065], [-74.776251, 40.063465], [-74.773412, 40.064134], [-74.772141, 40.066798], [-74.75907, 40.094823], [-74.756648, 40.094932], [-74.755375, 40.096118], [-74.754955, 40.097476], [-74.755864, 40.097998], [-74.75752, 40.098146], [-74.756402, 40.100555], [-74.759202, 40.101046], [-74.76, 40.101503], [-74.760816, 40.103188], [-74.762698, 40.10379], [-74.76378, 40.105775], [-74.763078, 40.107284], [-74.763362, 40.109085], [-74.762892, 40.110436], [-74.763198, 40.11177], [-74.765576, 40.112291], [-74.766071, 40.111398], [-74.767751, 40.112092], [-74.768971, 40.111358], [-74.769646, 40.112656], [-74.769476, 40.114111], [-74.768167, 40.115255], [-74.7672, 40.115486], [-74.765956, 40.116473], [-74.76373, 40.11894], [-74.762306, 40.12192], [-74.76076, 40.121444], [-74.758813, 40.12121], [-74.756838, 40.121259], [-74.752987, 40.121714], [-74.75, 40.122295], [-74.747351, 40.123502], [-74.745057, 40.126148], [-74.743741, 40.126256], [-74.742194, 40.127106], [-74.740581, 40.125819], [-74.739548, 40.125707], [-74.737908, 40.123618], [-74.735735, 40.122476], [-74.734368, 40.122286], [-74.733985, 40.121633], [-74.731677, 40.120185], [-74.729951, 40.119801], [-74.729952, 40.118808], [-74.728884, 40.117541], [-74.726268, 40.116209], [-74.725228, 40.116222], [-74.723794, 40.11536], [-74.722874, 40.113188], [-74.720869, 40.113868], [-74.713387, 40.114481], [-74.709513, 40.115846], [-74.706534, 40.116521], [-74.704028, 40.116065], [-74.702634, 40.116037], [-74.700068, 40.117012], [-74.695979, 40.120715], [-74.694357, 40.122643], [-74.690456, 40.124403], [-74.682658, 40.124901], [-74.680062, 40.125466], [-74.679976, 40.136822], [-74.681259, 40.137777], [-74.682133, 40.141847], [-74.681291, 40.143678], [-74.681902, 40.147338], [-74.682472, 40.153339], [-74.682481, 40.154709], [-74.682109, 40.163551], [-74.680036, 40.168117], [-74.677311, 40.167279], [-74.677536, 40.166131], [-74.676082, 40.165663], [-74.673954, 40.166144], [-74.673424, 40.167077], [-74.671391, 40.165913], [-74.6697, 40.16523], [-74.669531, 40.166549], [-74.668353, 40.166747], [-74.667293, 40.165703], [-74.665072, 40.16565], [-74.665029, 40.164641], [-74.663327, 40.165396], [-74.662023, 40.16493], [-74.661485, 40.162194], [-74.659582, 40.162357], [-74.658289, 40.160923], [-74.655603, 40.160205], [-74.654829, 40.159551], [-74.654682, 40.158556], [-74.653856, 40.158374], [-74.651986, 40.158972], [-74.64996, 40.15765], [-74.648854, 40.155786], [-74.647099, 40.155665], [-74.645747, 40.155987], [-74.644706, 40.155522], [-74.644531, 40.154635], [-74.642882, 40.154721], [-74.641334, 40.155281], [-74.640734, 40.154565], [-74.638518, 40.154356], [-74.637998, 40.151889], [-74.636526, 40.151227], [-74.634899, 40.151569], [-74.633679, 40.150403], [-74.633851, 40.149095], [-74.631606, 40.150431], [-74.630226, 40.148821], [-74.627486, 40.148603], [-74.627461, 40.149405], [-74.62539, 40.149575], [-74.62316, 40.148638], [-74.623425, 40.146343], [-74.622086, 40.144896], [-74.622319, 40.143661], [-74.623382, 40.142711], [-74.621795, 40.141123], [-74.620518, 40.14131], [-74.61863, 40.140528], [-74.616407, 40.141597], [-74.615071, 40.140467], [-74.613764, 40.14074], [-74.611407, 40.139927], [-74.609924, 40.139682], [-74.607039, 40.140711], [-74.606679, 40.140085], [-74.607637, 40.139393], [-74.606873, 40.138449], [-74.605953, 40.138859], [-74.604982, 40.138507], [-74.603303, 40.138624], [-74.602419, 40.136976], [-74.601691, 40.136773], [-74.598881, 40.137182], [-74.597992, 40.137824], [-74.595609, 40.137508], [-74.594943, 40.138011], [-74.593354, 40.137855], [-74.587835, 40.138254], [-74.586587, 40.136462], [-74.585736, 40.13468], [-74.579507, 40.123542], [-74.572639, 40.112088], [-74.56924, 40.106267], [-74.565662, 40.100452], [-74.540673, 40.058062], [-74.540329, 40.057634], [-74.533045, 40.045254], [-74.52869, 40.037449], [-74.506372, 39.991225], [-74.471511, 39.924922], [-74.468336, 39.918952], [-74.438099, 39.862391], [-74.434223, 39.855157], [-74.429415, 39.845403], [-74.416568, 39.822082], [-74.415141, 39.81975], [-74.41178, 39.813381], [-74.389708, 39.773283], [-74.38986, 39.739323], [-74.390009, 39.711183], [-74.390107, 39.679231], [-74.390187, 39.666813], [-74.390184, 39.659929], [-74.390267, 39.648599], [-74.390288, 39.636987], [-74.390364, 39.629797], [-74.390206, 39.623023], [-74.390311, 39.599753], [-74.390399, 39.596037], [-74.392301, 39.59456], [-74.394092, 39.59063], [-74.394125, 39.589631], [-74.395058, 39.588666], [-74.39555, 39.586661], [-74.396025, 39.586365], [-74.396913, 39.582203], [-74.3976, 39.581516], [-74.397669, 39.577786], [-74.398283, 39.57637], [-74.398897, 39.576008], [-74.399973, 39.573617], [-74.400819, 39.572242], [-74.403148, 39.571784], [-74.403824, 39.57056], [-74.405159, 39.569593], [-74.406665, 39.56929], [-74.408923, 39.569599], [-74.410395, 39.571021], [-74.412734, 39.57022], [-74.41599, 39.57046], [-74.418833, 39.568583], [-74.419093, 39.567829], [-74.418326, 39.567013], [-74.417958, 39.565696], [-74.417096, 39.564112], [-74.41471, 39.563236], [-74.414097, 39.562396], [-74.414398, 39.560977], [-74.416599, 39.559211], [-74.417386, 39.557279], [-74.419847, 39.557531], [-74.422053, 39.556345], [-74.423649, 39.554792], [-74.425392, 39.553521], [-74.427852, 39.553164], [-74.431821, 39.555174], [-74.433931, 39.555628], [-74.435368, 39.555431], [-74.438368, 39.553519], [-74.43873, 39.552745], [-74.43835, 39.551313], [-74.435026, 39.547623], [-74.434255, 39.546576], [-74.433447, 39.543839], [-74.434448, 39.541958], [-74.436119, 39.541265], [-74.4375, 39.541198], [-74.43953, 39.541618], [-74.441998, 39.542779], [-74.445159, 39.54562], [-74.445734, 39.546352], [-74.446144, 39.547872], [-74.446135, 39.549743], [-74.445119, 39.552042], [-74.443566, 39.554758], [-74.443889, 39.556864], [-74.44485, 39.558078], [-74.446722, 39.559061], [-74.448646, 39.559025], [-74.450757, 39.558464], [-74.452615, 39.556915], [-74.453151, 39.555761], [-74.453322, 39.553729], [-74.453054, 39.550996], [-74.453446, 39.548573], [-74.455196, 39.547423], [-74.457308, 39.547317], [-74.458765, 39.547835], [-74.459576, 39.548575], [-74.460395, 39.550416], [-74.460754, 39.554281], [-74.462164, 39.556094], [-74.463166, 39.556479], [-74.465562, 39.55648], [-74.467759, 39.555667], [-74.471833, 39.551994], [-74.473757, 39.551235], [-74.475664, 39.55146], [-74.477867, 39.553093], [-74.479003, 39.554419], [-74.480497, 39.557039], [-74.481546, 39.557943], [-74.483253, 39.558596], [-74.48524, 39.55853], [-74.48635, 39.558211], [-74.490477, 39.555934], [-74.493052, 39.555627], [-74.493982, 39.556213], [-74.494457, 39.55856], [-74.494438, 39.560216], [-74.494868, 39.56134], [-74.496148, 39.562501], [-74.5, 39.564458], [-74.503245, 39.568328], [-74.504495, 39.5692], [-74.505917, 39.569645], [-74.507784, 39.569729], [-74.509851, 39.569275], [-74.511463, 39.569397], [-74.512231, 39.569952], [-74.513857, 39.573143], [-74.515301, 39.574172], [-74.517023, 39.574151], [-74.517868, 39.573613], [-74.519486, 39.571757], [-74.521712, 39.570246], [-74.52354, 39.569552], [-74.525622, 39.569355], [-74.527637, 39.56963], [-74.529529, 39.570552], [-74.532389, 39.57337], [-74.534341, 39.574074], [-74.53851, 39.574518], [-74.539701, 39.574988], [-74.541211, 39.576263], [-74.542641, 39.57912], [-74.542684, 39.581485], [-74.541981, 39.585816], [-74.543819, 39.586936], [-74.546066, 39.587826], [-74.54797, 39.589075], [-74.549047, 39.590312], [-74.55324, 39.59774], [-74.553754, 39.598337], [-74.555621, 39.598431], [-74.557901, 39.597566], [-74.560228, 39.597058], [-74.563331, 39.596715], [-74.564778, 39.596885], [-74.568798, 39.598286], [-74.571711, 39.598939], [-74.575749, 39.598395], [-74.577026, 39.598795], [-74.577938, 39.599558], [-74.580173, 39.602856], [-74.580848, 39.603348], [-74.585126, 39.604952], [-74.58621, 39.606161], [-74.586988, 39.609946], [-74.587611, 39.61094], [-74.588718, 39.611802], [-74.589985, 39.612239], [-74.592811, 39.61277], [-74.594435, 39.613326], [-74.597265, 39.614684], [-74.610995, 39.622771], [-74.612212, 39.623102], [-74.614821, 39.623149], [-74.616327, 39.623444], [-74.621028, 39.626691], [-74.622854, 39.626722], [-74.624746, 39.625757], [-74.625536, 39.623107], [-74.626559, 39.621381], [-74.627612, 39.620387], [-74.628775, 39.620093], [-74.630161, 39.620241], [-74.631571, 39.62096], [-74.632038, 39.622138], [-74.631396, 39.625006], [-74.632048, 39.62668], [-74.634023, 39.628026], [-74.635587, 39.627116], [-74.63749, 39.623254], [-74.639303, 39.622439], [-74.640224, 39.622624], [-74.640998, 39.624273], [-74.639915, 39.624849], [-74.640216, 39.625557], [-74.641873, 39.625876], [-74.644453, 39.625898], [-74.645264, 39.625213], [-74.646897, 39.624897], [-74.647964, 39.625074], [-74.647735, 39.62602], [-74.648547, 39.626749], [-74.647471, 39.62771], [-74.64895, 39.629003], [-74.650663, 39.628623], [-74.651644, 39.627466], [-74.652998, 39.626587], [-74.655021, 39.627119], [-74.654464, 39.629918], [-74.655401, 39.630911], [-74.656592, 39.631348], [-74.657828, 39.630978], [-74.659295, 39.631233], [-74.659178, 39.633242], [-74.658321, 39.635963], [-74.659876, 39.639409], [-74.659256, 39.639761], [-74.659667, 39.64077], [-74.658755, 39.641905], [-74.657599, 39.642512], [-74.657716, 39.64401], [-74.657095, 39.644842], [-74.657725, 39.645781], [-74.658926, 39.646024], [-74.659342, 39.646821], [-74.65811, 39.64897], [-74.658803, 39.649712], [-74.658558, 39.651704], [-74.66038, 39.652539], [-74.658447, 39.653966], [-74.6592, 39.655958], [-74.658259, 39.656848], [-74.658999, 39.658077], [-74.658602, 39.65919], [-74.65911, 39.660071], [-74.657703, 39.660469], [-74.657863, 39.661382], [-74.659692, 39.662609], [-74.65937, 39.663826], [-74.660124, 39.665638], [-74.660479, 39.668799], [-74.661429, 39.669667], [-74.661216, 39.670204], [-74.662869, 39.671051], [-74.661818, 39.67172], [-74.662036, 39.6724], [-74.6636, 39.672583], [-74.664939, 39.674784], [-74.665122, 39.676117], [-74.664327, 39.676763], [-74.665087, 39.677726], [-74.665382, 39.678985], [-74.667669, 39.682506], [-74.667835, 39.68358], [-74.669386, 39.684134], [-74.669509, 39.685027], [-74.671331, 39.685609], [-74.673814, 39.687212], [-74.673749, 39.688679], [-74.674805, 39.688928], [-74.676141, 39.691617], [-74.704245, 39.709538], [-74.723856, 39.722063], [-74.736216, 39.729775]]]}}, {"type": "Feature", "properties": {"STATE": "NJ", "PUMA": "02102", "name": "Camden County (Central)--Lindenwold & Collingswood Boroughs PUMA", "in_city": null, "puma_fb_prop": 9.117053633270093, "fb_limited_prop": 30.834021469859614, "fb_median_wage": 22.20032692307692, "county": "Camden"}, "geometry": {"type": "Polygon", "coordinates": [[[-74.957138, 39.816851], [-74.953808, 39.813892], [-74.957651, 39.809363], [-74.966126, 39.799741], [-74.970211, 39.800498], [-74.970988, 39.798339], [-74.974376, 39.793359], [-74.979581, 39.795897], [-74.983996, 39.798573], [-74.985119, 39.797483], [-74.988451, 39.796973], [-74.988333, 39.796175], [-74.98881, 39.79462], [-74.99586, 39.795899], [-74.99559, 39.796859], [-75.000217, 39.796186], [-75.000242, 39.805402], [-75.023691, 39.80423], [-75.025184, 39.817684], [-75.027069, 39.818701], [-75.027804, 39.821082], [-75.029127, 39.822423], [-75.029574, 39.823996], [-75.030485, 39.824611], [-75.02976, 39.825308], [-75.031451, 39.826625], [-75.031542, 39.827261], [-75.033077, 39.828161], [-75.035204, 39.829888], [-75.038074, 39.829217], [-75.038412, 39.829944], [-75.037534, 39.831056], [-75.034896, 39.831104], [-75.033597, 39.831464], [-75.031081, 39.83097], [-75.029035, 39.831079], [-75.028258, 39.831788], [-75.029528, 39.841818], [-75.037446, 39.842543], [-75.039196, 39.849299], [-75.040176, 39.849042], [-75.041736, 39.852599], [-75.04923, 39.850653], [-75.049252, 39.852231], [-75.048424, 39.854199], [-75.049252, 39.858674], [-75.05779, 39.853853], [-75.059397, 39.854843], [-75.06372, 39.859996], [-75.060042, 39.863441], [-75.063212, 39.867295], [-75.065241, 39.870121], [-75.065727, 39.869966], [-75.067187, 39.871947], [-75.067826, 39.871316], [-75.069478, 39.870943], [-75.071118, 39.870151], [-75.074466, 39.869255], [-75.076518, 39.869954], [-75.076304, 39.87213], [-75.077301, 39.873169], [-75.079685, 39.872988], [-75.080473, 39.873218], [-75.082417, 39.873026], [-75.085494, 39.880072], [-75.082863, 39.880737], [-75.081785, 39.881561], [-75.079694, 39.881692], [-75.080721, 39.882786], [-75.082717, 39.884113], [-75.083943, 39.885828], [-75.08567, 39.887414], [-75.087941, 39.88874], [-75.089439, 39.889198], [-75.092093, 39.895574], [-75.094759, 39.901483], [-75.096005, 39.904783], [-75.0974, 39.908036], [-75.096973, 39.908332], [-75.092494, 39.90959], [-75.095805, 39.913397], [-75.092026, 39.913406], [-75.090239, 39.914573], [-75.090037, 39.917092], [-75.091907, 39.917792], [-75.091774, 39.920874], [-75.08154, 39.926041], [-75.079195, 39.925336], [-75.077248, 39.925242], [-75.074311, 39.925595], [-75.06863, 39.925548], [-75.066099, 39.925847], [-75.061388, 39.925722], [-75.059246, 39.925274], [-75.055242, 39.923783], [-75.050097, 39.922734], [-75.048094, 39.922163], [-75.045023, 39.920584], [-75.043144, 39.918177], [-75.042017, 39.918069], [-75.039584, 39.916662], [-75.040156, 39.915525], [-75.042207, 39.916053], [-75.042336, 39.914421], [-75.041105, 39.913944], [-75.042322, 39.912134], [-75.037829, 39.910516], [-75.037693, 39.91005], [-75.039497, 39.909468], [-75.039296, 39.908062], [-75.042858, 39.907872], [-75.042777, 39.905592], [-75.041512, 39.904624], [-75.04609, 39.900351], [-75.046928, 39.900764], [-75.048131, 39.899709], [-75.048539, 39.897419], [-75.048569, 39.895907], [-75.051545, 39.896049], [-75.051578, 39.890051], [-75.049545, 39.887695], [-75.049529, 39.886722], [-75.048355, 39.886752], [-75.048321, 39.885928], [-75.045891, 39.883358], [-75.037735, 39.884623], [-75.037433, 39.883476], [-75.037096, 39.879969], [-75.03567, 39.87764], [-75.029105, 39.872545], [-75.016918, 39.872809], [-75.015897, 39.869428], [-75.01482, 39.868557], [-75.014109, 39.866889], [-75.012666, 39.865787], [-75.013086, 39.864066], [-75.012898, 39.862178], [-75.014553, 39.861039], [-75.014911, 39.860069], [-75.01594, 39.859708], [-75.016502, 39.858343], [-75.015494, 39.858001], [-75.017504, 39.856708], [-75.018033, 39.85555], [-75.017945, 39.854364], [-75.017323, 39.853397], [-75.017407, 39.852429], [-75.015057, 39.850183], [-75.014652, 39.849235], [-75.011156, 39.847138], [-75.009838, 39.844184], [-75.007185, 39.841841], [-75.005474, 39.841058], [-75.005257, 39.840509], [-75.003164, 39.838336], [-75.002388, 39.838077], [-75.001312, 39.836029], [-74.997016, 39.835192], [-74.994116, 39.835095], [-74.98934, 39.834131], [-74.986661, 39.834359], [-74.985829, 39.834183], [-74.984279, 39.832358], [-74.983907, 39.831388], [-74.982727, 39.830353], [-74.982034, 39.829112], [-74.980046, 39.827124], [-74.976838, 39.826269], [-74.975402, 39.826386], [-74.974129, 39.827303], [-74.970913, 39.826477], [-74.969876, 39.826792], [-74.96953, 39.825778], [-74.967901, 39.825978], [-74.967351, 39.824484], [-74.966889, 39.822069], [-74.965801, 39.820643], [-74.961719, 39.820921], [-74.957138, 39.816851]]]}}, {"type": "Feature", "properties": {"STATE": "NJ", "PUMA": "02104", "name": "Camden County (East Central)--Haddonfield Borough PUMA", "in_city": null, "puma_fb_prop": 15.1519211189111, "fb_limited_prop": 20.635910224438906, "fb_median_wage": 36.60757211538461, "county": "Camden"}, "geometry": {"type": "Polygon", "coordinates": [[[-74.908307, 39.809738], [-74.915545, 39.813741], [-74.928674, 39.821425], [-74.943662, 39.815296], [-74.945551, 39.814638], [-74.957138, 39.816851], [-74.961719, 39.820921], [-74.965801, 39.820643], [-74.966889, 39.822069], [-74.967351, 39.824484], [-74.967901, 39.825978], [-74.96953, 39.825778], [-74.969876, 39.826792], [-74.970913, 39.826477], [-74.974129, 39.827303], [-74.975402, 39.826386], [-74.976838, 39.826269], [-74.980046, 39.827124], [-74.982034, 39.829112], [-74.982727, 39.830353], [-74.983907, 39.831388], [-74.984279, 39.832358], [-74.985829, 39.834183], [-74.986661, 39.834359], [-74.98934, 39.834131], [-74.994116, 39.835095], [-74.997016, 39.835192], [-75.001312, 39.836029], [-75.002388, 39.838077], [-75.003164, 39.838336], [-75.005257, 39.840509], [-75.005474, 39.841058], [-75.007185, 39.841841], [-75.009838, 39.844184], [-75.011156, 39.847138], [-75.014652, 39.849235], [-75.015057, 39.850183], [-75.017407, 39.852429], [-75.017323, 39.853397], [-75.017945, 39.854364], [-75.018033, 39.85555], [-75.017504, 39.856708], [-75.015494, 39.858001], [-75.016502, 39.858343], [-75.01594, 39.859708], [-75.014911, 39.860069], [-75.014553, 39.861039], [-75.012898, 39.862178], [-75.013086, 39.864066], [-75.012666, 39.865787], [-75.014109, 39.866889], [-75.01482, 39.868557], [-75.015897, 39.869428], [-75.016918, 39.872809], [-75.029105, 39.872545], [-75.03567, 39.87764], [-75.037096, 39.879969], [-75.037433, 39.883476], [-75.037735, 39.884623], [-75.045891, 39.883358], [-75.048321, 39.885928], [-75.048355, 39.886752], [-75.049529, 39.886722], [-75.049545, 39.887695], [-75.051578, 39.890051], [-75.051545, 39.896049], [-75.048569, 39.895907], [-75.048539, 39.897419], [-75.048131, 39.899709], [-75.046928, 39.900764], [-75.04609, 39.900351], [-75.041512, 39.904624], [-75.042777, 39.905592], [-75.042858, 39.907872], [-75.039296, 39.908062], [-75.039497, 39.909468], [-75.037693, 39.91005], [-75.037829, 39.910516], [-75.042322, 39.912134], [-75.041105, 39.913944], [-75.042336, 39.914421], [-75.042207, 39.916053], [-75.040156, 39.915525], [-75.039584, 39.916662], [-75.042017, 39.918069], [-75.043144, 39.918177], [-75.045023, 39.920584], [-75.048094, 39.922163], [-75.050097, 39.922734], [-75.055242, 39.923783], [-75.059246, 39.925274], [-75.061388, 39.925722], [-75.066099, 39.925847], [-75.065755, 39.925905], [-75.047395, 39.946809], [-75.044216, 39.947548], [-75.0412, 39.947112], [-75.040222, 39.946166], [-75.037749, 39.946757], [-75.035373, 39.948163], [-75.035513, 39.949196], [-75.037201, 39.949755], [-75.034468, 39.950553], [-75.032386, 39.950371], [-75.032522, 39.951131], [-75.026782, 39.952804], [-75.013331, 39.954201], [-75.014493, 39.952844], [-75.014958, 39.951769], [-75.016159, 39.950453], [-75.015081, 39.946813], [-75.014211, 39.945872], [-75.012503, 39.945157], [-75.009065, 39.94512], [-75.00755, 39.944188], [-75.006189, 39.942904], [-75.004725, 39.943091], [-75.004149, 39.941465], [-75.000141, 39.941693], [-74.999859, 39.940796], [-74.995858, 39.939911], [-74.994428, 39.939365], [-74.99181, 39.940915], [-74.990554, 39.940636], [-74.988739, 39.940971], [-74.987267, 39.939875], [-74.984013, 39.939845], [-74.982232, 39.940443], [-74.981278, 39.940191], [-74.978518, 39.940197], [-74.97558, 39.939613], [-74.975084, 39.937811], [-74.976171, 39.937115], [-74.976978, 39.93545], [-74.978707, 39.934305], [-74.980745, 39.934166], [-74.981484, 39.93312], [-74.980929, 39.932393], [-74.981422, 39.931111], [-74.98455, 39.931292], [-74.985519, 39.929995], [-74.983873, 39.926796], [-74.983203, 39.926322], [-74.980985, 39.925649], [-74.979695, 39.924256], [-74.976642, 39.922805], [-74.976259, 39.922233], [-74.974283, 39.921421], [-74.971754, 39.921724], [-74.969637, 39.921746], [-74.967374, 39.920712], [-74.964205, 39.920676], [-74.962837, 39.920185], [-74.962641, 39.919468], [-74.961605, 39.91897], [-74.960895, 39.916822], [-74.958022, 39.915268], [-74.956658, 39.913447], [-74.955904, 39.913217], [-74.954803, 39.911345], [-74.953468, 39.907863], [-74.95253, 39.907118], [-74.952257, 39.903194], [-74.951947, 39.901672], [-74.949982, 39.898743], [-74.949359, 39.898164], [-74.946829, 39.897276], [-74.945533, 39.896322], [-74.944791, 39.894115], [-74.943964, 39.892996], [-74.940945, 39.892478], [-74.938864, 39.89067], [-74.936093, 39.889848], [-74.93329, 39.888084], [-74.93202, 39.886532], [-74.930745, 39.885908], [-74.927778, 39.876214], [-74.927211, 39.873758], [-74.924161, 39.863937], [-74.921556, 39.855099], [-74.910071, 39.816335], [-74.908307, 39.809738]]]}}, {"type": "Feature", "properties": {"STATE": "NJ", "PUMA": "02002", "name": "Burlington County (West Central) PUMA", "in_city": null, "puma_fb_prop": 10.20356898838471, "fb_limited_prop": 9.228486646884274, "fb_median_wage": 43.39865115384616, "county": "Burlington"}, "geometry": {"type": "Polygon", "coordinates": [[[-74.814506, 39.785507], [-74.817983, 39.786022], [-74.818879, 39.78673], [-74.819419, 39.788001], [-74.82271, 39.78818], [-74.825179, 39.788533], [-74.827714, 39.789202], [-74.828895, 39.788742], [-74.830539, 39.788625], [-74.832973, 39.789169], [-74.835295, 39.788957], [-74.837067, 39.789585], [-74.839116, 39.78916], [-74.841045, 39.789669], [-74.843208, 39.789919], [-74.847076, 39.789172], [-74.847917, 39.788596], [-74.85044, 39.788818], [-74.851449, 39.788602], [-74.853228, 39.78731], [-74.855344, 39.787346], [-74.85644, 39.786676], [-74.857907, 39.786592], [-74.859961, 39.785921], [-74.863925, 39.785586], [-74.866783, 39.78473], [-74.867953, 39.784766], [-74.869482, 39.784334], [-74.870305, 39.783633], [-74.874087, 39.782474], [-74.876108, 39.781473], [-74.87875, 39.781576], [-74.881666, 39.78206], [-74.887041, 39.781746], [-74.889814, 39.781982], [-74.893343, 39.783046], [-74.894822, 39.783312], [-74.896031, 39.784588], [-74.896104, 39.785709], [-74.898321, 39.78781], [-74.898633, 39.789693], [-74.899563, 39.790199], [-74.902963, 39.791108], [-74.905542, 39.801055], [-74.908307, 39.809738], [-74.910071, 39.816335], [-74.921556, 39.855099], [-74.924161, 39.863937], [-74.927211, 39.873758], [-74.927778, 39.876214], [-74.930745, 39.885908], [-74.93202, 39.886532], [-74.93329, 39.888084], [-74.936093, 39.889848], [-74.938864, 39.89067], [-74.940945, 39.892478], [-74.943964, 39.892996], [-74.944791, 39.894115], [-74.945533, 39.896322], [-74.946829, 39.897276], [-74.949359, 39.898164], [-74.949982, 39.898743], [-74.951947, 39.901672], [-74.952257, 39.903194], [-74.95253, 39.907118], [-74.953468, 39.907863], [-74.954803, 39.911345], [-74.955904, 39.913217], [-74.956658, 39.913447], [-74.958022, 39.915268], [-74.960895, 39.916822], [-74.961605, 39.91897], [-74.962641, 39.919468], [-74.962837, 39.920185], [-74.964205, 39.920676], [-74.967374, 39.920712], [-74.969637, 39.921746], [-74.971754, 39.921724], [-74.974283, 39.921421], [-74.976259, 39.922233], [-74.976642, 39.922805], [-74.979695, 39.924256], [-74.980985, 39.925649], [-74.983203, 39.926322], [-74.983873, 39.926796], [-74.985519, 39.929995], [-74.98455, 39.931292], [-74.981422, 39.931111], [-74.980929, 39.932393], [-74.981484, 39.93312], [-74.980745, 39.934166], [-74.978707, 39.934305], [-74.976978, 39.93545], [-74.976171, 39.937115], [-74.975084, 39.937811], [-74.97558, 39.939613], [-74.978518, 39.940197], [-74.981278, 39.940191], [-74.982232, 39.940443], [-74.984013, 39.939845], [-74.987267, 39.939875], [-74.988739, 39.940971], [-74.990554, 39.940636], [-74.99181, 39.940915], [-74.994428, 39.939365], [-74.995858, 39.939911], [-74.999859, 39.940796], [-75.000141, 39.941693], [-75.004149, 39.941465], [-75.004725, 39.943091], [-75.006189, 39.942904], [-75.00755, 39.944188], [-75.009065, 39.94512], [-75.012503, 39.945157], [-75.014211, 39.945872], [-75.015081, 39.946813], [-75.016159, 39.950453], [-75.014958, 39.951769], [-75.014493, 39.952844], [-75.013331, 39.954201], [-75.013092, 39.956628], [-75.0152, 39.957811], [-75.016687, 39.959024], [-75.0176, 39.959375], [-75.016542, 39.960553], [-75.016662, 39.962301], [-75.017269, 39.963318], [-75.018649, 39.963735], [-75.018907, 39.967176], [-75.019253, 39.967434], [-74.990571, 39.97902], [-74.97467, 39.985388], [-74.967241, 39.988248], [-74.962847, 39.990031], [-74.911723, 40.010431], [-74.909224, 40.010283], [-74.908008, 40.011358], [-74.906561, 40.011797], [-74.905922, 40.013022], [-74.904577, 40.013644], [-74.898369, 40.011917], [-74.895301, 40.009365], [-74.892195, 40.008698], [-74.889092, 40.007836], [-74.888303, 40.007348], [-74.887762, 40.003793], [-74.887309, 40.002605], [-74.882226, 40.000745], [-74.87707, 39.998291], [-74.873942, 39.998463], [-74.872424, 39.997706], [-74.868004, 39.996078], [-74.865027, 39.996251], [-74.863186, 39.99609], [-74.86095, 39.996481], [-74.859865, 39.996008], [-74.85879, 39.994604], [-74.85426, 39.994436], [-74.85319, 39.992487], [-74.848765, 39.991943], [-74.848577, 39.990732], [-74.849351, 39.990061], [-74.85237, 39.988632], [-74.851756, 39.986479], [-74.851854, 39.984523], [-74.851407, 39.983309], [-74.851655, 39.982654], [-74.854222, 39.98113], [-74.856097, 39.981051], [-74.856606, 39.979885], [-74.857506, 39.979294], [-74.85839, 39.977606], [-74.859486, 39.976756], [-74.859892, 39.975758], [-74.858653, 39.974188], [-74.857472, 39.973741], [-74.857037, 39.971968], [-74.857695, 39.970841], [-74.857859, 39.969177], [-74.859222, 39.968004], [-74.859135, 39.965681], [-74.860783, 39.965189], [-74.86242, 39.96239], [-74.862526, 39.940315], [-74.862455, 39.931153], [-74.79159, 39.935876], [-74.791331, 39.934706], [-74.790428, 39.933908], [-74.788671, 39.933409], [-74.787989, 39.932488], [-74.78694, 39.932873], [-74.785688, 39.932509], [-74.785117, 39.929782], [-74.783621, 39.929578], [-74.782242, 39.928143], [-74.782405, 39.927387], [-74.783742, 39.925719], [-74.786123, 39.923845], [-74.787801, 39.924008], [-74.788055, 39.922843], [-74.78878, 39.921856], [-74.788756, 39.920622], [-74.787861, 39.920329], [-74.788454, 39.918347], [-74.788364, 39.917229], [-74.789093, 39.916118], [-74.79034, 39.915279], [-74.791248, 39.913383], [-74.790745, 39.911008], [-74.791249, 39.9106], [-74.789648, 39.907949], [-74.789395, 39.906711], [-74.787462, 39.905849], [-74.787599, 39.904914], [-74.784989, 39.902152], [-74.78668, 39.900073], [-74.787419, 39.899933], [-74.788742, 39.897048], [-74.788605, 39.895334], [-74.789269, 39.894386], [-74.788753, 39.891228], [-74.788367, 39.890249], [-74.786379, 39.889301], [-74.7854, 39.887873], [-74.768329, 39.862234], [-74.766525, 39.860001], [-74.759533, 39.849587], [-74.754923, 39.842938], [-74.79176, 39.828511], [-74.791381, 39.827238], [-74.794235, 39.826456], [-74.797046, 39.826335], [-74.79901, 39.825988], [-74.799002, 39.824838], [-74.814506, 39.785507]]]}}, {"type": "Feature", "properties": {"STATE": "NJ", "PUMA": "02501", "name": "Salem & Cumberland (North) Counties--Bridgeton City PUMA", "in_city": null, "puma_fb_prop": 9.047683738622467, "fb_limited_prop": 40.9743076409743, "fb_median_wage": 17.43000874125874, "county": "Salem & Cumberland"}, "geometry": {"type": "Polygon", "coordinates": [[[-75.48136, 39.387555], [-75.48764, 39.392844], [-75.499644, 39.403143], [-75.531125, 39.430197], [-75.555465, 39.451321], [-75.560538, 39.455645], [-75.560485, 39.456845], [-75.563586, 39.483048], [-75.563562, 39.48329], [-75.55909, 39.495806], [-75.546486, 39.496242], [-75.537934, 39.496982], [-75.527861, 39.498139], [-75.526823, 39.499411], [-75.527452, 39.500112], [-75.529368, 39.501229], [-75.5294, 39.502842], [-75.530051, 39.504817], [-75.530022, 39.510414], [-75.529741, 39.51204], [-75.528971, 39.513663], [-75.527522, 39.515614], [-75.527394, 39.517443], [-75.528264, 39.518082], [-75.527926, 39.521634], [-75.527079, 39.523707], [-75.527121, 39.525093], [-75.526654, 39.526638], [-75.526921, 39.528612], [-75.526671, 39.530215], [-75.526919, 39.531891], [-75.527496, 39.532715], [-75.52733, 39.534189], [-75.527799, 39.535364], [-75.531968, 39.537165], [-75.533975, 39.540218], [-75.533412, 39.542044], [-75.530193, 39.545262], [-75.527028, 39.547655], [-75.524736, 39.549659], [-75.521364, 39.552914], [-75.518144, 39.556684], [-75.515007, 39.562612], [-75.514662, 39.562659], [-75.51196, 39.56729], [-75.51277, 39.57829], [-75.514189, 39.579348], [-75.514658, 39.580788], [-75.515685, 39.580905], [-75.518065, 39.58284], [-75.519575, 39.583307], [-75.521595, 39.583349], [-75.524611, 39.584137], [-75.527693, 39.584112], [-75.529309, 39.58608], [-75.530493, 39.5868], [-75.531279, 39.588697], [-75.533641, 39.58927], [-75.534462, 39.590409], [-75.536941, 39.591872], [-75.537375, 39.593532], [-75.540118, 39.594344], [-75.542146, 39.594519], [-75.543499, 39.595797], [-75.546142, 39.597371], [-75.548144, 39.599325], [-75.549261, 39.599737], [-75.550318, 39.600766], [-75.553398, 39.601766], [-75.553392, 39.602665], [-75.554031, 39.603818], [-75.555283, 39.604885], [-75.555639, 39.605817], [-75.556974, 39.607576], [-75.557432, 39.609534], [-75.556641, 39.610934], [-75.557203, 39.613081], [-75.557898, 39.61751], [-75.558908, 39.618483], [-75.559455, 39.622314], [-75.559566, 39.625418], [-75.559176, 39.626749], [-75.558773, 39.629987], [-75.557327, 39.632591], [-75.554266, 39.635566], [-75.551203, 39.636622], [-75.548534, 39.63777], [-75.547077, 39.639686], [-75.544418, 39.642192], [-75.542331, 39.644659], [-75.541978, 39.645425], [-75.539111, 39.645854], [-75.536715, 39.646623], [-75.535083, 39.646814], [-75.533524, 39.647557], [-75.531344, 39.64946], [-75.530964, 39.650273], [-75.527829, 39.653064], [-75.526699, 39.654403], [-75.525573, 39.656599], [-75.524464, 39.657549], [-75.521838, 39.660988], [-75.517972, 39.663757], [-75.516008, 39.665758], [-75.514196, 39.668395], [-75.513297, 39.670581], [-75.51219, 39.671767], [-75.510993, 39.675351], [-75.510056, 39.679725], [-75.510508, 39.680381], [-75.509252, 39.684864], [-75.509089, 39.686208], [-75.509557, 39.686618], [-75.509163, 39.69208], [-75.509874, 39.693915], [-75.509291, 39.694195], [-75.506536, 39.697263], [-75.501127, 39.699408], [-75.499287, 39.699449], [-75.496312, 39.700956], [-75.495621, 39.701779], [-75.494915, 39.704134], [-75.493797, 39.706146], [-75.493892, 39.706879], [-75.492822, 39.707802], [-75.491475, 39.709724], [-75.491476, 39.710827], [-75.488384, 39.714708], [-75.486126, 39.715822], [-75.485342, 39.715898], [-75.483625, 39.715288], [-75.481883, 39.713686], [-75.479728, 39.713665], [-75.47853, 39.714074], [-75.476519, 39.716101], [-75.47625, 39.719455], [-75.476619, 39.721437], [-75.476302, 39.723946], [-75.477169, 39.72497], [-75.475064, 39.72954], [-75.475557, 39.733532], [-75.472831, 39.738487], [-75.47096, 39.740312], [-75.470532, 39.741777], [-75.469396, 39.742861], [-75.467904, 39.746135], [-75.467513, 39.747657], [-75.46355, 39.757014], [-75.463921, 39.760763], [-75.462198, 39.763197], [-75.45944, 39.765811], [-75.452339, 39.769013], [-75.449295, 39.774436], [-75.450293, 39.775279], [-75.445235, 39.779453], [-75.4383, 39.784402], [-75.436172, 39.785009], [-75.42677, 39.788402], [-75.405489, 39.796368], [-75.404274, 39.795567], [-75.407687, 39.794088], [-75.411302, 39.793538], [-75.413018, 39.792357], [-75.4156, 39.791477], [-75.416804, 39.79069], [-75.419329, 39.789725], [-75.421683, 39.787303], [-75.423178, 39.786248], [-75.424164, 39.786072], [-75.428302, 39.784373], [-75.427953, 39.783705], [-75.424715, 39.783881], [-75.420792, 39.784631], [-75.417398, 39.785626], [-75.41351, 39.785011], [-75.411476, 39.785725], [-75.409172, 39.787749], [-75.407517, 39.78724], [-75.40719, 39.785249], [-75.406185, 39.784206], [-75.406727, 39.782968], [-75.408075, 39.78195], [-75.407584, 39.781126], [-75.405928, 39.781122], [-75.404772, 39.781635], [-75.404011, 39.782874], [-75.402324, 39.782469], [-75.401598, 39.780157], [-75.400519, 39.778979], [-75.400104, 39.777354], [-75.400859, 39.776274], [-75.400972, 39.775125], [-75.400394, 39.77297], [-75.399378, 39.772565], [-75.397928, 39.772945], [-75.396601, 39.774141], [-75.395372, 39.774205], [-75.395215, 39.772609], [-75.396846, 39.769747], [-75.397367, 39.769234], [-75.400232, 39.767827], [-75.40165, 39.767883], [-75.403278, 39.770037], [-75.404922, 39.769043], [-75.405016, 39.766363], [-75.4057, 39.764969], [-75.405959, 39.763484], [-75.404301, 39.761758], [-75.403204, 39.761253], [-75.399406, 39.76141], [-75.398983, 39.760806], [-75.399491, 39.758426], [-75.39782, 39.757473], [-75.396623, 39.759417], [-75.396946, 39.760802], [-75.396118, 39.76138], [-75.393078, 39.760468], [-75.389947, 39.76051], [-75.389965, 39.759659], [-75.392341, 39.758838], [-75.392749, 39.757975], [-75.391958, 39.757375], [-75.390283, 39.757], [-75.390108, 39.75618], [-75.39117, 39.755309], [-75.393903, 39.755694], [-75.394993, 39.754945], [-75.394662, 39.753117], [-75.392747, 39.751438], [-75.392687, 39.750644], [-75.391839, 39.750008], [-75.390673, 39.750075], [-75.390622, 39.75121], [-75.388875, 39.752384], [-75.387903, 39.751754], [-75.387858, 39.750621], [-75.386366, 39.750837], [-75.387259, 39.749505], [-75.387019, 39.748421], [-75.385847, 39.746969], [-75.383985, 39.746977], [-75.383211, 39.745797], [-75.381929, 39.74611], [-75.381165, 39.746795], [-75.381306, 39.748022], [-75.380468, 39.748272], [-75.378627, 39.74703], [-75.377623, 39.744009], [-75.377618, 39.743044], [-75.376699, 39.741723], [-75.377777, 39.740996], [-75.37765, 39.740363], [-75.376426, 39.73977], [-75.37735, 39.739055], [-75.377, 39.738024], [-75.374809, 39.737154], [-75.374102, 39.735374], [-75.375298, 39.734002], [-75.375013, 39.733023], [-75.37563, 39.73189], [-75.377541, 39.731701], [-75.377964, 39.730462], [-75.375795, 39.729966], [-75.375839, 39.729217], [-75.376743, 39.727791], [-75.376635, 39.726572], [-75.374971, 39.726398], [-75.375263, 39.725329], [-75.372951, 39.724028], [-75.372342, 39.724774], [-75.370445, 39.723177], [-75.369163, 39.723249], [-75.369293, 39.721985], [-75.367436, 39.722286], [-75.367264, 39.720787], [-75.366335, 39.720198], [-75.367307, 39.719229], [-75.367239, 39.717565], [-75.366151, 39.71775], [-75.365318, 39.716492], [-75.36397, 39.71688], [-75.362637, 39.715924], [-75.361228, 39.71659], [-75.360271, 39.715289], [-75.360616, 39.714023], [-75.357225, 39.712963], [-75.356404, 39.712017], [-75.355534, 39.711725], [-75.354042, 39.711973], [-75.352618, 39.711523], [-75.350252, 39.711247], [-75.349453, 39.710748], [-75.348118, 39.70919], [-75.347428, 39.707108], [-75.345304, 39.706131], [-75.343588, 39.705802], [-75.342877, 39.704997], [-75.34159, 39.704329], [-75.340297, 39.705213], [-75.338736, 39.704596], [-75.336834, 39.704291], [-75.335413, 39.701916], [-75.335285, 39.700378], [-75.334582, 39.699797], [-75.331451, 39.698591], [-75.330926, 39.698131], [-75.330903, 39.696779], [-75.330226, 39.696433], [-75.327422, 39.696615], [-75.326422, 39.696064], [-75.325549, 39.694684], [-75.326635, 39.694269], [-75.327055, 39.691639], [-75.32672, 39.690372], [-75.324376, 39.689451], [-75.323062, 39.689744], [-75.322996, 39.690692], [-75.321784, 39.69125], [-75.31797, 39.691053], [-75.316714, 39.691397], [-75.314806, 39.690365], [-75.313753, 39.690186], [-75.314769, 39.6885], [-75.3129, 39.688349], [-75.311714, 39.68781], [-75.310393, 39.68903], [-75.3073, 39.689605], [-75.306451, 39.689532], [-75.304622, 39.687882], [-75.3033, 39.687722], [-75.302159, 39.688404], [-75.300635, 39.687209], [-75.298276, 39.686845], [-75.297161, 39.685834], [-75.295145, 39.686154], [-75.292945, 39.6845], [-75.291471, 39.683774], [-75.291052, 39.682759], [-75.287775, 39.681496], [-75.286918, 39.680173], [-75.285999, 39.679588], [-75.284324, 39.679989], [-75.282146, 39.680064], [-75.279521, 39.680984], [-75.278214, 39.68113], [-75.276021, 39.680424], [-75.273822, 39.68074], [-75.27259, 39.681757], [-75.271352, 39.681628], [-75.270621, 39.682134], [-75.268468, 39.682263], [-75.267495, 39.681936], [-75.265773, 39.682226], [-75.264516, 39.681878], [-75.261969, 39.681716], [-75.259876, 39.681014], [-75.258542, 39.679676], [-75.255359, 39.678755], [-75.253278, 39.679026], [-75.253018, 39.677798], [-75.251226, 39.676608], [-75.25171, 39.674414], [-75.250063, 39.673245], [-75.251127, 39.670952], [-75.250304, 39.6697], [-75.250704, 39.66862], [-75.24985, 39.667801], [-75.248737, 39.665948], [-75.247474, 39.664486], [-75.245311, 39.664107], [-75.24271, 39.663942], [-75.240464, 39.663104], [-75.239242, 39.663214], [-75.236116, 39.662609], [-75.235128, 39.661707], [-75.233453, 39.66143], [-75.230826, 39.662288], [-75.22887, 39.661941], [-75.2262, 39.66243], [-75.22598, 39.662895], [-75.22393, 39.663077], [-75.222475, 39.662164], [-75.219373, 39.661822], [-75.216398, 39.663462], [-75.214848, 39.663324], [-75.212945, 39.664504], [-75.210484, 39.664027], [-75.208838, 39.664497], [-75.207581, 39.665285], [-75.204968, 39.665723], [-75.203759, 39.66543], [-75.199793, 39.666996], [-75.197242, 39.66466], [-75.196915, 39.663657], [-75.196099, 39.663129], [-75.194354, 39.662913], [-75.183147, 39.655122], [-75.156952, 39.636737], [-75.134027, 39.620387], [-75.129109, 39.616933], [-75.109926, 39.603318], [-75.096189, 39.593343], [-75.087081, 39.586835], [-75.077054, 39.579384], [-75.061854, 39.568746], [-75.063326, 39.565397], [-75.06447, 39.564703], [-75.064456, 39.563874], [-75.066286, 39.560475], [-75.065917, 39.558511], [-75.066661, 39.556226], [-75.067942, 39.555519], [-75.069871, 39.553119], [-75.071058, 39.550536], [-75.07158, 39.548629], [-75.072546, 39.548604], [-75.073643, 39.547373], [-75.074039, 39.54493], [-75.074457, 39.544564], [-75.072344, 39.542407], [-75.071685, 39.540298], [-75.071047, 39.539947], [-75.071569, 39.538273], [-75.072138, 39.537571], [-75.071511, 39.536684], [-75.072641, 39.536075], [-75.072481, 39.533751], [-75.072099, 39.532527], [-75.071063, 39.532445], [-75.071783, 39.530208], [-75.072862, 39.528554], [-75.073397, 39.526717], [-75.072222, 39.524283], [-75.072921, 39.523543], [-75.072917, 39.52189], [-75.074212, 39.520864], [-75.074361, 39.519657], [-75.075604, 39.518936], [-75.075324, 39.517024], [-75.075451, 39.515123], [-75.076663, 39.514281], [-75.076715, 39.51328], [-75.078015, 39.511984], [-75.077151, 39.511104], [-75.077873, 39.509803], [-75.076642, 39.507825], [-75.077995, 39.506778], [-75.077127, 39.505981], [-75.077881, 39.505501], [-75.078625, 39.50361], [-75.078927, 39.502001], [-75.079699, 39.501434], [-75.078721, 39.499222], [-75.07896, 39.498428], [-75.078377, 39.496974], [-75.076981, 39.496848], [-75.075859, 39.494435], [-75.074921, 39.493948], [-75.074073, 39.492814], [-75.074826, 39.491358], [-75.074652, 39.490458], [-75.075421, 39.489733], [-75.074706, 39.487479], [-75.073357, 39.485582], [-75.073425, 39.484475], [-75.07426, 39.484166], [-75.073968, 39.483258], [-75.074597, 39.482134], [-75.075892, 39.481644], [-75.075953, 39.479226], [-75.077328, 39.478553], [-75.076965, 39.478012], [-75.077927, 39.476815], [-75.078341, 39.474552], [-75.078072, 39.473773], [-75.078687, 39.472404], [-75.080352, 39.472023], [-75.080743, 39.469584], [-75.079624, 39.468385], [-75.081312, 39.467494], [-75.081796, 39.465478], [-75.080642, 39.462667], [-75.080855, 39.460942], [-75.082767, 39.459138], [-75.083828, 39.457548], [-75.083183, 39.455973], [-75.081574, 39.455046], [-75.081608, 39.45369], [-75.082488, 39.452566], [-75.083013, 39.450699], [-75.082279, 39.450415], [-75.082306, 39.449236], [-75.086613, 39.447807], [-75.08447, 39.444104], [-75.090269, 39.44232], [-75.091465, 39.442362], [-75.100183, 39.43944], [-75.104463, 39.435412], [-75.10622, 39.4351], [-75.107856, 39.43434], [-75.110614, 39.434182], [-75.115021, 39.433366], [-75.11706, 39.433273], [-75.118991, 39.432352], [-75.12158, 39.432176], [-75.123542, 39.432532], [-75.125887, 39.431919], [-75.12892, 39.431782], [-75.130266, 39.431195], [-75.132758, 39.431198], [-75.133677, 39.43093], [-75.135764, 39.431744], [-75.137078, 39.431762], [-75.138892, 39.432228], [-75.140963, 39.431933], [-75.144321, 39.430839], [-75.145575, 39.430757], [-75.147369, 39.430079], [-75.148609, 39.429031], [-75.150099, 39.428291], [-75.160598, 39.430419], [-75.164359, 39.431063], [-75.181345, 39.434345], [-75.182065, 39.435807], [-75.183697, 39.437501], [-75.185557, 39.437587], [-75.18758, 39.437377], [-75.188787, 39.437594], [-75.189917, 39.437111], [-75.192018, 39.43731], [-75.19443, 39.43693], [-75.195978, 39.435634], [-75.197811, 39.434958], [-75.199982, 39.435091], [-75.201089, 39.434701], [-75.203975, 39.434966], [-75.206191, 39.434403], [-75.207824, 39.435387], [-75.205678, 39.423606], [-75.204616, 39.416354], [-75.211279, 39.415461], [-75.211211, 39.413034], [-75.210035, 39.410182], [-75.214272, 39.409419], [-75.217323, 39.408085], [-75.221655, 39.406948], [-75.223109, 39.406133], [-75.22458, 39.405779], [-75.22547, 39.404902], [-75.226666, 39.404701], [-75.22916, 39.403788], [-75.231278, 39.40228], [-75.228001, 39.401272], [-75.22697, 39.400458], [-75.226606, 39.398902], [-75.226706, 39.3968], [-75.226002, 39.39276], [-75.226303, 39.391309], [-75.227926, 39.389651], [-75.228228, 39.387445], [-75.22697, 39.383546], [-75.22692, 39.382571], [-75.227707, 39.38205], [-75.234491, 39.379482], [-75.235625, 39.378961], [-75.239396, 39.379394], [-75.242004, 39.379242], [-75.244308, 39.378585], [-75.248074, 39.37654], [-75.249464, 39.376785], [-75.250426, 39.378305], [-75.251683, 39.379452], [-75.252589, 39.379766], [-75.254023, 39.379619], [-75.2566, 39.377933], [-75.258361, 39.37655], [-75.259983, 39.376471], [-75.261731, 39.377214], [-75.262097, 39.378822], [-75.261731, 39.379989], [-75.261823, 39.382057], [-75.263495, 39.38215], [-75.264752, 39.381445], [-75.266831, 39.379746], [-75.268689, 39.379165], [-75.269849, 39.38031], [-75.269222, 39.382751], [-75.269787, 39.384887], [-75.27083, 39.385714], [-75.27286, 39.386043], [-75.274388, 39.385732], [-75.276034, 39.38486], [-75.276558, 39.383924], [-75.276123, 39.380047], [-75.27643, 39.379168], [-75.278166, 39.378354], [-75.280238, 39.378952], [-75.281593, 39.380879], [-75.282863, 39.381652], [-75.284302, 39.381764], [-75.28648, 39.380989], [-75.287519, 39.379875], [-75.287591, 39.376998], [-75.288521, 39.375168], [-75.291364, 39.37456], [-75.293074, 39.374462], [-75.294143, 39.374923], [-75.296081, 39.37661], [-75.296462, 39.377793], [-75.296981, 39.381127], [-75.297851, 39.381997], [-75.29924, 39.382561], [-75.301001, 39.382661], [-75.304389, 39.381324], [-75.30575, 39.3815], [-75.307802, 39.384057], [-75.307319, 39.385686], [-75.307285, 39.388038], [-75.308778, 39.389282], [-75.314908, 39.389871], [-75.317628, 39.390036], [-75.31937, 39.389792], [-75.319642, 39.387991], [-75.318757, 39.385336], [-75.318941, 39.383788], [-75.32057, 39.382091], [-75.322421, 39.381423], [-75.324314, 39.381445], [-75.326022, 39.3823], [-75.327655, 39.385329], [-75.329318, 39.386702], [-75.331138, 39.38721], [-75.333176, 39.386721], [-75.334178, 39.385845], [-75.334115, 39.384778], [-75.333436, 39.383875], [-75.331624, 39.382399], [-75.33078, 39.381053], [-75.330803, 39.379864], [-75.332292, 39.378364], [-75.33425, 39.377662], [-75.336532, 39.377678], [-75.338445, 39.377936], [-75.340406, 39.378522], [-75.343184, 39.380139], [-75.346064, 39.382375], [-75.347365, 39.38294], [-75.349449, 39.382681], [-75.35239, 39.379826], [-75.354327, 39.378452], [-75.354604, 39.377835], [-75.353665, 39.376635], [-75.348856, 39.375285], [-75.347875, 39.373686], [-75.347651, 39.372668], [-75.348395, 39.369733], [-75.348949, 39.36892], [-75.35071, 39.368317], [-75.354869, 39.368475], [-75.356067, 39.368256], [-75.356518, 39.367079], [-75.356088, 39.36577], [-75.354689, 39.363242], [-75.354778, 39.36208], [-75.355484, 39.361144], [-75.357189, 39.360015], [-75.359637, 39.359422], [-75.362516, 39.35911], [-75.364165, 39.358625], [-75.365622, 39.357231], [-75.366188, 39.35577], [-75.366051, 39.354572], [-75.365364, 39.353349], [-75.3642, 39.352681], [-75.36262, 39.352421], [-75.357753, 39.352275], [-75.35675, 39.350847], [-75.357161, 39.350093], [-75.358472, 39.349434], [-75.360742, 39.348905], [-75.363088, 39.347877], [-75.36366, 39.347077], [-75.36366, 39.344993], [-75.361609, 39.343698], [-75.359134, 39.343596], [-75.356954, 39.344143], [-75.356465, 39.343147], [-75.356662, 39.342164], [-75.358034, 39.341119], [-75.358146, 39.340246], [-75.360297, 39.339893], [-75.36174, 39.340156], [-75.364514, 39.341094], [-75.365271, 39.341781], [-75.365931, 39.344533], [-75.368183, 39.347668], [-75.367951, 39.348613], [-75.370649, 39.352061], [-75.372652, 39.352478], [-75.373438, 39.353405], [-75.374998, 39.353539], [-75.376412, 39.354457], [-75.3777, 39.35432], [-75.382221, 39.354767], [-75.383112, 39.355256], [-75.385157, 39.355691], [-75.38696, 39.356532], [-75.388339, 39.357676], [-75.389789, 39.358258], [-75.391741, 39.359847], [-75.392554, 39.36111], [-75.392914, 39.362901], [-75.393996, 39.36422], [-75.394482, 39.366736], [-75.394055, 39.369753], [-75.394607, 39.370823], [-75.394345, 39.372355], [-75.395222, 39.373223], [-75.39663, 39.37396], [-75.396856, 39.374998], [-75.398679, 39.374998], [-75.397896, 39.377157], [-75.39873, 39.379322], [-75.399834, 39.379959], [-75.400754, 39.379729], [-75.401122, 39.380762], [-75.403578, 39.380976], [-75.405333, 39.38023], [-75.406685, 39.380295], [-75.412884, 39.375113], [-75.444751, 39.355089], [-75.469436, 39.373147], [-75.471189, 39.375021], [-75.48136, 39.387555]]]}}, {"type": "Feature", "properties": {"STATE": "DE", "PUMA": "00103", "name": "Churchmans/New Castle PUMA", "in_city": null, "puma_fb_prop": 16.765792816722485, "fb_limited_prop": 21.692480747598857, "fb_median_wage": 21.48448076923077, "county": "New Castle"}, "geometry": {"type": "MultiPolygon", "coordinates": [[[[-75.694615, 39.618669], [-75.685683, 39.621876], [-75.682167, 39.623203], [-75.670646, 39.627833], [-75.677853, 39.633758], [-75.679985, 39.636899], [-75.68247, 39.639221], [-75.685576, 39.642542], [-75.69126, 39.650056], [-75.691098, 39.650361], [-75.686058, 39.65234], [-75.68005, 39.65459], [-75.669462, 39.659402], [-75.666473, 39.66114], [-75.659979, 39.665324], [-75.662785, 39.666523], [-75.665952, 39.667467], [-75.667362, 39.667504], [-75.668349, 39.668168], [-75.671486, 39.669149], [-75.672907, 39.66978], [-75.674057, 39.670736], [-75.675788, 39.672815], [-75.676984, 39.673827], [-75.679281, 39.675169], [-75.68018, 39.675438], [-75.679584, 39.677004], [-75.679996, 39.678295], [-75.680061, 39.681131], [-75.681377, 39.684918], [-75.682639, 39.686505], [-75.687062, 39.690219], [-75.690413, 39.692828], [-75.694274, 39.695287], [-75.697242, 39.698837], [-75.699365, 39.700283], [-75.699691, 39.700921], [-75.696235, 39.70203], [-75.695616, 39.703548], [-75.695605, 39.704738], [-75.694791, 39.709057], [-75.69393, 39.710803], [-75.695021, 39.713488], [-75.695615, 39.713547], [-75.696611, 39.715336], [-75.697739, 39.717957], [-75.699059, 39.719582], [-75.699127, 39.721848], [-75.696869, 39.72274], [-75.692782, 39.726562], [-75.689169, 39.732203], [-75.685917, 39.734893], [-75.683758, 39.735956], [-75.681909, 39.734134], [-75.679626, 39.733265], [-75.676992, 39.733235], [-75.674697, 39.733583], [-75.672382, 39.733432], [-75.668323, 39.732036], [-75.666786, 39.730783], [-75.66356, 39.731911], [-75.659722, 39.732868], [-75.644965, 39.740603], [-75.643984, 39.740994], [-75.637759, 39.740308], [-75.634506, 39.738907], [-75.63518, 39.737577], [-75.634534, 39.736344], [-75.634453, 39.73517], [-75.633651, 39.734498], [-75.634702, 39.732341], [-75.635909, 39.73171], [-75.635709, 39.731064], [-75.636695, 39.729815], [-75.636766, 39.72658], [-75.634113, 39.724601], [-75.631978, 39.724973], [-75.625342, 39.723052], [-75.621104, 39.722362], [-75.615954, 39.721843], [-75.615319, 39.722801], [-75.614367, 39.72117], [-75.610823, 39.717532], [-75.609546, 39.716567], [-75.6087, 39.715235], [-75.608153, 39.712275], [-75.609158, 39.711968], [-75.608241, 39.710692], [-75.607422, 39.707278], [-75.603543, 39.699114], [-75.60305, 39.698234], [-75.598114, 39.691755], [-75.594067, 39.685432], [-75.590505, 39.680486], [-75.582734, 39.689063], [-75.576713, 39.695869], [-75.57158, 39.696705], [-75.561093, 39.696253], [-75.560815, 39.696029], [-75.556113, 39.695879], [-75.541266, 39.695075], [-75.538032, 39.694692], [-75.535096, 39.693939], [-75.525936, 39.69086], [-75.551599, 39.662088], [-75.55642, 39.654861], [-75.575453, 39.649783], [-75.580559, 39.649533], [-75.602446, 39.625369], [-75.608659, 39.619998], [-75.609419, 39.616287], [-75.607518, 39.612576], [-75.607264, 39.609646], [-75.607705, 39.60664], [-75.614117, 39.606892], [-75.617337, 39.6075], [-75.620448, 39.607717], [-75.621582, 39.607536], [-75.624212, 39.605727], [-75.627069, 39.604722], [-75.630318, 39.605293], [-75.632072, 39.605122], [-75.635086, 39.605324], [-75.637695, 39.606358], [-75.640701, 39.607098], [-75.641907, 39.607006], [-75.642479, 39.605938], [-75.644463, 39.604942], [-75.646309, 39.605785], [-75.648959, 39.605611], [-75.65145, 39.605945], [-75.652708, 39.605865], [-75.656812, 39.60619], [-75.658054, 39.605828], [-75.659822, 39.606427], [-75.660688, 39.607383], [-75.661902, 39.60762], [-75.663905, 39.606455], [-75.664488, 39.605676], [-75.667513, 39.604298], [-75.668043, 39.604452], [-75.669183, 39.603044], [-75.678523, 39.592299], [-75.682661, 39.594369], [-75.691216, 39.599754], [-75.690581, 39.600235], [-75.690095, 39.602913], [-75.691771, 39.609911], [-75.693039, 39.616857], [-75.694615, 39.618669]]], [[[-75.557327, 39.632591], [-75.558773, 39.629987], [-75.559176, 39.626749], [-75.559566, 39.625418], [-75.559455, 39.622314], [-75.558908, 39.618483], [-75.557898, 39.61751], [-75.557203, 39.613081], [-75.556641, 39.610934], [-75.557432, 39.609534], [-75.556974, 39.607576], [-75.555639, 39.605817], [-75.561806, 39.605328], [-75.565945, 39.610726], [-75.567706, 39.613901], [-75.571222, 39.620997], [-75.571293, 39.62583], [-75.570952, 39.626676], [-75.566527, 39.628631], [-75.564077, 39.629214], [-75.562812, 39.629884], [-75.560312, 39.630032], [-75.558536, 39.631229], [-75.557327, 39.632591]]]]}}, {"type": "Feature", "properties": {"STATE": "DE", "PUMA": "00102", "name": "Greater Wilmington PUMA", "in_city": null, "puma_fb_prop": 11.887544862421906, "fb_limited_prop": 32.941965783294194, "fb_median_wage": 19.949875, "county": "New Castle"}, "geometry": {"type": "Polygon", "coordinates": [[[-75.634506, 39.738907], [-75.632622, 39.739776], [-75.631803, 39.740574], [-75.631674, 39.741912], [-75.63218, 39.742158], [-75.633999, 39.744204], [-75.635614, 39.744757], [-75.636307, 39.745699], [-75.637494, 39.746441], [-75.636143, 39.748305], [-75.633168, 39.749996], [-75.632501, 39.75072], [-75.632769, 39.752508], [-75.6346, 39.75441], [-75.634668, 39.754957], [-75.63257, 39.758304], [-75.633601, 39.759183], [-75.636051, 39.762368], [-75.635748, 39.762757], [-75.631388, 39.762761], [-75.620897, 39.761388], [-75.613446, 39.76095], [-75.610796, 39.760618], [-75.603312, 39.758383], [-75.598462, 39.756321], [-75.588694, 39.752507], [-75.588438, 39.752674], [-75.587482, 39.758109], [-75.578566, 39.754466], [-75.575075, 39.759614], [-75.578738, 39.761696], [-75.580198, 39.762839], [-75.576116, 39.769004], [-75.574297, 39.769097], [-75.57081, 39.770962], [-75.569584, 39.770968], [-75.56777, 39.770436], [-75.565191, 39.769232], [-75.56373, 39.768969], [-75.559524, 39.768719], [-75.55835, 39.767822], [-75.556645, 39.765622], [-75.55732, 39.7631], [-75.557149, 39.76146], [-75.552327, 39.76188], [-75.542753, 39.764613], [-75.540342, 39.76553], [-75.537409, 39.766887], [-75.536619, 39.766409], [-75.535302, 39.767388], [-75.533998, 39.765659], [-75.531291, 39.766893], [-75.532787, 39.769394], [-75.532297, 39.770224], [-75.529526, 39.771915], [-75.525944, 39.773007], [-75.524275, 39.7702], [-75.52235, 39.768948], [-75.518396, 39.767629], [-75.518969, 39.765335], [-75.520631, 39.765788], [-75.518431, 39.762412], [-75.509517, 39.766534], [-75.505699, 39.764382], [-75.493266, 39.757099], [-75.495131, 39.756253], [-75.498206, 39.755246], [-75.495492, 39.755244], [-75.497488, 39.753973], [-75.497582, 39.753405], [-75.493658, 39.752587], [-75.491556, 39.755167], [-75.489888, 39.755585], [-75.486873, 39.753813], [-75.49519, 39.744054], [-75.503138, 39.724588], [-75.504916, 39.721463], [-75.508185, 39.714354], [-75.515699, 39.701151], [-75.521385, 39.696751], [-75.525936, 39.69086], [-75.535096, 39.693939], [-75.538032, 39.694692], [-75.541266, 39.695075], [-75.556113, 39.695879], [-75.560815, 39.696029], [-75.561093, 39.696253], [-75.57158, 39.696705], [-75.576713, 39.695869], [-75.582734, 39.689063], [-75.590505, 39.680486], [-75.594067, 39.685432], [-75.598114, 39.691755], [-75.60305, 39.698234], [-75.603543, 39.699114], [-75.607422, 39.707278], [-75.608241, 39.710692], [-75.609158, 39.711968], [-75.608153, 39.712275], [-75.6087, 39.715235], [-75.609546, 39.716567], [-75.610823, 39.717532], [-75.614367, 39.72117], [-75.615319, 39.722801], [-75.615954, 39.721843], [-75.621104, 39.722362], [-75.625342, 39.723052], [-75.631978, 39.724973], [-75.634113, 39.724601], [-75.636766, 39.72658], [-75.636695, 39.729815], [-75.635709, 39.731064], [-75.635909, 39.73171], [-75.634702, 39.732341], [-75.633651, 39.734498], [-75.634453, 39.73517], [-75.634534, 39.736344], [-75.63518, 39.737577], [-75.634506, 39.738907]]]}}, {"type": "Feature", "properties": {"STATE": "DE", "PUMA": "00104", "name": "Greater Newark PUMA", "in_city": null, "puma_fb_prop": 16.621069182389935, "fb_limited_prop": 19.048996913580247, "fb_median_wage": 26.1842109375, "county": "New Castle"}, "geometry": {"type": "Polygon", "coordinates": [[[-75.785111, 39.606208], [-75.788521, 39.648133], [-75.788871, 39.653639], [-75.789023, 39.65979], [-75.788922, 39.664569], [-75.788601, 39.670396], [-75.788584, 39.692865], [-75.788596, 39.722199], [-75.773786, 39.7222], [-75.770324, 39.729897], [-75.768603, 39.733325], [-75.766009, 39.738114], [-75.763433, 39.737564], [-75.761359, 39.736686], [-75.759657, 39.734418], [-75.759728, 39.73281], [-75.757196, 39.732762], [-75.75537, 39.729012], [-75.753253, 39.729865], [-75.750067, 39.73072], [-75.749165, 39.731437], [-75.743167, 39.733399], [-75.741365, 39.733448], [-75.738665, 39.732668], [-75.735391, 39.732866], [-75.730315, 39.736889], [-75.72674, 39.740411], [-75.72475, 39.739365], [-75.723726, 39.742018], [-75.72248, 39.743441], [-75.71821, 39.745398], [-75.716421, 39.74302], [-75.71618, 39.74163], [-75.714157, 39.740739], [-75.711583, 39.740308], [-75.710272, 39.738647], [-75.709234, 39.736709], [-75.708536, 39.734645], [-75.707178, 39.733278], [-75.702466, 39.729243], [-75.701935, 39.728394], [-75.701478, 39.724983], [-75.700951, 39.723682], [-75.699562, 39.722847], [-75.699127, 39.721848], [-75.699059, 39.719582], [-75.697739, 39.717957], [-75.696611, 39.715336], [-75.695615, 39.713547], [-75.695021, 39.713488], [-75.69393, 39.710803], [-75.694791, 39.709057], [-75.695605, 39.704738], [-75.695616, 39.703548], [-75.696235, 39.70203], [-75.699691, 39.700921], [-75.699365, 39.700283], [-75.697242, 39.698837], [-75.694274, 39.695287], [-75.690413, 39.692828], [-75.687062, 39.690219], [-75.682639, 39.686505], [-75.681377, 39.684918], [-75.680061, 39.681131], [-75.679996, 39.678295], [-75.679584, 39.677004], [-75.68018, 39.675438], [-75.679281, 39.675169], [-75.676984, 39.673827], [-75.675788, 39.672815], [-75.674057, 39.670736], [-75.672907, 39.66978], [-75.671486, 39.669149], [-75.668349, 39.668168], [-75.667362, 39.667504], [-75.665952, 39.667467], [-75.662785, 39.666523], [-75.659979, 39.665324], [-75.666473, 39.66114], [-75.669462, 39.659402], [-75.68005, 39.65459], [-75.686058, 39.65234], [-75.691098, 39.650361], [-75.69126, 39.650056], [-75.685576, 39.642542], [-75.68247, 39.639221], [-75.679985, 39.636899], [-75.677853, 39.633758], [-75.670646, 39.627833], [-75.682167, 39.623203], [-75.685683, 39.621876], [-75.694615, 39.618669], [-75.695764, 39.618344], [-75.698847, 39.616323], [-75.704047, 39.6118], [-75.707423, 39.609846], [-75.709853, 39.608936], [-75.71199, 39.608372], [-75.721691, 39.607551], [-75.735751, 39.6063], [-75.74013, 39.60585], [-75.745204, 39.604844], [-75.758557, 39.603247], [-75.760807, 39.603241], [-75.769267, 39.604794], [-75.774959, 39.60525], [-75.783193, 39.606461], [-75.785111, 39.606208]]]}}, {"type": "Feature", "properties": {"STATE": "DE", "PUMA": "00101", "name": "Brandywine/Piedmont PUMA", "in_city": null, "puma_fb_prop": 11.720530350113942, "fb_limited_prop": 8.05241348415276, "fb_median_wage": 42.96896153846154, "county": "New Castle"}, "geometry": {"type": "Polygon", "coordinates": [[[-75.420056, 39.804774], [-75.429357, 39.79803], [-75.440785, 39.795704], [-75.45388, 39.789296], [-75.468868, 39.779448], [-75.476592, 39.769413], [-75.480656, 39.760819], [-75.484721, 39.755936], [-75.486873, 39.753813], [-75.489888, 39.755585], [-75.491556, 39.755167], [-75.493658, 39.752587], [-75.497582, 39.753405], [-75.497488, 39.753973], [-75.495492, 39.755244], [-75.498206, 39.755246], [-75.495131, 39.756253], [-75.493266, 39.757099], [-75.505699, 39.764382], [-75.509517, 39.766534], [-75.518431, 39.762412], [-75.520631, 39.765788], [-75.518969, 39.765335], [-75.518396, 39.767629], [-75.52235, 39.768948], [-75.524275, 39.7702], [-75.525944, 39.773007], [-75.529526, 39.771915], [-75.532297, 39.770224], [-75.532787, 39.769394], [-75.531291, 39.766893], [-75.533998, 39.765659], [-75.535302, 39.767388], [-75.536619, 39.766409], [-75.537409, 39.766887], [-75.540342, 39.76553], [-75.542753, 39.764613], [-75.552327, 39.76188], [-75.557149, 39.76146], [-75.55732, 39.7631], [-75.556645, 39.765622], [-75.55835, 39.767822], [-75.559524, 39.768719], [-75.56373, 39.768969], [-75.565191, 39.769232], [-75.56777, 39.770436], [-75.569584, 39.770968], [-75.57081, 39.770962], [-75.574297, 39.769097], [-75.576116, 39.769004], [-75.580198, 39.762839], [-75.578738, 39.761696], [-75.575075, 39.759614], [-75.578566, 39.754466], [-75.587482, 39.758109], [-75.588438, 39.752674], [-75.588694, 39.752507], [-75.598462, 39.756321], [-75.603312, 39.758383], [-75.610796, 39.760618], [-75.613446, 39.76095], [-75.620897, 39.761388], [-75.631388, 39.762761], [-75.635748, 39.762757], [-75.636051, 39.762368], [-75.633601, 39.759183], [-75.63257, 39.758304], [-75.634668, 39.754957], [-75.6346, 39.75441], [-75.632769, 39.752508], [-75.632501, 39.75072], [-75.633168, 39.749996], [-75.636143, 39.748305], [-75.637494, 39.746441], [-75.636307, 39.745699], [-75.635614, 39.744757], [-75.633999, 39.744204], [-75.63218, 39.742158], [-75.631674, 39.741912], [-75.631803, 39.740574], [-75.632622, 39.739776], [-75.634506, 39.738907], [-75.637759, 39.740308], [-75.643984, 39.740994], [-75.644965, 39.740603], [-75.659722, 39.732868], [-75.66356, 39.731911], [-75.666786, 39.730783], [-75.668323, 39.732036], [-75.672382, 39.733432], [-75.674697, 39.733583], [-75.676992, 39.733235], [-75.679626, 39.733265], [-75.681909, 39.734134], [-75.683758, 39.735956], [-75.685917, 39.734893], [-75.689169, 39.732203], [-75.692782, 39.726562], [-75.696869, 39.72274], [-75.699127, 39.721848], [-75.699562, 39.722847], [-75.700951, 39.723682], [-75.701478, 39.724983], [-75.701935, 39.728394], [-75.702466, 39.729243], [-75.707178, 39.733278], [-75.708536, 39.734645], [-75.709234, 39.736709], [-75.710272, 39.738647], [-75.711583, 39.740308], [-75.714157, 39.740739], [-75.71618, 39.74163], [-75.716421, 39.74302], [-75.71821, 39.745398], [-75.72248, 39.743441], [-75.723726, 39.742018], [-75.72475, 39.739365], [-75.72674, 39.740411], [-75.730315, 39.736889], [-75.735391, 39.732866], [-75.738665, 39.732668], [-75.741365, 39.733448], [-75.743167, 39.733399], [-75.749165, 39.731437], [-75.750067, 39.73072], [-75.753253, 39.729865], [-75.75537, 39.729012], [-75.757196, 39.732762], [-75.759728, 39.73281], [-75.759657, 39.734418], [-75.761359, 39.736686], [-75.763433, 39.737564], [-75.766009, 39.738114], [-75.764388, 39.74091], [-75.760353, 39.747406], [-75.756659, 39.752675], [-75.754056, 39.756178], [-75.749893, 39.761409], [-75.746707, 39.765141], [-75.742029, 39.770256], [-75.736951, 39.775384], [-75.732996, 39.779107], [-75.727175, 39.78422], [-75.722894, 39.787726], [-75.719502, 39.790365], [-75.714348, 39.794159], [-75.708716, 39.798035], [-75.703732, 39.80125], [-75.700089, 39.803478], [-75.694432, 39.806751], [-75.68974, 39.809301], [-75.684878, 39.811797], [-75.680468, 39.813939], [-75.674449, 39.816681], [-75.6666, 39.819963], [-75.660595, 39.822265], [-75.652932, 39.824949], [-75.647448, 39.826703], [-75.642344, 39.828217], [-75.634561, 39.830323], [-75.624347, 39.832695], [-75.617948, 39.834], [-75.610364, 39.83536], [-75.602495, 39.836563], [-75.59488, 39.837525], [-75.593099, 39.837723], [-75.588324, 39.838203], [-75.579926, 39.838862], [-75.575376, 39.839123], [-75.56809, 39.839405], [-75.557403, 39.839507], [-75.550206, 39.839369], [-75.544646, 39.83915], [-75.534977, 39.838531], [-75.528263, 39.837919], [-75.520306, 39.837005], [-75.515564, 39.836361], [-75.50823, 39.835215], [-75.498345, 39.83338], [-75.491949, 39.832007], [-75.486563, 39.830736], [-75.481039, 39.829319], [-75.47266, 39.826802], [-75.472445, 39.826884], [-75.468187, 39.825571], [-75.461293, 39.823286], [-75.454916, 39.820993], [-75.450751, 39.819402], [-75.444468, 39.816848], [-75.440507, 39.815142], [-75.43467, 39.812488], [-75.429641, 39.81006], [-75.423104, 39.806709], [-75.420056, 39.804774]]]}}, {"type": "Feature", "properties": {"STATE": "DE", "PUMA": "00105", "name": "South Glasgow/Middletown PUMA", "in_city": null, "puma_fb_prop": 9.510845309292154, "fb_limited_prop": 9.322696699515092, "fb_median_wage": 42.96896153846154, "county": "New Castle"}, "geometry": {"type": "Polygon", "coordinates": [[[-75.525936, 39.69086], [-75.521385, 39.696751], [-75.515699, 39.701151], [-75.508185, 39.714354], [-75.504916, 39.721463], [-75.503138, 39.724588], [-75.49519, 39.744054], [-75.486873, 39.753813], [-75.484721, 39.755936], [-75.480656, 39.760819], [-75.476592, 39.769413], [-75.468868, 39.779448], [-75.45388, 39.789296], [-75.440785, 39.795704], [-75.429357, 39.79803], [-75.420056, 39.804774], [-75.415062, 39.801919], [-75.405489, 39.796368], [-75.42677, 39.788402], [-75.436172, 39.785009], [-75.4383, 39.784402], [-75.445235, 39.779453], [-75.450293, 39.775279], [-75.449295, 39.774436], [-75.452339, 39.769013], [-75.45944, 39.765811], [-75.462198, 39.763197], [-75.463921, 39.760763], [-75.46355, 39.757014], [-75.467513, 39.747657], [-75.467904, 39.746135], [-75.469396, 39.742861], [-75.470532, 39.741777], [-75.47096, 39.740312], [-75.472831, 39.738487], [-75.475557, 39.733532], [-75.475064, 39.72954], [-75.477169, 39.72497], [-75.476302, 39.723946], [-75.476619, 39.721437], [-75.47625, 39.719455], [-75.476519, 39.716101], [-75.47853, 39.714074], [-75.479728, 39.713665], [-75.481883, 39.713686], [-75.483625, 39.715288], [-75.485342, 39.715898], [-75.486126, 39.715822], [-75.488384, 39.714708], [-75.491476, 39.710827], [-75.491475, 39.709724], [-75.492822, 39.707802], [-75.493892, 39.706879], [-75.493797, 39.706146], [-75.494915, 39.704134], [-75.495621, 39.701779], [-75.496312, 39.700956], [-75.499287, 39.699449], [-75.501127, 39.699408], [-75.506536, 39.697263], [-75.509291, 39.694195], [-75.509874, 39.693915], [-75.509163, 39.69208], [-75.509557, 39.686618], [-75.509089, 39.686208], [-75.509252, 39.684864], [-75.510508, 39.680381], [-75.510056, 39.679725], [-75.510993, 39.675351], [-75.51219, 39.671767], [-75.513297, 39.670581], [-75.514196, 39.668395], [-75.516008, 39.665758], [-75.517972, 39.663757], [-75.521838, 39.660988], [-75.524464, 39.657549], [-75.525573, 39.656599], [-75.526699, 39.654403], [-75.527829, 39.653064], [-75.530964, 39.650273], [-75.531344, 39.64946], [-75.533524, 39.647557], [-75.535083, 39.646814], [-75.536715, 39.646623], [-75.539111, 39.645854], [-75.541978, 39.645425], [-75.542331, 39.644659], [-75.544418, 39.642192], [-75.547077, 39.639686], [-75.548534, 39.63777], [-75.551203, 39.636622], [-75.554266, 39.635566], [-75.557327, 39.632591], [-75.558536, 39.631229], [-75.560312, 39.630032], [-75.562812, 39.629884], [-75.564077, 39.629214], [-75.566527, 39.628631], [-75.570952, 39.626676], [-75.571293, 39.62583], [-75.571222, 39.620997], [-75.567706, 39.613901], [-75.565945, 39.610726], [-75.561806, 39.605328], [-75.555639, 39.605817], [-75.555283, 39.604885], [-75.554031, 39.603818], [-75.553392, 39.602665], [-75.553398, 39.601766], [-75.550318, 39.600766], [-75.549261, 39.599737], [-75.548144, 39.599325], [-75.546142, 39.597371], [-75.543499, 39.595797], [-75.542146, 39.594519], [-75.540118, 39.594344], [-75.537375, 39.593532], [-75.536941, 39.591872], [-75.534462, 39.590409], [-75.533641, 39.58927], [-75.531279, 39.588697], [-75.530493, 39.5868], [-75.529309, 39.58608], [-75.527693, 39.584112], [-75.524611, 39.584137], [-75.521595, 39.583349], [-75.519575, 39.583307], [-75.518065, 39.58284], [-75.515685, 39.580905], [-75.514658, 39.580788], [-75.514189, 39.579348], [-75.51277, 39.57829], [-75.51196, 39.56729], [-75.514662, 39.562659], [-75.515007, 39.562612], [-75.518144, 39.556684], [-75.521364, 39.552914], [-75.524736, 39.549659], [-75.527028, 39.547655], [-75.530193, 39.545262], [-75.533412, 39.542044], [-75.533975, 39.540218], [-75.531968, 39.537165], [-75.527799, 39.535364], [-75.52733, 39.534189], [-75.527496, 39.532715], [-75.526919, 39.531891], [-75.526671, 39.530215], [-75.526921, 39.528612], [-75.526654, 39.526638], [-75.527121, 39.525093], [-75.527079, 39.523707], [-75.527926, 39.521634], [-75.528264, 39.518082], [-75.527394, 39.517443], [-75.527522, 39.515614], [-75.528971, 39.513663], [-75.529741, 39.51204], [-75.530022, 39.510414], [-75.530051, 39.504817], [-75.5294, 39.502842], [-75.529368, 39.501229], [-75.527452, 39.500112], [-75.526823, 39.499411], [-75.527861, 39.498139], [-75.537934, 39.496982], [-75.546486, 39.496242], [-75.55909, 39.495806], [-75.563562, 39.48329], [-75.563586, 39.483048], [-75.560485, 39.456845], [-75.560538, 39.455645], [-75.555465, 39.451321], [-75.531125, 39.430197], [-75.499644, 39.403143], [-75.48764, 39.392844], [-75.48136, 39.387555], [-75.502636, 39.372535], [-75.511777, 39.36603], [-75.512938, 39.365457], [-75.515175, 39.364889], [-75.515975, 39.364363], [-75.516316, 39.361924], [-75.516897, 39.360988], [-75.519628, 39.360066], [-75.520124, 39.359226], [-75.52142, 39.358607], [-75.523254, 39.359712], [-75.525877, 39.359642], [-75.527257, 39.359243], [-75.528453, 39.358305], [-75.528673, 39.356782], [-75.527577, 39.355818], [-75.527259, 39.354675], [-75.528696, 39.35343], [-75.529538, 39.353534], [-75.531914, 39.354595], [-75.533549, 39.354047], [-75.534278, 39.353332], [-75.534484, 39.351389], [-75.535849, 39.350617], [-75.538156, 39.351336], [-75.53899, 39.351954], [-75.539471, 39.353267], [-75.540299, 39.354174], [-75.541586, 39.354366], [-75.543263, 39.353236], [-75.544056, 39.351363], [-75.545216, 39.350763], [-75.547028, 39.350943], [-75.54811, 39.351713], [-75.548131, 39.352921], [-75.549065, 39.353673], [-75.551626, 39.35394], [-75.553369, 39.35301], [-75.554683, 39.351506], [-75.553841, 39.349938], [-75.552242, 39.350157], [-75.551096, 39.349483], [-75.55104, 39.345568], [-75.551599, 39.345105], [-75.554223, 39.345404], [-75.555886, 39.346743], [-75.55619, 39.348287], [-75.557378, 39.349101], [-75.5588, 39.346549], [-75.559954, 39.345886], [-75.560519, 39.345067], [-75.559982, 39.343466], [-75.557846, 39.342764], [-75.557358, 39.341501], [-75.558334, 39.33923], [-75.556318, 39.337879], [-75.555681, 39.33653], [-75.556205, 39.335325], [-75.557598, 39.334048], [-75.558843, 39.333334], [-75.562734, 39.332104], [-75.564806, 39.331936], [-75.56731, 39.330266], [-75.569007, 39.328744], [-75.569756, 39.327618], [-75.56982, 39.326577], [-75.568716, 39.323523], [-75.56907, 39.32254], [-75.570958, 39.318845], [-75.572732, 39.315957], [-75.574429, 39.313611], [-75.581145, 39.311131], [-75.584341, 39.308718], [-75.585048, 39.308674], [-75.587325, 39.309699], [-75.587495, 39.311009], [-75.589511, 39.311679], [-75.591335, 39.311638], [-75.592148, 39.311116], [-75.592338, 39.309948], [-75.593441, 39.308546], [-75.594663, 39.308818], [-75.594963, 39.309927], [-75.596093, 39.31001], [-75.597106, 39.309554], [-75.599218, 39.309737], [-75.599571, 39.308442], [-75.600737, 39.307959], [-75.602031, 39.30811], [-75.603446, 39.309094], [-75.603149, 39.310559], [-75.603836, 39.311182], [-75.606598, 39.30809], [-75.60872, 39.308899], [-75.609759, 39.308763], [-75.611492, 39.309295], [-75.613153, 39.308349], [-75.614709, 39.308548], [-75.61606, 39.309735], [-75.619631, 39.310058], [-75.62098, 39.308893], [-75.622578, 39.308596], [-75.623264, 39.308029], [-75.623545, 39.30696], [-75.625001, 39.305727], [-75.625764, 39.304146], [-75.627531, 39.304438], [-75.630085, 39.302681], [-75.631228, 39.302707], [-75.632591, 39.301273], [-75.634285, 39.301707], [-75.635835, 39.301347], [-75.640841, 39.301454], [-75.641928, 39.300891], [-75.642566, 39.299247], [-75.64845, 39.295435], [-75.649179, 39.293151], [-75.651159, 39.291594], [-75.652947, 39.291949], [-75.654757, 39.291155], [-75.655747, 39.291578], [-75.660476, 39.291672], [-75.66295, 39.291307], [-75.664901, 39.290566], [-75.667269, 39.290417], [-75.669276, 39.291397], [-75.670938, 39.290815], [-75.673327, 39.291027], [-75.675561, 39.290653], [-75.677151, 39.291572], [-75.678042, 39.292477], [-75.680261, 39.292496], [-75.683117, 39.294578], [-75.684121, 39.296082], [-75.685188, 39.297089], [-75.688079, 39.297248], [-75.701497, 39.298263], [-75.714901, 39.299366], [-75.719652, 39.299026], [-75.739643, 39.29787], [-75.746048, 39.297531], [-75.75, 39.297474], [-75.760074, 39.296819], [-75.766594, 39.377563], [-75.769797, 39.417377], [-75.772046, 39.444996], [-75.774725, 39.478259], [-75.779382, 39.535554], [-75.785111, 39.606208], [-75.783193, 39.606461], [-75.774959, 39.60525], [-75.769267, 39.604794], [-75.760807, 39.603241], [-75.758557, 39.603247], [-75.745204, 39.604844], [-75.74013, 39.60585], [-75.735751, 39.6063], [-75.721691, 39.607551], [-75.71199, 39.608372], [-75.709853, 39.608936], [-75.707423, 39.609846], [-75.704047, 39.6118], [-75.698847, 39.616323], [-75.695764, 39.618344], [-75.694615, 39.618669], [-75.693039, 39.616857], [-75.691771, 39.609911], [-75.690095, 39.602913], [-75.690581, 39.600235], [-75.691216, 39.599754], [-75.682661, 39.594369], [-75.678523, 39.592299], [-75.669183, 39.603044], [-75.668043, 39.604452], [-75.667513, 39.604298], [-75.664488, 39.605676], [-75.663905, 39.606455], [-75.661902, 39.60762], [-75.660688, 39.607383], [-75.659822, 39.606427], [-75.658054, 39.605828], [-75.656812, 39.60619], [-75.652708, 39.605865], [-75.65145, 39.605945], [-75.648959, 39.605611], [-75.646309, 39.605785], [-75.644463, 39.604942], [-75.642479, 39.605938], [-75.641907, 39.607006], [-75.640701, 39.607098], [-75.637695, 39.606358], [-75.635086, 39.605324], [-75.632072, 39.605122], [-75.630318, 39.605293], [-75.627069, 39.604722], [-75.624212, 39.605727], [-75.621582, 39.607536], [-75.620448, 39.607717], [-75.617337, 39.6075], [-75.614117, 39.606892], [-75.607705, 39.60664], [-75.607264, 39.609646], [-75.607518, 39.612576], [-75.609419, 39.616287], [-75.608659, 39.619998], [-75.602446, 39.625369], [-75.580559, 39.649533], [-75.575453, 39.649783], [-75.55642, 39.654861], [-75.551599, 39.662088], [-75.525936, 39.69086]]]}}, {"type": "Feature", "properties": {"STATE": "MD", "PUMA": "00700", "name": "Cecil County--Elkton PUMA", "in_city": null, "puma_fb_prop": 3.520897580932604, "fb_limited_prop": 9.330985915492958, "fb_median_wage": 28.3986013986014, "county": "Cecil"}, "geometry": {"type": "Polygon", "coordinates": [[[-76.135484, 39.721147], [-76.102467, 39.721408], [-76.054612, 39.721627], [-76.025576, 39.721737], [-76.013149, 39.721827], [-76.001292, 39.721748], [-75.96215, 39.721792], [-75.924458, 39.721925], [-75.893282, 39.721985], [-75.875127, 39.72194], [-75.841731, 39.721971], [-75.82706, 39.722058], [-75.81208, 39.722182], [-75.788596, 39.722199], [-75.788584, 39.692865], [-75.788601, 39.670396], [-75.788922, 39.664569], [-75.789023, 39.65979], [-75.788871, 39.653639], [-75.788521, 39.648133], [-75.785111, 39.606208], [-75.779382, 39.535554], [-75.774725, 39.478259], [-75.772046, 39.444996], [-75.769797, 39.417377], [-75.766594, 39.377563], [-75.768365, 39.377968], [-75.770388, 39.378743], [-75.771334, 39.378664], [-75.772688, 39.379525], [-75.77414, 39.379003], [-75.776369, 39.379059], [-75.776213, 39.380026], [-75.77806, 39.38029], [-75.781095, 39.382125], [-75.782235, 39.381856], [-75.784443, 39.3825], [-75.784415, 39.380363], [-75.786036, 39.380061], [-75.788032, 39.380353], [-75.789398, 39.381128], [-75.791182, 39.379925], [-75.792994, 39.380129], [-75.794239, 39.379744], [-75.79482, 39.378009], [-75.795726, 39.37724], [-75.798847, 39.377119], [-75.80182, 39.377922], [-75.803794, 39.376972], [-75.804686, 39.375434], [-75.806498, 39.375467], [-75.806165, 39.376799], [-75.807898, 39.37796], [-75.8092, 39.378101], [-75.809452, 39.379749], [-75.812984, 39.380026], [-75.816313, 39.380654], [-75.818829, 39.382299], [-75.823658, 39.381413], [-75.825426, 39.379846], [-75.827991, 39.377921], [-75.829513, 39.376499], [-75.830023, 39.375086], [-75.831173, 39.374173], [-75.834014, 39.373757], [-75.836611, 39.372763], [-75.839605, 39.371978], [-75.842385, 39.370978], [-75.844304, 39.369571], [-75.845476, 39.367698], [-75.846901, 39.367526], [-75.848501, 39.368208], [-75.849392, 39.367627], [-75.852394, 39.366527], [-75.853652, 39.365333], [-75.85543, 39.364562], [-75.857246, 39.365055], [-75.861038, 39.36761], [-75.862518, 39.36737], [-75.863754, 39.366436], [-75.865669, 39.366542], [-75.867614, 39.367813], [-75.868377, 39.367721], [-75.872062, 39.366344], [-75.874412, 39.365791], [-75.879463, 39.365467], [-75.882141, 39.364322], [-75.883628, 39.362251], [-75.885101, 39.360843], [-75.885864, 39.360797], [-75.888542, 39.361907], [-75.892288, 39.36462], [-75.894523, 39.365638], [-75.89598, 39.365871], [-75.90036, 39.364757], [-75.903793, 39.364345], [-75.908035, 39.364501], [-75.912002, 39.365413], [-75.915008, 39.366584], [-75.922775, 39.367248], [-75.92395, 39.368011], [-75.925285, 39.36975], [-75.926589, 39.370994], [-75.92794, 39.371456], [-75.929962, 39.371681], [-75.932022, 39.371505], [-75.934112, 39.370857], [-75.937728, 39.368743], [-75.939849, 39.367786], [-75.942337, 39.367752], [-75.945365, 39.368583], [-75.94683, 39.369842], [-75.94934, 39.372509], [-75.95182, 39.373638], [-75.95697, 39.374603], [-75.964065, 39.374725], [-75.968269, 39.373973], [-75.970603, 39.372852], [-75.972793, 39.370891], [-75.974418, 39.368621], [-75.976249, 39.367458], [-75.979034, 39.366577], [-75.981109, 39.366569], [-75.982696, 39.367492], [-75.985267, 39.370807], [-75.987136, 39.372577], [-75.988998, 39.373771], [-75.993125, 39.375667], [-75.995094, 39.376106], [-76.000221, 39.376651], [-76.004104, 39.376255], [-76.006668, 39.375747], [-76.013839, 39.37527], [-76.021202, 39.375282], [-76.026863, 39.375621], [-76.032661, 39.376346], [-76.036018, 39.376892], [-76.0419, 39.378192], [-76.046714, 39.379756], [-76.050743, 39.381343], [-76.05587, 39.384105], [-76.0597, 39.386486], [-76.064582, 39.390014], [-76.068595, 39.393268], [-76.074394, 39.398944], [-76.079925, 39.405506], [-76.076906, 39.407004], [-76.071953, 39.409919], [-76.066397, 39.413352], [-76.062575, 39.415939], [-76.055249, 39.4218], [-76.05343, 39.423456], [-76.051028, 39.426214], [-76.047399, 39.430734], [-76.045463, 39.433565], [-76.042902, 39.438215], [-76.040777, 39.443068], [-76.039536, 39.446399], [-76.037824, 39.451911], [-76.036956, 39.455445], [-76.036065, 39.460781], [-76.035766, 39.465692], [-76.035927, 39.468953], [-76.036306, 39.472343], [-76.037067, 39.477281], [-76.038243, 39.48246], [-76.039234, 39.486261], [-76.040362, 39.489789], [-76.041976, 39.494228], [-76.04266, 39.495582], [-76.04413, 39.499448], [-76.044944, 39.500114], [-76.050472, 39.509814], [-76.058871, 39.519613], [-76.069871, 39.534512], [-76.076272, 39.543812], [-76.084472, 39.556511], [-76.085972, 39.559011], [-76.088012, 39.560436], [-76.090125, 39.563244], [-76.094472, 39.56781], [-76.106161, 39.58061], [-76.130972, 39.607908], [-76.135674, 39.613108], [-76.135974, 39.614108], [-76.143829, 39.617584], [-76.147474, 39.619407], [-76.161765, 39.649621], [-76.163601, 39.651297], [-76.168412, 39.656133], [-76.173913, 39.660161], [-76.183975, 39.666606], [-76.186575, 39.669506], [-76.193076, 39.672705], [-76.195476, 39.675105], [-76.212676, 39.686405], [-76.224277, 39.702904], [-76.229282, 39.709127], [-76.233279, 39.721367], [-76.224175, 39.721412], [-76.210176, 39.721309], [-76.200051, 39.721408], [-76.184712, 39.721307], [-76.177782, 39.721393], [-76.1611, 39.721481], [-76.154447, 39.721449], [-76.143742, 39.721522], [-76.135484, 39.721147]]]}}]}